CustomerID,Country,Frequency,Monetary,TotalUnits,DistinctProducts,Recency,CustomerTenure,AvgOrderValue,AvgBasketSize,PurchaseVelocity,Is_UK,Is_Churned,Churn_Probability,Predicted_Churn,Risk_Level
12346,United Kingdom,1,77183.6,74215,1,326,326,77183.6,74215.0,0.0031,1,1,0.9367,1,High Risk
12347,Iceland,7,4310.0,2458,103,3,368,615.71,351.14,0.019,0,0,0.0727,0,Low Risk
12348,Finland,4,1797.24,2341,22,76,359,449.31,585.25,0.0111,0,0,0.4532,0,Medium Risk
12349,Italy,1,1757.55,631,73,19,19,1757.55,631.0,0.05,0,0,0.0142,0,Low Risk
12350,Norway,1,334.4,197,17,311,311,334.4,197.0,0.0032,0,1,0.9968,1,High Risk
12352,Norway,8,2506.04,536,59,37,297,313.26,67.0,0.0268,0,0,0.1328,0,Low Risk
12353,Bahrain,1,89.0,20,4,205,205,89.0,20.0,0.0049,0,1,0.9982,1,High Risk
12354,Spain,1,1079.4,530,58,233,233,1079.4,530.0,0.0043,0,1,0.9721,1,High Risk
12355,Bahrain,1,459.4,240,13,215,215,459.4,240.0,0.0046,0,1,0.991,1,High Risk
12356,Portugal,3,2811.43,1591,53,23,326,937.14,530.33,0.0092,0,0,0.5764,1,Medium Risk
12357,Switzerland,1,6207.67,2708,131,34,34,6207.67,2708.0,0.0286,0,0,0.0357,0,Low Risk
12358,Austria,2,1168.06,248,13,2,151,584.03,124.0,0.0132,0,0,0.4221,0,Medium Risk
12359,Cyprus,4,6372.58,1622,214,58,332,1593.14,405.5,0.012,0,0,0.2479,0,Low Risk
12360,Austria,3,2662.06,1165,105,53,201,887.35,388.33,0.0149,0,0,0.2149,0,Low Risk
12361,Belgium,1,189.9,91,10,288,288,189.9,91.0,0.0035,0,1,0.9925,1,High Risk
12362,Belgium,10,5226.23,2229,201,4,296,522.62,222.9,0.0337,0,0,0.0266,0,Low Risk
12363,Unspecified,2,552.0,408,23,110,243,276.0,204.0,0.0082,0,1,0.6854,1,Medium Risk
12364,Belgium,4,1313.1,1506,70,8,113,328.28,376.5,0.0351,0,0,0.0635,0,Low Risk
12365,Cyprus,2,641.38,174,22,292,292,320.69,87.0,0.0068,0,1,0.7142,1,High Risk
12367,Denmark,1,168.9,173,11,5,5,168.9,173.0,0.1667,0,0,0.0009,0,Low Risk
12370,Cyprus,4,3545.69,2353,143,52,361,886.42,588.25,0.011,0,0,0.3599,0,Medium Risk
12371,Switzerland,2,1887.96,591,63,45,60,943.98,295.5,0.0328,0,0,0.0066,0,Low Risk
12372,Denmark,3,1298.04,794,34,72,297,432.68,264.67,0.0101,0,0,0.6115,1,Medium Risk
12373,Austria,1,364.6,197,14,312,312,364.6,197.0,0.0032,0,1,0.9965,1,High Risk
12374,Austria,1,742.93,342,33,26,26,742.93,342.0,0.037,0,0,0.0026,0,Low Risk
12375,Finland,2,457.5,178,14,11,99,228.75,89.0,0.02,0,0,0.1337,0,Low Risk
12377,Switzerland,2,1628.12,944,72,316,355,814.06,472.0,0.0056,0,1,0.7414,1,High Risk
12378,Switzerland,1,4008.62,2529,219,130,130,4008.62,2529.0,0.0076,0,1,0.8928,1,High Risk
12379,Belgium,2,852.24,407,39,82,171,426.12,203.5,0.0116,0,0,0.498,0,Medium Risk
12380,Belgium,4,2724.81,1127,77,22,186,681.2,281.75,0.0214,0,0,0.1005,0,Low Risk
12381,Norway,5,1845.31,808,70,5,120,369.06,161.6,0.0413,0,0,0.0682,0,Low Risk
12383,Belgium,5,1850.56,1532,84,185,353,370.11,306.4,0.0141,0,1,0.2569,0,Low Risk
12384,Switzerland,2,585.27,126,26,29,122,292.64,63.0,0.0163,0,0,0.3364,0,Medium Risk
12386,Australia,2,401.9,354,10,338,367,200.95,177.0,0.0054,0,1,0.7641,1,High Risk
12388,Australia,6,2780.66,1462,57,16,327,463.44,243.67,0.0183,0,0,0.1733,0,Low Risk
12390,Belgium,1,549.84,353,32,80,80,549.84,353.0,0.0123,0,0,0.0034,0,Low Risk
12391,Cyprus,1,460.89,300,92,22,22,460.89,300.0,0.0435,0,0,0.0019,0,Low Risk
12393,Australia,4,1582.6,816,47,73,333,395.65,204.0,0.012,0,0,0.3441,0,Medium Risk
12394,Belgium,2,1272.48,819,26,64,218,636.24,409.5,0.0091,0,0,0.6566,1,Medium Risk
12395,Belgium,12,3018.63,2118,91,20,372,251.55,176.5,0.0322,0,0,0.0425,0,Low Risk
12397,Belgium,2,2409.9,1263,110,36,136,1204.95,631.5,0.0146,0,0,0.2297,0,Low Risk
12398,Switzerland,1,1635.66,1394,85,46,46,1635.66,1394.0,0.0213,0,0,0.022,0,Low Risk
12399,Belgium,4,1108.65,1178,47,120,262,277.16,294.5,0.0152,0,1,0.3019,0,Medium Risk
12401,Belgium,1,84.3,11,5,304,304,84.3,11.0,0.0033,0,1,0.9958,1,High Risk
12402,Belgium,1,225.6,94,11,324,324,225.6,94.0,0.0031,0,1,0.9951,1,High Risk
12403,Denmark,1,427.7,96,5,50,50,427.7,96.0,0.0196,0,0,0.0043,0,Low Risk
12405,Finland,1,1710.39,857,54,149,149,1710.39,857.0,0.0067,0,1,0.9672,1,High Risk
12406,Denmark,2,3415.3,1818,92,23,184,1707.65,909.0,0.0108,0,0,0.4826,0,Medium Risk
12407,Belgium,5,1708.12,1416,57,50,265,341.62,283.2,0.0188,0,0,0.1531,0,Low Risk
12408,Belgium,5,2888.55,1409,81,33,261,577.71,281.8,0.0191,0,0,0.126,0,Low Risk
12409,Switzerland,3,11072.67,5551,91,79,183,3690.89,1850.33,0.0163,0,0,0.1595,0,Low Risk
12410,Switzerland,2,693.33,211,26,309,309,346.66,105.5,0.0065,0,1,0.7417,1,High Risk
12412,Denmark,3,1226.88,829,43,75,170,408.96,276.33,0.0175,0,0,0.2501,0,Low Risk
12413,France,3,758.1,286,29,67,338,252.7,95.33,0.0088,0,0,0.6231,1,Medium Risk
12414,Austria,3,562.41,300,16,218,311,187.47,100.0,0.0096,0,1,0.639,1,Medium Risk
12415,Australia,21,124914.53,77374,444,25,338,5948.31,3684.48,0.0619,0,0,0.0598,0,Low Risk
12417,Belgium,9,3649.1,1552,158,4,358,405.46,172.44,0.0251,0,0,0.0809,0,Low Risk
12418,Switzerland,1,668.58,407,34,113,113,668.58,407.0,0.0088,0,1,0.9636,1,High Risk
12420,Cyprus,1,600.39,345,29,64,64,600.39,345.0,0.0154,0,0,0.0035,0,Low Risk
12421,Spain,4,807.04,484,32,16,320,201.76,121.0,0.0125,0,0,0.3711,0,Medium Risk
12422,Australia,3,803.56,370,39,96,325,267.85,123.33,0.0092,0,1,0.6047,1,Medium Risk
12423,Belgium,8,1859.31,1339,97,1,354,232.41,167.38,0.0225,0,0,0.0786,0,Low Risk
12424,Australia,2,1760.96,740,30,163,163,880.48,370.0,0.0122,0,1,0.5319,1,Medium Risk
12425,Portugal,1,777.2,496,36,79,79,777.2,496.0,0.0125,0,0,0.0106,0,Low Risk
12426,Germany,1,582.73,258,30,195,195,582.73,258.0,0.0051,0,1,0.9892,1,High Risk
12427,Germany,3,825.8,533,26,22,372,275.27,177.67,0.008,0,0,0.5673,1,Medium Risk
12428,Finland,9,7956.46,3536,258,26,284,884.05,392.89,0.0316,0,0,0.0379,0,Low Risk
12429,Denmark,4,3750.4,1557,82,10,366,937.6,389.25,0.0109,0,0,0.4244,0,Medium Risk
12430,Norway,1,256.4,117,11,44,44,256.4,117.0,0.0222,0,0,0.0067,0,Low Risk
12431,Australia,15,6487.45,2906,163,36,374,432.5,193.73,0.04,0,0,0.0319,0,Low Risk
12432,Norway,5,5059.32,1801,107,43,173,1011.86,360.2,0.0287,0,0,0.0566,0,Low Risk
12433,Norway,7,13375.87,11071,219,1,374,1910.84,1581.57,0.0187,0,0,0.1203,0,Low Risk
12434,Australia,2,806.14,394,46,85,261,403.07,197.0,0.0076,0,0,0.6142,1,Medium Risk
12435,Denmark,2,7829.89,2055,31,80,268,3914.94,1027.5,0.0074,0,0,0.6958,1,Medium Risk
12436,Norway,1,509.01,211,16,100,100,509.01,211.0,0.0099,0,1,0.9628,1,High Risk
12437,France,18,4951.41,2922,118,2,332,275.08,162.33,0.0541,0,0,0.0232,0,Low Risk
12438,Norway,2,2906.85,1180,84,15,141,1453.42,590.0,0.0141,0,0,0.2745,0,Low Risk
12441,France,1,173.55,121,11,367,367,173.55,121.0,0.0027,0,1,0.9963,1,High Risk
12442,Spain,1,172.06,182,12,4,4,172.06,182.0,0.2,0,0,0.0009,0,Low Risk
12444,Norway,5,5005.46,1153,138,22,172,1001.09,230.6,0.0289,0,0,0.0708,0,Low Risk
12445,Spain,1,133.4,62,4,23,23,133.4,62.0,0.0417,0,0,0.0093,0,Low Risk
12446,RSA,1,1002.31,351,57,58,58,1002.31,351.0,0.0169,0,0,0.0128,0,Low Risk
12447,Belgium,1,476.49,190,26,244,244,476.49,190.0,0.0041,0,1,0.9921,1,High Risk
12448,Spain,1,449.45,243,22,45,45,449.45,243.0,0.0217,0,0,0.007,0,Low Risk
12449,Belgium,4,4067.29,1553,118,23,188,1016.82,388.25,0.0212,0,0,0.086,0,Low Risk
12450,Spain,2,197.88,128,7,157,174,98.94,64.0,0.0114,0,1,0.6642,1,Medium Risk
12451,Switzerland,5,9035.52,6575,265,11,325,1807.1,1315.0,0.0153,0,0,0.1073,0,Low Risk
12452,Switzerland,2,430.57,185,21,17,17,215.28,92.5,0.1111,0,0,0.012,0,Low Risk
12453,Austria,1,707.09,473,43,135,135,707.09,473.0,0.0074,0,1,0.9571,1,High Risk
12454,Spain,1,3528.34,1006,15,57,57,3528.34,1006.0,0.0172,0,0,0.0132,0,Low Risk
12455,Cyprus,6,2466.86,2089,85,74,297,411.14,348.17,0.0201,0,0,0.0827,0,Low Risk
12456,Switzerland,3,3181.04,1633,105,45,255,1060.35,544.33,0.0117,0,0,0.3045,0,Medium Risk
12457,Switzerland,7,2363.23,843,53,67,240,337.6,120.43,0.029,0,0,0.0915,0,Low Risk
12458,Switzerland,2,947.4,506,35,72,285,473.7,253.0,0.007,0,0,0.6924,1,Medium Risk
12461,Switzerland,2,826.88,287,35,95,155,413.44,143.5,0.0128,0,1,0.4673,0,Medium Risk
12462,Spain,2,1189.59,536,51,19,304,594.79,268.0,0.0066,0,0,0.692,1,Medium Risk
12463,Belgium,4,1344.78,776,65,54,242,336.2,194.0,0.0165,0,0,0.2593,0,Low Risk
12464,Belgium,8,1212.05,112,6,11,310,151.51,14.0,0.0257,0,0,0.2698,0,Low Risk
12465,Belgium,2,742.19,479,46,18,170,371.1,239.5,0.0117,0,0,0.471,0,Medium Risk
12468,Germany,2,729.54,366,36,188,317,364.77,183.0,0.0063,0,1,0.7082,1,High Risk
12471,Germany,30,19824.05,8212,150,3,365,660.8,273.73,0.082,0,0,0.0206,0,Low Risk
12472,Germany,7,6572.11,4148,219,33,370,938.87,592.57,0.0189,0,0,0.0739,0,Low Risk
12473,Germany,5,3938.55,2439,140,30,192,787.71,487.8,0.0259,0,0,0.0526,0,Low Risk
12474,Germany,18,7375.79,4847,253,18,330,409.77,269.28,0.0544,0,0,0.0169,0,Low Risk
12475,Germany,1,723.38,535,36,54,54,723.38,535.0,0.0182,0,0,0.0101,0,Low Risk
12476,Germany,11,6816.42,2408,177,16,362,619.67,218.91,0.0303,0,0,0.0274,0,Low Risk
12477,Germany,6,13219.74,3653,191,23,302,2203.29,608.83,0.0198,0,0,0.0741,0,Low Risk
12478,Greece,1,680.99,236,36,4,4,680.99,236.0,0.2,0,0,0.0026,0,Low Risk
12479,Germany,1,527.2,385,31,12,12,527.2,385.0,0.0769,0,0,0.0021,0,Low Risk
12480,Germany,4,3281.63,1707,129,29,337,820.41,426.75,0.0118,0,0,0.2915,0,Low Risk
12481,Germany,10,5596.32,3304,150,23,366,559.63,330.4,0.0272,0,0,0.0326,0,Low Risk
12483,Sweden,8,2484.98,1110,46,18,340,310.62,138.75,0.0235,0,0,0.0841,0,Low Risk
12484,Spain,6,4541.72,2191,256,33,337,756.95,365.17,0.0178,0,0,0.1026,0,Low Risk
12488,France,3,1298.66,529,46,10,76,432.89,176.33,0.039,0,0,0.0088,0,Low Risk
12489,France,1,334.93,105,15,337,337,334.93,105.0,0.003,0,1,0.9948,1,High Risk
12490,France,10,5417.93,3064,131,6,330,541.79,306.4,0.0302,0,0,0.0314,0,Low Risk
12491,France,1,460.4,260,25,39,39,460.4,260.0,0.025,0,0,0.0063,0,Low Risk
12492,Germany,2,263.21,192,19,64,106,131.6,96.0,0.0187,0,0,0.1678,0,Low Risk
12493,France,2,433.74,207,20,166,198,216.87,103.5,0.0101,0,1,0.6879,1,Medium Risk
12494,France,7,1246.1,707,63,16,366,178.01,101.0,0.0191,0,0,0.1474,0,Low Risk
12497,Germany,1,1043.1,1236,14,82,82,1043.1,1236.0,0.012,0,0,0.0254,0,Low Risk
12498,Germany,3,403.7,159,21,22,58,134.57,53.0,0.0508,0,0,0.0196,0,Low Risk
12500,Germany,11,4257.82,2678,34,24,334,387.07,243.45,0.0328,0,0,0.0532,0,Low Risk
12501,Germany,1,2169.39,1783,149,337,337,2169.39,1783.0,0.003,0,1,0.9152,1,High Risk
12502,Spain,5,3723.87,820,102,96,310,744.77,164.0,0.0161,0,1,0.292,0,Low Risk
12504,Germany,2,482.05,90,6,19,31,241.02,45.0,0.0625,0,0,0.0145,0,Low Risk
12506,France,1,73.5,23,23,233,233,73.5,23.0,0.0043,0,1,0.9957,1,High Risk
12507,Spain,3,1304.81,894,19,135,299,434.94,298.0,0.01,0,1,0.658,1,Medium Risk
12508,France,2,398.27,272,57,27,30,199.14,136.0,0.0645,0,0,0.0079,0,Low Risk
12509,France,1,176.5,55,7,285,285,176.5,55.0,0.0035,0,1,0.9941,1,High Risk
12510,Spain,2,982.57,353,29,143,326,491.28,176.5,0.0061,0,1,0.7361,1,High Risk
12512,Israel,2,138.03,99,31,67,67,69.02,49.5,0.0294,0,0,0.0406,0,Low Risk
12513,France,1,612.29,462,35,113,113,612.29,462.0,0.0088,0,1,0.9718,1,High Risk
12514,Italy,1,1017.68,440,51,268,268,1017.68,440.0,0.0037,0,1,0.9698,1,High Risk
12515,Italy,1,383.7,131,16,354,354,383.7,131.0,0.0028,0,1,0.9939,1,High Risk
12516,Germany,2,1312.06,875,20,78,181,656.03,437.5,0.011,0,0,0.5493,1,Medium Risk
12517,Germany,5,2502.84,1371,232,29,191,500.57,274.2,0.026,0,0,0.0666,0,Low Risk
12518,Germany,5,2056.89,1318,84,1,111,411.38,263.6,0.0446,0,0,0.0543,0,Low Risk
12519,Germany,1,340.84,183,17,64,64,340.84,183.0,0.0154,0,0,0.0008,0,Low Risk
12520,Germany,5,2634.26,1439,121,80,274,526.85,287.8,0.0182,0,0,0.152,0,Low Risk
12521,Germany,1,599.68,309,38,143,143,599.68,309.0,0.0069,0,1,0.9749,1,High Risk
12522,Germany,2,192.72,194,11,40,52,96.36,97.0,0.0377,0,0,0.0063,0,Low Risk
12523,France,11,1789.77,865,84,20,332,162.71,78.64,0.033,0,0,0.0687,0,Low Risk
12524,Germany,8,4485.72,3699,113,10,334,560.72,462.38,0.0239,0,0,0.0419,0,Low Risk
12526,Germany,3,1316.66,632,64,1,95,438.89,210.67,0.0312,0,0,0.04,0,Low Risk
12527,Germany,3,348.71,234,18,82,326,116.24,78.0,0.0092,0,0,0.683,1,Medium Risk
12528,Germany,6,1933.48,756,50,10,313,322.25,126.0,0.0191,0,0,0.1623,0,Low Risk
12530,Germany,4,1662.28,913,51,60,337,415.57,228.25,0.0118,0,0,0.3796,0,Medium Risk
12531,Germany,1,125.22,45,17,15,15,125.22,45.0,0.0625,0,0,0.0054,0,Low Risk
12532,France,1,349.83,153,16,31,31,349.83,153.0,0.0312,0,0,0.0009,0,Low Risk
12534,Germany,1,1089.18,651,63,131,131,1089.18,651.0,0.0076,0,1,0.9589,1,High Risk
12535,France,2,716.35,219,28,92,187,358.18,109.5,0.0106,0,1,0.7132,1,High Risk
12536,France,3,12601.83,2803,260,44,60,4200.61,934.33,0.0492,0,0,0.0235,0,Low Risk
12538,Spain,1,363.95,191,21,30,30,363.95,191.0,0.0323,0,0,0.0009,0,Low Risk
12539,Spain,4,5568.35,2067,157,23,334,1392.09,516.75,0.0119,0,0,0.2539,0,Low Risk
12540,Spain,17,13400.24,6685,277,20,362,788.25,393.24,0.0468,0,0,0.0177,0,Low Risk
12541,Spain,3,981.18,680,46,30,281,327.06,226.67,0.0106,0,0,0.5205,1,Medium Risk
12544,Spain,1,372.7,136,19,37,37,372.7,136.0,0.0263,0,0,0.0068,0,Low Risk
12545,Spain,2,1000.39,523,42,76,260,500.2,261.5,0.0077,0,0,0.6532,1,Medium Risk
12546,Spain,2,1161.5,633,59,47,78,580.75,316.5,0.0253,0,0,0.0115,0,Low Risk
12547,Spain,2,207.8,134,7,198,281,103.9,67.0,0.0071,0,1,0.7688,1,High Risk
12548,Spain,1,95.2,49,5,167,167,95.2,49.0,0.006,0,1,0.9921,1,High Risk
12550,Spain,1,964.83,569,57,80,80,964.83,569.0,0.0123,0,0,0.0068,0,Low Risk
12551,Spain,1,168.0,100,10,358,358,168.0,100.0,0.0028,0,1,0.9963,1,High Risk
12552,Italy,2,437.82,88,20,39,40,218.91,44.0,0.0488,0,0,0.0138,0,Low Risk
12553,France,10,3692.28,1965,95,9,330,369.23,196.5,0.0302,0,0,0.061,0,Low Risk
12556,Spain,2,603.71,358,100,51,152,301.86,179.0,0.0131,0,0,0.4677,0,Medium Risk
12557,Spain,5,11990.96,4384,15,17,372,2398.19,876.8,0.0134,0,0,0.1969,0,Low Risk
12558,USA,1,269.96,196,11,8,8,269.96,196.0,0.1111,0,0,0.0009,0,Low Risk
12559,Germany,2,561.71,283,21,311,320,280.86,141.5,0.0062,0,1,0.7195,1,High Risk
12560,Germany,3,2134.01,1110,91,6,144,711.34,370.0,0.0207,0,0,0.0874,0,Low Risk
12561,Germany,1,238.85,177,16,303,303,238.85,177.0,0.0033,0,1,0.9947,1,High Risk
12562,France,7,3781.74,1779,99,9,199,540.25,254.14,0.035,0,0,0.0638,0,Low Risk
12564,France,1,456.9,133,21,262,262,456.9,133.0,0.0038,0,1,0.9886,1,High Risk
12565,Saudi Arabia,1,145.92,80,9,289,289,145.92,80.0,0.0034,0,1,0.9961,1,High Risk
12566,Germany,1,351.65,265,19,87,87,351.65,265.0,0.0114,0,0,0.0098,0,Low Risk
12567,France,10,9401.28,4305,323,23,370,940.13,430.5,0.027,0,0,0.0312,0,Low Risk
12569,Germany,32,4124.69,1801,92,3,253,128.9,56.28,0.126,0,0,0.0737,0,Low Risk
12571,France,2,519.61,523,31,40,122,259.8,261.5,0.0163,0,0,0.3276,0,Medium Risk
12572,Germany,2,1020.42,452,53,9,52,510.21,226.0,0.0377,0,0,0.0056,0,Low Risk
12573,France,1,160.54,84,26,228,228,160.54,84.0,0.0044,0,1,0.9967,1,High Risk
12574,France,1,218.45,61,11,316,316,218.45,61.0,0.0032,0,1,0.9922,1,High Risk
12576,Poland,5,1315.83,967,72,36,305,263.17,193.4,0.0163,0,0,0.2113,0,Low Risk
12577,France,3,657.8,472,137,36,360,219.27,157.33,0.0083,0,0,0.5533,1,Medium Risk
12578,Italy,2,2794.51,1196,111,22,331,1397.26,598.0,0.006,0,0,0.6103,1,Medium Risk
12579,France,1,440.42,285,29,79,79,440.42,285.0,0.0125,0,0,0.0034,0,Low Risk
12580,Germany,1,415.7,238,24,247,247,415.7,238.0,0.004,0,1,0.9912,1,High Risk
12581,Germany,1,197.71,161,15,40,40,197.71,161.0,0.0244,0,0,0.0011,0,Low Risk
12582,Finland,2,511.36,300,21,239,289,255.68,150.0,0.0069,0,1,0.7223,1,High Risk
12583,France,15,7281.38,5060,115,3,374,485.43,337.33,0.04,0,0,0.0377,0,Low Risk
12584,Italy,9,2338.15,416,44,4,281,259.79,46.22,0.0319,0,0,0.1798,0,Low Risk
12585,Germany,2,2040.1,1279,77,235,352,1020.05,639.5,0.0057,0,1,0.7145,1,High Risk
12586,Italy,1,196.94,79,11,18,18,196.94,79.0,0.0526,0,0,0.0065,0,Low Risk
12587,Finland,1,144.0,51,4,8,8,144.0,51.0,0.1111,0,0,0.007,0,Low Risk
12588,Finland,1,214.9,53,10,40,40,214.9,53.0,0.0244,0,0,0.0071,0,Low Risk
12589,France,2,646.68,306,29,29,145,323.34,153.0,0.0137,0,0,0.4833,0,Medium Risk
12590,Germany,2,9864.26,4283,68,212,212,4932.13,2141.5,0.0094,0,1,0.637,1,Medium Risk
12591,Italy,1,452.85,228,26,318,318,452.85,228.0,0.0031,0,1,0.9922,1,High Risk
12592,Germany,2,437.6,290,11,93,214,218.8,145.0,0.0093,0,1,0.7094,1,High Risk
12593,France,3,418.1,206,14,109,219,139.37,68.67,0.0136,0,1,0.5361,1,Medium Risk
12594,Italy,10,3338.22,1777,50,38,323,333.82,177.7,0.0309,0,0,0.0616,0,Low Risk
12596,Spain,2,618.27,474,25,52,243,309.14,237.0,0.0082,0,0,0.6739,1,Medium Risk
12597,Spain,4,3811.22,2236,184,20,269,952.8,559.0,0.0148,0,0,0.1435,0,Low Risk
12598,France,8,3023.08,1964,84,10,285,377.88,245.5,0.028,0,0,0.0573,0,Low Risk
12599,France,7,1032.58,956,32,30,305,147.51,136.57,0.0229,0,0,0.1105,0,Low Risk
12600,Germany,10,2599.04,774,32,29,372,259.9,77.4,0.0268,0,0,0.104,0,Low Risk
12601,Germany,5,577.06,245,21,190,333,115.41,49.0,0.015,0,1,0.5716,1,Medium Risk
12602,France,1,153.12,162,12,59,59,153.12,162.0,0.0167,0,0,0.0024,0,Low Risk
12603,Germany,1,739.2,63,2,22,22,739.2,63.0,0.0435,0,0,0.0098,0,Low Risk
12604,France,2,254.18,201,15,80,262,127.09,100.5,0.0076,0,0,0.6881,1,Medium Risk
12607,USA,1,1579.51,1228,101,61,61,1579.51,1228.0,0.0161,0,0,0.0267,0,Low Risk
12609,Germany,3,1126.85,648,57,79,319,375.62,216.0,0.0094,0,0,0.5868,1,Medium Risk
12610,Italy,5,2099.54,1049,85,23,127,419.91,209.8,0.0391,0,0,0.059,0,Low Risk
12611,Italy,1,1193.32,846,65,53,53,1193.32,846.0,0.0185,0,0,0.016,0,Low Risk
12612,Germany,1,704.04,262,19,75,75,704.04,262.0,0.0132,0,0,0.0113,0,Low Risk
12613,Germany,5,3344.38,1644,124,58,263,668.88,328.8,0.0189,0,0,0.1274,0,Low Risk
12614,Germany,1,315.6,76,20,278,278,315.6,76.0,0.0036,0,1,0.9936,1,High Risk
12615,France,4,2291.19,1376,82,3,169,572.8,344.0,0.0235,0,0,0.076,0,Low Risk
12616,France,2,713.3,284,25,96,298,356.65,142.0,0.0067,0,1,0.7049,1,High Risk
12617,France,1,355.53,213,39,30,30,355.53,213.0,0.0323,0,0,0.0017,0,Low Risk
12618,Italy,1,177.31,96,11,22,22,177.31,96.0,0.0435,0,0,0.0065,0,Low Risk
12619,Germany,9,3641.24,3378,50,17,254,404.58,375.33,0.0353,0,0,0.0645,0,Low Risk
12620,France,3,1339.41,1181,89,15,205,446.47,393.67,0.0146,0,0,0.2308,0,Low Risk
12621,Germany,20,13689.67,7440,261,2,366,684.48,372.0,0.0545,0,0,0.0171,0,Low Risk
12622,Germany,1,180.1,69,11,233,233,180.1,69.0,0.0043,0,1,0.9951,1,High Risk
12623,Germany,1,305.1,191,18,277,277,305.1,191.0,0.0036,0,1,0.997,1,High Risk
12624,France,2,641.13,355,36,107,178,320.56,177.5,0.0112,0,1,0.6107,1,Medium Risk
12625,Germany,2,2683.82,1612,73,212,320,1341.91,806.0,0.0062,0,1,0.7162,1,High Risk
12626,Germany,9,6620.48,3453,232,24,327,735.61,383.67,0.0274,0,0,0.0334,0,Low Risk
12627,Germany,7,4478.53,2752,162,11,141,639.79,393.14,0.0493,0,0,0.032,0,Low Risk
12628,Germany,3,786.46,448,34,5,65,262.15,149.33,0.0455,0,0,0.0089,0,Low Risk
12630,Finland,2,1270.88,548,60,10,44,635.44,274.0,0.0444,0,0,0.0054,0,Low Risk
12631,Finland,1,640.5,236,31,58,58,640.5,236.0,0.0169,0,0,0.0056,0,Low Risk
12633,Germany,4,2163.98,1162,73,59,288,541.0,290.5,0.0138,0,0,0.2694,0,Low Risk
12635,Germany,2,1689.18,1172,96,90,155,844.59,586.0,0.0128,0,0,0.3096,0,Medium Risk
12637,France,8,6021.9,3002,205,68,324,752.74,375.25,0.0246,0,0,0.0364,0,Low Risk
12638,Sweden,1,671.69,577,39,34,34,671.69,577.0,0.0286,0,0,0.003,0,Low Risk
12639,Sweden,1,486.1,201,22,239,239,486.1,201.0,0.0042,0,1,0.9904,1,High Risk
12640,France,3,1174.58,311,47,24,82,391.53,103.67,0.0361,0,0,0.0172,0,Low Risk
12641,Sweden,1,185.9,72,10,116,116,185.9,72.0,0.0085,0,1,0.9914,1,High Risk
12642,Germany,3,1013.26,552,39,26,108,337.75,184.0,0.0275,0,0,0.0958,0,Low Risk
12643,France,6,3344.64,1808,11,129,333,557.44,301.33,0.018,0,1,0.2435,0,Low Risk
12644,Germany,1,477.91,325,31,130,130,477.91,325.0,0.0076,0,1,0.9733,1,High Risk
12645,Germany,4,1775.18,1084,58,34,317,443.8,271.0,0.0126,0,0,0.3358,0,Medium Risk
12646,USA,2,1346.97,897,43,5,50,673.48,448.5,0.0392,0,0,0.0197,0,Low Risk
12647,Germany,12,3722.82,1431,78,23,370,310.24,119.25,0.0323,0,0,0.0674,0,Low Risk
12648,Germany,1,318.05,160,21,155,155,318.05,160.0,0.0064,0,1,0.9934,1,High Risk
12649,Germany,3,623.51,586,28,108,213,207.84,195.33,0.014,0,1,0.5076,1,Medium Risk
12650,France,1,314.44,254,20,4,4,314.44,254.0,0.2,0,0,0.0017,0,Low Risk
12651,France,1,114.0,78,9,335,335,114.0,78.0,0.003,0,1,0.9966,1,High Risk
12652,France,1,919.98,505,48,332,332,919.98,505.0,0.003,0,1,0.97,1,High Risk
12653,Israel,2,2209.85,919,37,149,297,1104.92,459.5,0.0067,0,1,0.72,1,High Risk
12654,Germany,5,601.98,264,31,11,296,120.4,52.8,0.0168,0,0,0.3691,0,Medium Risk
12656,France,5,4051.17,1723,89,18,234,810.23,344.6,0.0213,0,0,0.0824,0,Low Risk
12657,France,4,1643.18,1044,35,12,79,410.8,261.0,0.05,0,0,0.0261,0,Low Risk
12658,Germany,1,686.05,320,36,19,19,686.05,320.0,0.05,0,0,0.0026,0,Low Risk
12659,France,1,91.68,105,5,30,30,91.68,105.0,0.0323,0,0,0.006,0,Low Risk
12660,France,1,245.1,127,13,12,12,245.1,127.0,0.0769,0,0,0.0068,0,Low Risk
12662,Germany,11,3849.78,2058,129,1,374,349.98,187.09,0.0293,0,0,0.0759,0,Low Risk
12664,Finland,9,4881.88,1203,10,9,323,542.43,133.67,0.0278,0,0,0.1176,0,Low Risk
12665,Germany,1,63.0,37,3,325,325,63.0,37.0,0.0031,0,1,0.9975,1,High Risk
12667,Finland,1,620.13,395,33,59,59,620.13,395.0,0.0167,0,0,0.0073,0,Low Risk
12668,Germany,4,3807.15,1634,115,12,356,951.79,408.5,0.0112,0,0,0.3841,0,Medium Risk
12669,France,3,2744.03,1115,98,151,257,914.68,371.67,0.0116,0,1,0.4399,0,Medium Risk
12670,France,5,2996.05,1397,58,11,233,599.21,279.4,0.0214,0,0,0.1079,0,Low Risk
12672,France,1,225.9,78,10,330,330,225.9,78.0,0.003,0,1,0.9933,1,High Risk
12673,Germany,2,610.52,351,42,6,327,305.26,175.5,0.0061,0,0,0.6549,1,Medium Risk
12674,France,4,1970.6,1133,52,39,208,492.65,283.25,0.0191,0,0,0.1649,0,Low Risk
12676,Sweden,6,1331.39,670,33,25,312,221.9,111.67,0.0192,0,0,0.1837,0,Low Risk
12678,France,12,17628.46,10923,105,43,354,1469.04,910.25,0.0338,0,0,0.0404,0,Low Risk
12679,France,4,1113.02,554,43,59,284,278.26,138.5,0.014,0,0,0.3547,0,Medium Risk
12680,France,4,862.81,443,33,1,114,215.7,110.75,0.0348,0,0,0.0871,0,Low Risk
12681,France,22,13787.54,7536,267,15,368,626.71,342.55,0.0596,0,0,0.0165,0,Low Risk
12682,France,31,12288.22,5575,209,4,372,396.39,179.84,0.0831,0,0,0.017,0,Low Risk
12683,France,15,8476.57,4987,177,5,366,565.1,332.47,0.0409,0,0,0.0168,0,Low Risk
12684,France,7,2283.63,1985,61,8,214,326.23,283.57,0.0326,0,0,0.0546,0,Low Risk
12685,France,6,2863.08,1523,117,29,94,477.18,253.83,0.0632,0,0,0.0428,0,Low Risk
12686,France,1,89.14,107,7,372,372,89.14,107.0,0.0027,0,1,0.9952,1,High Risk
12688,Israel,1,4873.81,3028,171,114,114,4873.81,3028.0,0.0087,0,1,0.8683,1,High Risk
12689,France,2,1247.61,628,57,26,128,623.8,314.0,0.0155,0,0,0.2694,0,Low Risk
12690,France,1,389.01,106,16,206,206,389.01,106.0,0.0048,0,1,0.9954,1,High Risk
12691,France,6,1035.8,394,21,29,358,172.63,65.67,0.0167,0,0,0.2789,0,Low Risk
12693,Germany,4,855.91,255,35,128,320,213.98,63.75,0.0125,0,1,0.3911,0,Medium Risk
12694,France,2,869.67,509,32,71,184,434.84,254.5,0.0108,0,0,0.6296,1,Medium Risk
12695,France,4,582.1,220,23,8,211,145.52,55.0,0.0189,0,0,0.3311,0,Medium Risk
12697,Sweden,3,957.59,508,37,29,170,319.2,169.33,0.0175,0,0,0.27,0,Low Risk
12700,France,4,4939.99,2967,193,8,216,1235.0,741.75,0.0184,0,0,0.1085,0,Low Risk
12701,Germany,2,797.71,678,50,80,243,398.86,339.0,0.0082,0,0,0.6077,1,Medium Risk
12702,Germany,1,219.0,53,12,20,20,219.0,53.0,0.0476,0,0,0.0069,0,Low Risk
12703,Germany,1,283.55,164,21,72,72,283.55,164.0,0.0137,0,0,0.0007,0,Low Risk
12704,Finland,8,2340.84,1006,64,8,170,292.6,125.75,0.0468,0,0,0.0664,0,Low Risk
12705,Germany,9,6868.29,3997,228,16,358,763.14,444.11,0.0251,0,0,0.0383,0,Low Risk
12707,France,1,603.42,256,33,292,292,603.42,256.0,0.0034,0,1,0.9832,1,High Risk
12708,Germany,10,2712.91,1307,86,30,369,271.29,130.7,0.027,0,0,0.0721,0,Low Risk
12709,Germany,15,9736.52,3936,93,16,367,649.1,262.4,0.0408,0,0,0.0268,0,Low Risk
12710,Germany,3,1149.02,851,75,97,202,383.01,283.67,0.0148,0,1,0.3257,0,Medium Risk
12712,Germany,13,4396.13,1062,58,29,372,338.16,81.69,0.0349,0,0,0.0615,0,Low Risk
12713,Germany,1,848.55,508,38,1,1,848.55,508.0,0.5,0,0,0.0031,0,Low Risk
12714,France,5,4708.86,3069,216,10,295,941.77,613.8,0.0169,0,0,0.0955,0,Low Risk
12715,Sweden,1,353.86,197,20,107,107,353.86,197.0,0.0093,0,1,0.9875,1,High Risk
12716,France,2,1053.49,708,60,4,134,526.74,354.0,0.0148,0,0,0.2932,0,Low Risk
12717,Greece,2,1030.98,506,49,152,246,515.49,253.0,0.0081,0,1,0.688,1,Medium Risk
12718,France,1,238.25,203,19,72,72,238.25,203.0,0.0137,0,0,0.0007,0,Low Risk
12719,France,2,644.95,374,34,6,66,322.48,187.0,0.0299,0,0,0.0115,0,Low Risk
12720,Germany,25,5781.73,4672,211,3,370,231.27,186.88,0.0674,0,0,0.0163,0,Low Risk
12721,France,6,2656.13,1959,133,32,355,442.69,326.5,0.0169,0,0,0.1397,0,Low Risk
12722,France,4,997.63,566,50,86,151,249.41,141.5,0.0263,0,0,0.0903,0,Low Risk
12723,France,5,725.07,434,53,4,66,145.01,86.8,0.0746,0,0,0.0204,0,Low Risk
12724,France,4,1031.41,445,47,6,333,257.85,111.25,0.012,0,0,0.3479,0,Medium Risk
12725,Italy,1,427.8,164,24,372,372,427.8,164.0,0.0027,0,1,0.993,1,High Risk
12726,France,7,2609.1,3143,57,29,358,372.73,449.0,0.0195,0,0,0.1049,0,Low Risk
12727,France,7,3980.7,2098,109,11,321,568.67,299.71,0.0217,0,0,0.0521,0,Low Risk
12728,France,4,836.33,419,38,72,333,209.08,104.75,0.012,0,0,0.3623,0,Medium Risk
12729,France,1,453.01,233,26,114,114,453.01,233.0,0.0087,0,1,0.9748,1,High Risk
12731,France,12,18895.91,8437,109,24,365,1574.66,703.08,0.0328,0,0,0.0409,0,Low Risk
12732,France,1,236.26,111,12,180,180,236.26,111.0,0.0055,0,1,0.9903,1,High Risk
12733,USA,1,383.95,137,22,235,235,383.95,137.0,0.0042,0,1,0.9942,1,High Risk
12734,France,1,110.4,88,4,353,353,110.4,88.0,0.0028,0,1,0.9966,1,High Risk
12735,France,2,779.57,368,38,316,338,389.78,184.0,0.0059,0,1,0.6868,1,Medium Risk
12736,France,1,234.0,173,4,333,333,234.0,173.0,0.003,0,1,0.9962,1,High Risk
12738,Germany,1,155.35,148,11,373,373,155.35,148.0,0.0027,0,1,0.9963,1,High Risk
12739,United Arab Emirates,2,1013.04,486,38,79,100,506.52,243.0,0.0198,0,0,0.1106,0,Low Risk
12740,France,1,427.6,342,27,64,64,427.6,342.0,0.0154,0,0,0.0106,0,Low Risk
12743,Unspecified,2,546.43,319,114,135,135,273.21,159.5,0.0147,0,1,0.4405,0,Medium Risk
12744,Singapore,7,21279.29,5241,178,52,319,3039.9,748.71,0.0219,0,0,0.0648,0,Low Risk
12747,United Kingdom,11,4196.01,1275,42,3,370,381.46,115.91,0.0296,1,0,0.0785,0,Low Risk
12748,United Kingdom,209,33719.73,25747,1768,1,374,161.34,123.19,0.5573,1,0,0.0344,0,Low Risk
12749,United Kingdom,5,4090.88,1471,160,4,214,818.18,294.2,0.0233,1,0,0.0677,0,Low Risk
12750,Poland,1,275.88,137,15,129,129,275.88,137.0,0.0077,0,1,0.993,1,High Risk
12752,Norway,1,4366.78,2262,53,82,82,4366.78,2262.0,0.012,0,0,0.0383,0,Low Risk
12753,Japan,6,21429.39,11421,132,23,363,3571.56,1903.5,0.0165,0,0,0.1313,0,Low Risk
12754,Japan,3,3010.74,6481,49,236,309,1003.58,2160.33,0.0097,0,1,0.6356,1,Medium Risk
12755,Japan,2,3811.95,1491,4,281,366,1905.98,745.5,0.0054,0,1,0.7456,1,High Risk
12756,Japan,1,112.08,144,4,87,87,112.08,144.0,0.0114,0,0,0.0177,0,Low Risk
12757,Portugal,13,7857.1,2402,237,16,212,604.39,184.77,0.061,0,0,0.0293,0,Low Risk
12758,Portugal,2,2791.59,2135,84,117,277,1395.8,1067.5,0.0072,0,1,0.7026,1,High Risk
12759,Netherlands,3,1531.44,902,81,53,276,510.48,300.67,0.0108,0,0,0.5414,1,Medium Risk
12762,Portugal,2,1898.52,1227,62,8,26,949.26,613.5,0.0741,0,0,0.0183,0,Low Risk
12763,Japan,2,494.08,316,16,139,370,247.04,158.0,0.0054,0,1,0.7502,1,High Risk
12764,Lebanon,1,1693.88,386,45,317,317,1693.88,386.0,0.0031,0,1,0.9703,1,High Risk
12766,Portugal,7,6989.63,3646,205,4,367,998.52,520.86,0.019,0,0,0.0655,0,Low Risk
12769,Brazil,1,1143.6,356,32,239,239,1143.6,356.0,0.0042,0,1,0.9736,1,High Risk
12770,Japan,1,1351.45,743,12,211,211,1351.45,743.0,0.0047,0,1,0.9836,1,High Risk
12772,Portugal,1,892.47,556,55,60,60,892.47,556.0,0.0164,0,0,0.0122,0,Low Risk
12775,Netherlands,5,1386.04,877,47,18,312,277.21,175.4,0.016,0,0,0.2589,0,Low Risk
12778,Netherlands,6,822.23,825,40,20,313,137.04,137.5,0.0191,0,0,0.2132,0,Low Risk
12779,Poland,8,3981.36,2024,88,38,372,497.67,253.0,0.0214,0,0,0.0683,0,Low Risk
12781,Czech Republic,2,826.74,671,25,64,285,413.37,335.5,0.007,0,0,0.6884,1,Medium Risk
12782,Portugal,5,2330.92,1086,81,5,358,466.18,217.2,0.0139,0,0,0.2443,0,Low Risk
12783,Portugal,6,2225.91,624,76,3,76,370.98,104.0,0.0779,0,0,0.0315,0,Low Risk
12784,Portugal,2,574.42,300,54,10,16,287.21,150.0,0.1176,0,0,0.0114,0,Low Risk
12785,Portugal,1,311.95,131,14,365,365,311.95,131.0,0.0027,0,1,0.9955,1,High Risk
12787,Netherlands,3,463.66,261,17,10,193,154.55,87.0,0.0155,0,0,0.4151,0,Medium Risk
12789,Netherlands,1,91.85,4,4,66,66,91.85,4.0,0.0149,0,0,0.0121,0,Low Risk
12790,Netherlands,1,324.92,166,21,193,193,324.92,166.0,0.0052,0,1,0.9967,1,High Risk
12791,Netherlands,1,192.6,97,2,374,374,192.6,97.0,0.0027,0,1,0.9917,1,High Risk
12792,Portugal,1,400.54,217,25,257,257,400.54,217.0,0.0039,0,1,0.9942,1,High Risk
12793,Portugal,2,545.48,295,21,335,372,272.74,147.5,0.0054,0,1,0.71,1,High Risk
12794,Portugal,2,860.41,592,43,54,99,430.2,296.0,0.02,0,0,0.1078,0,Low Risk
12795,Portugal,1,430.48,68,14,19,19,430.48,68.0,0.05,0,0,0.0022,0,Low Risk
12797,Portugal,1,254.03,118,13,366,366,254.03,118.0,0.0027,0,1,0.9955,1,High Risk
12798,Japan,3,6977.04,5256,6,11,171,2325.68,1752.0,0.0174,0,0,0.2653,0,Low Risk
12802,Netherlands,1,427.58,314,25,187,187,427.58,314.0,0.0053,0,1,0.9892,1,High Risk
12808,Portugal,3,483.65,188,27,37,369,161.22,62.67,0.0081,0,0,0.6622,1,Medium Risk
12809,Portugal,1,489.31,220,25,178,178,489.31,220.0,0.0056,0,1,0.982,1,High Risk
12811,Portugal,3,514.85,230,27,261,285,171.62,76.67,0.0105,0,1,0.6948,1,Medium Risk
12812,Japan,1,229.64,164,15,45,45,229.64,164.0,0.0217,0,0,0.0011,0,Low Risk
12814,Poland,1,125.92,49,2,102,102,125.92,49.0,0.0097,0,1,0.9779,1,High Risk
12815,Poland,2,1063.46,379,38,148,199,531.73,189.5,0.01,0,1,0.697,1,Medium Risk
12816,Poland,2,572.2,128,27,96,177,286.1,64.0,0.0112,0,1,0.5864,1,Medium Risk
12817,Austria,1,166.04,53,4,282,282,166.04,53.0,0.0035,0,1,0.9945,1,High Risk
12818,Austria,1,1542.08,929,14,262,262,1542.08,929.0,0.0038,0,1,0.9785,1,High Risk
12820,United Kingdom,4,942.34,722,55,4,327,235.58,180.5,0.0122,1,0,0.3193,0,Medium Risk
12821,United Kingdom,1,92.72,70,6,215,215,92.72,70.0,0.0046,1,1,0.9968,1,High Risk
12822,United Kingdom,2,948.88,550,41,71,88,474.44,275.0,0.0225,1,0,0.006,0,Low Risk
12823,United Kingdom,5,1759.5,230,1,75,297,351.9,46.0,0.0168,1,0,0.3782,0,Medium Risk
12824,United Kingdom,1,397.12,232,25,60,60,397.12,232.0,0.0164,1,0,0.0063,0,Low Risk
12826,United Kingdom,7,1474.72,1058,58,3,366,210.67,151.14,0.0191,1,0,0.1368,0,Low Risk
12827,United Kingdom,3,430.15,197,19,6,45,143.38,65.67,0.0652,1,0,0.0148,0,Low Risk
12828,United Kingdom,6,1018.71,494,46,3,131,169.78,82.33,0.0455,1,0,0.0771,0,Low Risk
12829,United Kingdom,2,293.0,376,9,337,361,146.5,188.0,0.0055,1,1,0.7506,1,High Risk
12830,United Kingdom,6,6814.64,9848,13,38,172,1135.77,1641.33,0.0347,1,0,0.0871,0,Low Risk
12831,United Kingdom,1,215.05,135,9,263,263,215.05,135.0,0.0038,1,1,0.9909,1,High Risk
12832,United Kingdom,2,383.03,195,27,33,99,191.52,97.5,0.02,1,0,0.1241,0,Low Risk
12833,United Kingdom,1,417.38,156,24,146,146,417.38,156.0,0.0068,1,1,0.9906,1,High Risk
12834,United Kingdom,1,312.38,110,18,283,283,312.38,110.0,0.0035,1,1,0.9955,1,High Risk
12836,United Kingdom,4,2612.86,1064,148,60,312,653.22,266.0,0.0128,1,0,0.2837,0,Low Risk
12837,United Kingdom,1,134.1,24,12,174,174,134.1,24.0,0.0057,1,1,0.9941,1,High Risk
12838,United Kingdom,2,683.13,359,115,34,374,341.56,179.5,0.0053,1,0,0.6177,1,Medium Risk
12839,United Kingdom,14,5591.42,3807,95,3,368,399.39,271.93,0.0379,1,0,0.0245,0,Low Risk
12840,United Kingdom,4,2726.77,1511,67,144,227,681.69,377.75,0.0175,1,1,0.2136,0,Low Risk
12841,United Kingdom,25,4022.35,2757,229,5,372,160.89,110.28,0.067,1,0,0.0188,0,Low Risk
12842,United Kingdom,2,1118.99,547,34,71,309,559.5,273.5,0.0065,1,0,0.6948,1,Medium Risk
12843,United Kingdom,8,1702.26,781,69,66,265,212.78,97.62,0.0301,1,0,0.0787,0,Low Risk
12844,United Kingdom,2,325.96,125,47,30,131,162.98,62.5,0.0152,1,0,0.373,0,Medium Risk
12845,United Kingdom,4,354.09,204,26,268,291,88.52,51.0,0.0137,1,1,0.6555,1,Medium Risk
12847,United Kingdom,1,871.54,909,72,23,23,871.54,909.0,0.0417,1,0,0.0033,0,Low Risk
12849,United Kingdom,2,1050.89,623,47,32,269,525.45,311.5,0.0074,1,0,0.6636,1,Medium Risk
12851,United Kingdom,1,135.18,109,43,97,97,135.18,109.0,0.0102,1,1,0.9198,1,High Risk
12852,United Kingdom,1,311.55,149,17,295,295,311.55,149.0,0.0034,1,1,0.9969,1,High Risk
12853,United Kingdom,6,1957.1,800,66,135,316,326.18,133.33,0.0189,1,1,0.1899,0,Low Risk
12854,United Kingdom,3,1324.5,627,95,79,319,441.5,209.0,0.0094,1,0,0.5527,1,Medium Risk
12855,United Kingdom,1,38.1,30,3,373,373,38.1,30.0,0.0027,1,1,0.9945,1,High Risk
12856,United Kingdom,6,2179.93,1079,155,8,64,363.32,179.83,0.0923,1,0,0.0225,0,Low Risk
12857,United Kingdom,2,1106.4,343,37,211,303,553.2,171.5,0.0066,1,1,0.7071,1,High Risk
12863,United Kingdom,1,521.2,188,5,53,53,521.2,188.0,0.0185,1,0,0.0062,0,Low Risk
12864,United Kingdom,1,147.12,216,3,139,139,147.12,216.0,0.0071,1,1,0.982,1,High Risk
12865,Austria,2,1568.23,925,86,27,124,784.12,462.5,0.016,0,0,0.2279,0,Low Risk
12866,Belgium,1,559.12,171,26,284,284,559.12,171.0,0.0035,0,1,0.9907,1,High Risk
12867,United Kingdom,7,4036.82,4298,240,27,361,576.69,614.0,0.0193,1,0,0.0751,0,Low Risk
12868,United Kingdom,6,1607.06,928,72,186,374,267.84,154.67,0.016,1,1,0.3925,0,Medium Risk
12871,United Kingdom,2,380.64,200,8,85,208,190.32,100.0,0.0096,1,0,0.6146,1,Medium Risk
12872,United Kingdom,2,599.97,319,58,327,366,299.98,159.5,0.0054,1,1,0.6525,1,Medium Risk
12873,United Kingdom,1,374.0,128,4,283,283,374.0,128.0,0.0035,1,1,0.993,1,High Risk
12875,United Kingdom,2,343.23,2019,1,144,363,171.62,1009.5,0.0055,1,1,0.7641,1,High Risk
12876,Belgium,2,2218.02,1941,67,58,197,1109.01,970.5,0.0101,0,0,0.6181,1,Medium Risk
12877,United Kingdom,12,1535.77,1178,100,4,359,127.98,98.17,0.0333,1,0,0.0659,0,Low Risk
12878,United Kingdom,2,854.99,547,38,237,267,427.5,273.5,0.0075,1,1,0.6678,1,Medium Risk
12879,United Kingdom,3,573.22,370,7,45,92,191.07,123.33,0.0323,1,0,0.0317,0,Low Risk
12881,United Kingdom,1,298.0,21,7,276,276,298.0,21.0,0.0036,1,1,0.9945,1,High Risk
12882,United Kingdom,2,1463.04,246,12,10,34,731.52,123.0,0.0571,1,0,0.0072,0,Low Risk
12883,United Kingdom,4,703.47,196,39,25,90,175.87,49.0,0.044,1,0,0.0174,0,Low Risk
12884,United Kingdom,1,309.05,43,7,89,89,309.05,43.0,0.0111,1,0,0.0124,0,Low Risk
12885,United Kingdom,3,1175.22,655,66,64,124,391.74,218.33,0.024,1,0,0.0842,0,Low Risk
12886,United Kingdom,2,1378.4,770,75,68,220,689.2,385.0,0.009,1,0,0.6546,1,Medium Risk
12888,United Kingdom,2,354.12,76,4,215,256,177.06,38.0,0.0078,1,1,0.7929,1,High Risk
12890,United Kingdom,1,380.47,259,78,25,25,380.47,259.0,0.0385,1,0,0.0015,0,Low Risk
12891,United Kingdom,3,331.0,950,2,186,293,110.33,316.67,0.0102,1,1,0.6939,1,Medium Risk
12893,United Kingdom,1,188.14,96,27,31,31,188.14,96.0,0.0312,1,0,0.0085,0,Low Risk
12895,United Kingdom,2,372.8,210,22,43,87,186.4,105.0,0.0227,1,0,0.0174,0,Low Risk
12897,United Kingdom,2,216.5,110,3,205,302,108.25,55.0,0.0066,1,1,0.7336,1,High Risk
12901,United Kingdom,28,17654.54,23075,30,9,271,630.52,824.11,0.1029,1,0,0.0574,0,Low Risk
12902,United Kingdom,1,138.68,66,10,265,265,138.68,66.0,0.0038,1,1,0.9957,1,High Risk
12904,United Kingdom,2,509.58,302,59,19,173,254.79,151.0,0.0115,1,0,0.4909,0,Medium Risk
12906,United Kingdom,5,2919.81,1749,55,12,79,583.96,349.8,0.0625,1,0,0.0285,0,Low Risk
12908,United Kingdom,2,750.0,1200,1,177,313,375.0,600.0,0.0064,1,1,0.7709,1,High Risk
12909,United Kingdom,5,2178.67,1280,78,40,254,435.73,256.0,0.0196,1,0,0.1343,0,Low Risk
12910,United Kingdom,8,3075.04,1692,48,24,242,384.38,211.5,0.0329,1,0,0.0715,0,Low Risk
12912,United Kingdom,5,1662.3,670,17,3,41,332.46,134.0,0.119,1,0,0.0235,0,Low Risk
12913,United Kingdom,5,2483.63,1419,37,5,369,496.73,283.8,0.0135,1,0,0.2417,0,Low Risk
12915,United Kingdom,2,363.65,93,19,149,373,181.82,46.5,0.0053,1,1,0.8065,1,High Risk
12916,United Kingdom,4,3006.15,1119,53,139,321,751.54,279.75,0.0124,1,1,0.3277,0,Medium Risk
12917,United Kingdom,1,594.0,120,2,129,129,594.0,120.0,0.0077,1,1,0.9877,1,High Risk
12919,United Kingdom,6,1335.19,673,34,9,170,222.53,112.17,0.0351,1,0,0.0832,0,Low Risk
12920,United Kingdom,1,164.23,129,27,18,18,164.23,129.0,0.0526,1,0,0.0061,0,Low Risk
12921,United Kingdom,37,16587.09,9526,233,10,374,448.3,257.46,0.0987,1,0,0.0235,0,Low Risk
12922,United Kingdom,1,405.38,370,28,162,162,405.38,370.0,0.0061,1,1,0.9856,1,High Risk
12923,United Kingdom,1,176.97,69,28,65,65,176.97,69.0,0.0152,1,0,0.0055,0,Low Risk
12924,United Kingdom,4,933.7,481,22,89,328,233.42,120.25,0.0122,1,0,0.3803,0,Medium Risk
12925,United Kingdom,2,694.05,541,42,5,75,347.02,270.5,0.0263,1,0,0.0063,0,Low Risk
12928,United Kingdom,5,2062.7,1472,59,36,360,412.54,294.4,0.0139,1,0,0.2436,0,Low Risk
12929,United Kingdom,1,117.85,37,8,312,312,117.85,37.0,0.0032,1,1,0.997,1,High Risk
12930,United Kingdom,2,415.8,252,20,79,172,207.9,126.0,0.0116,1,0,0.5203,1,Medium Risk
12931,United Kingdom,15,42055.96,28004,28,22,358,2803.73,1866.93,0.0418,1,0,0.0625,0,Low Risk
12933,United Kingdom,3,607.53,499,102,25,284,202.51,166.33,0.0105,1,0,0.5168,1,Medium Risk
12935,United Kingdom,7,2160.7,1853,80,3,320,308.67,264.71,0.0218,1,0,0.0721,0,Low Risk
12936,United Kingdom,4,1063.9,559,56,18,79,265.98,139.75,0.05,1,0,0.014,0,Low Risk
12937,United Kingdom,4,1504.27,1007,81,16,268,376.07,251.75,0.0149,1,0,0.2629,0,Low Risk
12938,United Kingdom,1,114.14,140,9,26,26,114.14,140.0,0.037,1,0,0.0069,0,Low Risk
12939,United Kingdom,8,11581.8,4876,21,65,335,1447.72,609.5,0.0238,1,0,0.1032,0,Low Risk
12940,United Kingdom,2,913.54,411,87,55,88,456.77,205.5,0.0225,1,0,0.0082,0,Low Risk
12942,United Kingdom,3,683.9,203,68,132,366,227.97,67.67,0.0082,1,1,0.6059,1,Medium Risk
12944,United Kingdom,2,604.51,289,29,36,355,302.26,144.5,0.0056,1,0,0.6795,1,Medium Risk
12945,United Kingdom,1,462.95,165,23,289,289,462.95,165.0,0.0034,1,1,0.995,1,High Risk
12947,United Kingdom,6,1603.99,1165,83,144,374,267.33,194.17,0.016,1,1,0.3651,0,Medium Risk
12948,United Kingdom,7,2064.95,1080,82,17,265,294.99,154.29,0.0263,1,0,0.0713,0,Low Risk
12949,United Kingdom,8,4167.22,2381,166,31,253,520.9,297.62,0.0315,1,0,0.0487,0,Low Risk
12950,United Kingdom,3,1843.0,1380,13,3,25,614.33,460.0,0.1154,1,0,0.0184,0,Low Risk
12951,United Kingdom,6,1064.07,503,53,9,331,177.34,83.83,0.0181,1,0,0.2332,0,Low Risk
12952,United Kingdom,4,1387.79,653,64,6,79,346.95,163.25,0.05,1,0,0.019,0,Low Risk
12953,United Kingdom,1,329.85,84,17,10,10,329.85,84.0,0.0909,1,0,0.0065,0,Low Risk
12955,United Kingdom,11,4757.16,3664,81,2,268,432.47,333.09,0.0409,1,0,0.0371,0,Low Risk
12956,United Kingdom,1,108.07,34,19,307,307,108.07,34.0,0.0032,1,1,0.9976,1,High Risk
12957,United Kingdom,8,4017.54,2549,208,10,340,502.19,318.62,0.0235,1,0,0.0369,0,Low Risk
12962,United Kingdom,2,266.39,129,15,8,114,133.2,64.5,0.0174,1,0,0.3008,0,Medium Risk
12963,United Kingdom,8,1856.63,881,75,9,366,232.08,110.12,0.0218,1,0,0.0993,0,Low Risk
12965,United Kingdom,1,771.91,283,108,90,90,771.91,283.0,0.011,1,0,0.0626,0,Low Risk
12966,United Kingdom,1,160.18,75,10,10,10,160.18,75.0,0.0909,1,0,0.0071,0,Low Risk
12967,United Kingdom,2,1660.9,438,19,359,372,830.45,219.0,0.0054,1,1,0.7436,1,High Risk
12968,United Kingdom,1,135.95,73,5,113,113,135.95,73.0,0.0088,1,1,0.9925,1,High Risk
12970,United Kingdom,4,452.24,310,116,8,323,113.06,77.5,0.0123,1,0,0.3938,0,Medium Risk
12971,United Kingdom,86,11189.91,9289,94,4,373,130.12,108.01,0.2299,1,0,0.0345,0,Low Risk
12974,United Kingdom,1,144.8,24,8,198,198,144.8,24.0,0.005,1,1,0.9973,1,High Risk
12976,United Kingdom,1,738.6,561,22,212,212,738.6,561.0,0.0047,1,1,0.9802,1,High Risk
12977,United Kingdom,1,39.24,12,9,157,157,39.24,12.0,0.0063,1,1,0.9913,1,High Risk
12980,United Kingdom,9,7374.9,886,6,158,359,819.43,98.44,0.025,1,1,0.3522,0,Medium Risk
12981,United Kingdom,2,372.22,242,12,30,134,186.11,121.0,0.0148,1,0,0.3525,0,Medium Risk
12982,United Kingdom,1,390.54,288,28,243,243,390.54,288.0,0.0041,1,1,0.9931,1,High Risk
12984,United Kingdom,1,97.5,26,4,19,19,97.5,26.0,0.05,1,0,0.0008,0,Low Risk
12985,United Kingdom,2,1239.38,1533,73,1,29,619.69,766.5,0.0667,1,0,0.0145,0,Low Risk
12987,United Kingdom,2,558.7,219,27,74,198,279.35,109.5,0.0101,1,0,0.6526,1,Medium Risk
12988,United Kingdom,1,535.32,136,75,293,293,535.32,136.0,0.0034,1,1,0.9652,1,High Risk
12989,United Kingdom,15,6924.11,2943,41,4,365,461.61,196.2,0.041,1,0,0.0487,0,Low Risk
12990,United Kingdom,3,409.5,200,8,32,311,136.5,66.67,0.0096,1,0,0.6906,1,Medium Risk
12991,United Kingdom,2,503.76,405,31,24,113,251.88,202.5,0.0175,1,0,0.3013,0,Medium Risk
12993,United Kingdom,4,414.76,240,26,24,299,103.69,60.0,0.0133,1,0,0.5866,1,Medium Risk
12994,United Kingdom,3,974.42,459,52,5,269,324.81,153.0,0.0111,1,0,0.4701,0,Medium Risk
12995,United Kingdom,1,211.32,108,3,86,86,211.32,108.0,0.0115,1,0,0.006,0,Low Risk
12997,United Kingdom,4,1226.89,664,45,23,318,306.72,166.0,0.0125,1,0,0.3775,0,Medium Risk
12999,United Kingdom,3,455.88,342,25,197,246,151.96,114.0,0.0121,1,1,0.5356,1,Medium Risk
13000,United Kingdom,3,534.85,379,30,107,365,178.28,126.33,0.0082,1,1,0.6557,1,Medium Risk
13001,United Kingdom,13,9818.82,5505,166,5,327,755.29,423.46,0.0396,1,0,0.0209,0,Low Risk
13002,United Kingdom,1,120.95,73,7,319,319,120.95,73.0,0.0031,1,1,0.9961,1,High Risk
13003,United Kingdom,3,149.05,103,4,106,215,49.68,34.33,0.0139,1,1,0.7133,1,High Risk
13004,United Kingdom,18,5655.91,4822,277,12,358,314.22,267.89,0.0501,1,0,0.017,0,Low Risk
13005,United Kingdom,2,513.7,172,21,174,247,256.85,86.0,0.0081,1,1,0.712,1,High Risk
13006,United Kingdom,1,81.57,55,4,57,57,81.57,55.0,0.0172,1,0,0.0202,0,Low Risk
13008,United Kingdom,1,229.47,175,14,324,324,229.47,175.0,0.0031,1,1,0.9931,1,High Risk
13011,United Kingdom,1,50.55,13,3,373,373,50.55,13.0,0.0027,1,1,0.995,1,High Risk
13012,United Kingdom,8,1661.84,824,67,10,295,207.73,103.0,0.027,1,0,0.0805,0,Low Risk
13013,United Kingdom,13,4810.94,2224,155,2,372,370.07,171.08,0.0349,1,0,0.0205,0,Low Risk
13014,United Kingdom,10,3466.28,905,67,11,282,346.63,90.5,0.0353,1,0,0.0717,0,Low Risk
13015,United Kingdom,5,3346.28,1617,156,54,250,669.26,323.4,0.0199,1,0,0.1145,0,Low Risk
13016,United Kingdom,3,789.89,527,39,74,124,263.3,175.67,0.024,1,0,0.1028,0,Low Risk
13017,United Kingdom,1,204.0,48,1,8,8,204.0,48.0,0.1111,1,0,0.0041,0,Low Risk
13018,United Kingdom,28,7277.7,5435,313,17,296,259.92,194.11,0.0943,1,0,0.0166,0,Low Risk
13021,United Kingdom,9,2616.38,1352,101,5,359,290.71,150.22,0.025,1,0,0.0723,0,Low Risk
13023,United Kingdom,2,689.9,286,36,65,130,344.95,143.0,0.0153,1,0,0.3039,0,Medium Risk
13026,United Kingdom,5,975.36,1620,32,2,276,195.07,324.0,0.0181,1,0,0.1989,0,Low Risk
13027,United Kingdom,6,6912.0,17280,6,114,355,1152.0,2880.0,0.0169,1,1,0.3278,0,Medium Risk
13028,United Kingdom,2,661.32,798,40,23,46,330.66,399.0,0.0426,1,0,0.0071,0,Low Risk
13029,United Kingdom,3,1247.5,134,8,31,354,415.83,44.67,0.0085,1,0,0.6531,1,Medium Risk
13030,United Kingdom,2,799.48,394,76,12,369,399.74,197.0,0.0054,1,0,0.6134,1,Medium Risk
13032,United Kingdom,2,1010.18,375,55,53,88,505.09,187.5,0.0225,1,0,0.0072,0,Low Risk
13033,United Kingdom,1,190.55,83,11,358,358,190.55,83.0,0.0028,1,1,0.9925,1,High Risk
13034,United Kingdom,2,642.77,369,37,55,370,321.38,184.5,0.0054,1,0,0.6578,1,Medium Risk
13035,United Kingdom,2,921.88,644,23,74,261,460.94,322.0,0.0076,1,0,0.7001,1,High Risk
13037,United Kingdom,3,881.07,431,44,139,257,293.69,143.67,0.0116,1,1,0.4805,0,Medium Risk
13038,United Kingdom,3,908.46,360,24,81,291,302.82,120.0,0.0103,1,0,0.6022,1,Medium Risk
13040,United Kingdom,2,676.99,355,38,9,34,338.5,177.5,0.0571,1,0,0.01,0,Low Risk
13043,United Kingdom,1,516.42,254,13,274,274,516.42,254.0,0.0036,1,1,0.991,1,High Risk
13044,United Kingdom,1,560.47,429,33,292,292,560.47,429.0,0.0034,1,1,0.9849,1,High Risk
13045,United Kingdom,1,305.28,221,18,100,100,305.28,221.0,0.0099,1,1,0.9707,1,High Risk
13046,United Kingdom,2,629.31,264,33,31,267,314.65,132.0,0.0075,1,0,0.6617,1,Medium Risk
13047,United Kingdom,10,3237.54,1391,106,32,374,323.75,139.1,0.0267,1,0,0.1262,0,Low Risk
13048,United Kingdom,4,1835.91,1238,77,15,328,458.98,309.5,0.0122,1,0,0.3027,0,Medium Risk
13049,United Kingdom,2,656.68,268,14,65,319,328.34,134.0,0.0062,1,0,0.7177,1,High Risk
13050,United Kingdom,17,5836.86,3748,246,15,367,343.34,220.47,0.0462,1,0,0.0166,0,Low Risk
13052,United Kingdom,1,348.15,222,18,213,213,348.15,222.0,0.0047,1,1,0.997,1,High Risk
13055,United Kingdom,3,1214.41,894,74,79,214,404.8,298.0,0.014,1,0,0.3187,0,Medium Risk
13058,United Kingdom,3,271.4,52,5,25,152,90.47,17.33,0.0196,1,0,0.3339,0,Medium Risk
13059,United Kingdom,1,183.4,35,8,250,250,183.4,35.0,0.004,1,1,0.9962,1,High Risk
13060,United Kingdom,1,307.53,123,15,254,254,307.53,123.0,0.0039,1,1,0.9955,1,High Risk
13061,United Kingdom,1,248.61,107,10,73,73,248.61,107.0,0.0135,1,0,0.006,0,Low Risk
13062,United Kingdom,1,346.98,343,11,192,192,346.98,343.0,0.0052,1,1,0.9947,1,High Risk
13064,United Kingdom,4,1119.49,516,51,13,328,279.87,129.0,0.0122,1,0,0.3512,0,Medium Risk
13065,United Kingdom,1,205.86,74,14,374,374,205.86,74.0,0.0027,1,1,0.9924,1,High Risk
13066,United Kingdom,2,470.8,322,48,25,33,235.4,161.0,0.0588,1,0,0.0052,0,Low Risk
13067,United Kingdom,1,115.46,32,14,83,83,115.46,32.0,0.0119,1,0,0.001,0,Low Risk
13068,United Kingdom,2,344.0,200,1,11,320,172.0,100.0,0.0062,1,0,0.7194,1,High Risk
13069,United Kingdom,24,4436.12,5885,281,1,370,184.84,245.21,0.0647,1,0,0.0163,0,Low Risk
13070,United Kingdom,1,228.8,110,9,193,193,228.8,110.0,0.0052,1,1,0.9937,1,High Risk
13072,United Kingdom,1,177.15,69,7,267,267,177.15,69.0,0.0037,1,1,0.9953,1,High Risk
13075,United Kingdom,1,919.61,485,22,130,130,919.61,485.0,0.0076,1,1,0.9661,1,High Risk
13077,United Kingdom,4,729.27,863,99,2,367,182.32,215.75,0.0109,1,0,0.3928,0,Medium Risk
13078,United Kingdom,26,12627.94,5630,95,4,367,485.69,216.54,0.0707,1,0,0.0252,0,Low Risk
13079,United Kingdom,5,220.1,62,2,5,141,44.02,12.4,0.0352,1,0,0.2501,0,Low Risk
13080,United Kingdom,1,58.08,120,6,180,180,58.08,120.0,0.0055,1,1,0.9926,1,High Risk
13081,United Kingdom,11,28337.38,19068,503,12,372,2576.13,1733.45,0.0295,1,0,0.04,0,Low Risk
13082,United Kingdom,9,3613.63,4324,63,127,339,401.51,480.44,0.0265,1,1,0.1027,0,Low Risk
13083,United Kingdom,2,303.75,187,15,5,76,151.88,93.5,0.026,1,0,0.008,0,Low Risk
13085,United Kingdom,2,416.08,216,17,158,296,208.04,108.0,0.0067,1,1,0.7497,1,High Risk
13089,United Kingdom,97,58825.83,31070,636,3,370,606.45,320.31,0.2615,1,0,0.0171,0,Low Risk
13090,United Kingdom,14,8910.82,2263,98,9,373,636.49,161.64,0.0374,1,0,0.026,0,Low Risk
13091,United Kingdom,1,345.82,466,21,29,29,345.82,466.0,0.0333,1,0,0.0058,0,Low Risk
13092,United Kingdom,5,477.83,279,19,71,360,95.57,55.8,0.0139,1,0,0.5626,1,Medium Risk
13093,United Kingdom,8,7832.47,3961,97,276,374,979.06,495.12,0.0213,1,1,0.1621,0,Low Risk
13094,United Kingdom,12,1927.32,1716,4,22,369,160.61,143.0,0.0324,1,0,0.1943,0,Low Risk
13095,United Kingdom,1,74.4,144,6,71,71,74.4,144.0,0.0139,1,0,0.0176,0,Low Risk
13097,United Kingdom,10,6010.42,2363,214,33,361,601.04,236.3,0.0276,1,0,0.0294,0,Low Risk
13098,United Kingdom,28,28882.44,15968,156,2,318,1031.52,570.29,0.0878,1,0,0.026,0,Low Risk
13099,United Kingdom,1,207.36,288,1,100,100,207.36,288.0,0.0099,1,1,0.9612,1,High Risk
13101,United Kingdom,1,101.19,113,8,235,235,101.19,113.0,0.0042,1,1,0.9954,1,High Risk
13102,United Kingdom,24,6424.09,4204,140,2,366,267.67,175.17,0.0654,1,0,0.0217,0,Low Risk
13103,United Kingdom,1,243.94,82,8,40,40,243.94,82.0,0.0244,1,0,0.0067,0,Low Risk
13104,United Kingdom,6,1098.48,504,14,4,355,183.08,84.0,0.0169,1,0,0.2832,0,Low Risk
13106,United Kingdom,1,76.5,18,1,134,134,76.5,18.0,0.0074,1,1,0.991,1,High Risk
13107,United Kingdom,4,1531.62,1293,54,45,334,382.9,323.25,0.0119,1,0,0.3334,0,Medium Risk
13108,United Kingdom,1,350.06,298,10,373,373,350.06,298.0,0.0027,1,1,0.9921,1,High Risk
13109,United Kingdom,2,786.54,520,41,60,158,393.27,260.0,0.0126,1,0,0.4628,0,Medium Risk
13110,United Kingdom,7,1488.67,388,109,32,312,212.67,55.43,0.0224,1,0,0.1458,0,Low Risk
13113,United Kingdom,24,12245.96,3045,95,1,367,510.25,126.88,0.0652,1,0,0.0321,0,Low Risk
13115,United Kingdom,4,2294.78,1567,88,12,185,573.7,391.75,0.0215,1,0,0.0902,0,Low Risk
13116,United Kingdom,1,501.14,291,30,139,139,501.14,291.0,0.0071,1,1,0.9706,1,High Risk
13117,United Kingdom,8,984.91,945,66,22,373,123.11,118.12,0.0214,1,0,0.1295,0,Low Risk
13118,United Kingdom,5,1197.81,410,68,20,289,239.56,82.0,0.0172,1,0,0.2394,0,Low Risk
13120,United Kingdom,1,30.6,12,1,239,239,30.6,12.0,0.0042,1,1,0.9946,1,High Risk
13121,United Kingdom,1,283.73,252,50,270,270,283.73,252.0,0.0037,1,1,0.9809,1,High Risk
13122,United Kingdom,2,922.39,585,54,95,241,461.2,292.5,0.0083,1,1,0.6707,1,Medium Risk
13124,United Kingdom,3,3866.33,2147,185,90,360,1288.78,715.67,0.0083,1,0,0.3691,0,Medium Risk
13126,United Kingdom,8,2099.64,2143,124,5,367,262.46,267.88,0.0217,1,0,0.0637,0,Low Risk
13127,United Kingdom,1,259.17,127,15,78,78,259.17,127.0,0.0127,1,0,0.0063,0,Low Risk
13130,United Kingdom,1,64.0,32,2,95,95,64.0,32.0,0.0104,1,1,0.9657,1,High Risk
13131,United Kingdom,3,1073.3,447,30,24,188,357.77,149.0,0.0159,1,0,0.3311,0,Medium Risk
13132,United Kingdom,1,77.3,20,3,262,262,77.3,20.0,0.0038,1,1,0.9979,1,High Risk
13133,United Kingdom,2,109.8,32,7,274,305,54.9,16.0,0.0065,1,1,0.8048,1,High Risk
13134,United Kingdom,4,1793.58,1059,94,86,241,448.4,264.75,0.0165,1,0,0.1978,0,Low Risk
13135,United Kingdom,1,3096.0,4300,1,197,197,3096.0,4300.0,0.0051,1,1,0.9603,1,High Risk
13136,United Kingdom,5,2607.61,1328,94,57,213,521.52,265.6,0.0234,1,0,0.0836,0,Low Risk
13137,United Kingdom,8,3650.41,2226,345,11,309,456.3,278.25,0.0258,1,0,0.0493,0,Low Risk
13138,United Kingdom,6,962.39,473,31,23,373,160.4,78.83,0.016,1,0,0.3606,0,Medium Risk
13139,United Kingdom,7,5064.94,2425,132,17,260,723.56,346.43,0.0268,1,0,0.0408,0,Low Risk
13140,United Kingdom,3,423.72,186,40,109,367,141.24,62.0,0.0082,1,1,0.6992,1,Medium Risk
13141,United Kingdom,5,2388.75,1548,113,85,316,477.75,309.6,0.0158,1,0,0.1883,0,Low Risk
13142,United Kingdom,1,307.09,258,23,20,20,307.09,258.0,0.0476,1,0,0.0057,0,Low Risk
13144,United Kingdom,1,110.95,21,3,333,333,110.95,21.0,0.003,1,1,0.998,1,High Risk
13145,United Kingdom,4,618.52,145,5,40,373,154.63,36.25,0.0107,1,0,0.6317,1,Medium Risk
13146,United Kingdom,1,228.91,154,16,27,27,228.91,154.0,0.0357,1,0,0.0009,0,Low Risk
13147,United Kingdom,4,712.8,144,1,11,100,178.2,36.0,0.0396,1,0,0.1379,0,Low Risk
13148,United Kingdom,12,3707.12,1975,231,30,365,308.93,164.58,0.0328,1,0,0.0451,0,Low Risk
13149,United Kingdom,4,1676.06,1280,76,15,290,419.02,320.0,0.0137,1,0,0.2744,0,Low Risk
13151,United Kingdom,1,1257.87,363,73,296,296,1257.87,363.0,0.0034,1,1,0.9629,1,High Risk
13153,United Kingdom,1,486.22,418,15,6,6,486.22,418.0,0.1429,1,0,0.0019,0,Low Risk
13155,United Kingdom,4,971.76,497,67,34,369,242.94,124.25,0.0108,1,0,0.4739,0,Medium Risk
13157,United Kingdom,4,1741.22,1439,69,50,299,435.3,359.75,0.0133,1,0,0.2981,0,Low Risk
13158,United Kingdom,4,1201.06,784,59,95,319,300.26,196.0,0.0125,1,1,0.3366,0,Medium Risk
13159,United Kingdom,4,1437.85,1059,114,9,116,359.46,264.75,0.0342,1,0,0.0648,0,Low Risk
13160,United Kingdom,1,91.8,56,4,23,23,91.8,56.0,0.0417,1,0,0.0064,0,Low Risk
13161,United Kingdom,1,112.75,29,8,314,314,112.75,29.0,0.0032,1,1,0.9975,1,High Risk
13162,United Kingdom,4,1688.29,1713,74,123,335,422.07,428.25,0.0119,1,1,0.3599,0,Medium Risk
13165,United Kingdom,2,1021.48,1376,40,47,352,510.74,688.0,0.0057,1,0,0.6794,1,Medium Risk
13166,United Kingdom,1,417.2,216,39,284,284,417.2,216.0,0.0035,1,1,0.9831,1,High Risk
13167,United Kingdom,4,791.33,785,51,19,144,197.83,196.25,0.0276,1,0,0.0985,0,Low Risk
13168,United Kingdom,4,1319.19,682,102,37,319,329.8,170.5,0.0125,1,0,0.3187,0,Medium Risk
13169,United Kingdom,2,712.88,272,11,64,253,356.44,136.0,0.0079,1,0,0.7226,1,High Risk
13170,United Kingdom,1,116.01,147,29,27,27,116.01,147.0,0.0357,1,0,0.0,0,Low Risk
13171,United Kingdom,3,468.41,229,37,22,300,156.14,76.33,0.01,1,0,0.6437,1,Medium Risk
13173,United Kingdom,2,353.65,277,41,5,368,176.82,138.5,0.0054,1,0,0.6443,1,Medium Risk
13174,United Kingdom,3,2817.03,1395,228,17,370,939.01,465.0,0.0081,1,0,0.3706,0,Medium Risk
13176,United Kingdom,1,492.84,453,66,47,47,492.84,453.0,0.0208,1,0,0.0026,0,Low Risk
13177,United Kingdom,1,282.45,91,17,65,65,282.45,91.0,0.0152,1,0,0.0061,0,Low Risk
13178,United Kingdom,11,5725.47,3570,95,27,361,520.5,324.55,0.0304,1,0,0.0402,0,Low Risk
13182,United Kingdom,1,121.18,201,11,46,46,121.18,201.0,0.0213,1,0,0.0015,0,Low Risk
13183,United Kingdom,9,3957.78,2208,51,8,335,439.75,245.33,0.0268,1,0,0.0554,0,Low Risk
13184,United Kingdom,10,1701.29,1692,138,15,291,170.13,169.2,0.0342,1,0,0.0572,0,Low Risk
13185,United Kingdom,1,71.4,12,1,268,268,71.4,12.0,0.0037,1,1,0.9978,1,High Risk
13186,United Kingdom,3,1575.89,820,69,40,129,525.3,273.33,0.0231,1,0,0.0819,0,Low Risk
13187,United Kingdom,1,236.02,95,37,338,338,236.02,95.0,0.0029,1,1,0.9887,1,High Risk
13188,United Kingdom,1,114.6,25,2,12,12,114.6,25.0,0.0769,1,0,0.0014,0,Low Risk
13189,United Kingdom,2,260.68,842,29,19,116,130.34,421.0,0.0171,1,0,0.3002,0,Medium Risk
13192,United Kingdom,2,911.94,595,57,96,206,455.97,297.5,0.0097,1,1,0.643,1,Medium Risk
13193,United Kingdom,1,117.88,50,22,62,62,117.88,50.0,0.0159,1,0,0.0067,0,Low Risk
13194,United Kingdom,1,60.7,26,3,136,136,60.7,26.0,0.0073,1,1,0.9927,1,High Risk
13196,United Kingdom,4,1797.78,1224,97,12,263,449.44,306.0,0.0152,1,0,0.2011,0,Low Risk
13198,United Kingdom,6,3401.24,2648,199,11,362,566.87,441.33,0.0165,1,0,0.1119,0,Low Risk
13199,United Kingdom,38,9817.12,6176,48,4,367,258.35,162.53,0.1033,1,0,0.0465,0,Low Risk
13200,United Kingdom,4,870.09,516,42,20,127,217.52,129.0,0.0312,1,0,0.0808,0,Low Risk
13203,United Kingdom,4,869.46,800,56,10,243,217.36,200.0,0.0164,1,0,0.261,0,Low Risk
13207,United Kingdom,2,250.26,130,7,16,151,125.13,65.0,0.0132,1,0,0.4775,0,Medium Risk
13208,United Kingdom,6,1223.9,804,124,59,310,203.98,134.0,0.0193,1,0,0.1621,0,Low Risk
13209,United Kingdom,8,5891.61,4253,255,31,362,736.45,531.62,0.022,1,0,0.0506,0,Low Risk
13210,United Kingdom,1,353.48,316,22,94,94,353.48,316.0,0.0105,1,1,0.9405,1,High Risk
13211,United Kingdom,3,1197.42,874,45,11,362,399.14,291.33,0.0083,1,0,0.554,1,Medium Risk
13212,United Kingdom,3,788.08,310,128,20,62,262.69,103.33,0.0476,1,0,0.0151,0,Low Risk
13213,United Kingdom,5,1520.58,1360,82,57,200,304.12,272.0,0.0249,1,0,0.0749,0,Low Risk
13216,United Kingdom,1,333.74,297,5,268,268,333.74,297.0,0.0037,1,1,0.9949,1,High Risk
13217,United Kingdom,3,533.98,262,3,123,157,177.99,87.33,0.019,1,1,0.4538,0,Medium Risk
13218,United Kingdom,1,62.64,88,5,128,128,62.64,88.0,0.0078,1,1,0.9914,1,High Risk
13220,United Kingdom,4,819.29,196,18,79,237,204.82,49.0,0.0168,1,0,0.3127,0,Medium Risk
13221,United Kingdom,2,847.41,244,62,241,360,423.7,122.0,0.0055,1,1,0.636,1,Medium Risk
13223,United Kingdom,2,163.2,88,5,201,233,81.6,44.0,0.0085,1,1,0.7772,1,High Risk
13224,United Kingdom,2,2155.95,1518,101,61,152,1077.97,759.0,0.0131,1,0,0.2592,0,Low Risk
13225,United Kingdom,7,6463.84,3416,23,4,362,923.41,488.0,0.0193,1,0,0.105,0,Low Risk
13226,United Kingdom,1,108.21,80,16,274,274,108.21,80.0,0.0036,1,1,0.9966,1,High Risk
13227,United Kingdom,1,257.7,99,9,202,202,257.7,99.0,0.0049,1,1,0.9946,1,High Risk
13228,United Kingdom,1,358.0,200,2,82,82,358.0,200.0,0.012,1,0,0.0007,0,Low Risk
13229,United Kingdom,1,160.95,63,10,226,226,160.95,63.0,0.0044,1,1,0.9947,1,High Risk
13230,United Kingdom,14,2806.97,1665,393,5,366,200.5,118.93,0.0381,1,0,0.0422,0,Low Risk
13232,United Kingdom,7,1357.6,778,147,13,244,193.94,111.14,0.0286,1,0,0.0709,0,Low Risk
13233,United Kingdom,2,605.12,1004,43,75,337,302.56,502.0,0.0059,1,0,0.6198,1,Medium Risk
13235,United Kingdom,1,1031.07,441,53,213,213,1031.07,441.0,0.0047,1,1,0.9699,1,High Risk
13236,United Kingdom,2,744.85,416,34,25,107,372.42,208.0,0.0185,1,0,0.19,0,Low Risk
13238,United Kingdom,4,700.73,298,20,18,361,175.18,74.5,0.011,1,0,0.5124,1,Medium Risk
13239,United Kingdom,1,329.56,327,21,262,262,329.56,327.0,0.0038,1,1,0.994,1,High Risk
13240,United Kingdom,4,663.65,298,59,97,366,165.91,74.5,0.0109,1,1,0.5194,1,Medium Risk
13242,United Kingdom,3,270.4,130,12,113,214,90.13,43.33,0.014,1,1,0.6546,1,Medium Risk
13243,United Kingdom,1,600.07,233,56,204,204,600.07,233.0,0.0049,1,1,0.9795,1,High Risk
13244,United Kingdom,1,121.74,38,27,93,93,121.74,38.0,0.0106,1,1,0.9109,1,High Risk
13245,United Kingdom,1,430.5,125,16,51,51,430.5,125.0,0.0192,1,0,0.0029,0,Low Risk
13246,United Kingdom,6,1987.3,1602,110,19,331,331.22,267.0,0.0181,1,0,0.1415,0,Low Risk
13247,United Kingdom,4,501.12,328,18,18,83,125.28,82.0,0.0476,1,0,0.0131,0,Low Risk
13248,United Kingdom,2,465.68,305,25,125,190,232.84,152.5,0.0105,1,1,0.6874,1,Medium Risk
13249,United Kingdom,3,711.41,546,21,93,262,237.14,182.0,0.0114,1,1,0.564,1,Medium Risk
13253,United Kingdom,2,1030.4,1572,35,157,340,515.2,786.0,0.0059,1,1,0.6814,1,Medium Risk
13255,United Kingdom,2,399.51,177,13,10,374,199.76,88.5,0.0053,1,0,0.7139,1,High Risk
13258,United Kingdom,3,698.58,287,28,12,206,232.86,95.67,0.0145,1,0,0.372,0,Medium Risk
13259,United Kingdom,1,292.32,132,77,62,62,292.32,132.0,0.0159,1,0,0.0162,0,Low Risk
13260,United Kingdom,1,557.62,142,8,62,62,557.62,142.0,0.0159,1,0,0.012,0,Low Risk
13261,United Kingdom,2,944.1,210,8,269,286,472.05,105.0,0.007,1,1,0.7545,1,High Risk
13262,United Kingdom,1,200.29,125,11,264,264,200.29,125.0,0.0038,1,1,0.9962,1,High Risk
13263,United Kingdom,35,7454.07,4780,450,2,326,212.97,136.57,0.107,1,0,0.0237,0,Low Risk
13265,United Kingdom,5,2107.66,1752,66,54,274,421.53,350.4,0.0182,1,0,0.1525,0,Low Risk
13266,United Kingdom,12,3834.26,4428,82,12,257,319.52,369.0,0.0465,1,0,0.0468,0,Low Risk
13267,United Kingdom,19,4521.49,1969,88,3,367,237.97,103.63,0.0516,1,0,0.0294,0,Low Risk
13268,United Kingdom,11,3214.69,3658,257,18,268,292.24,332.55,0.0409,1,0,0.0377,0,Low Risk
13269,United Kingdom,15,5346.23,3514,177,2,370,356.42,234.27,0.0404,1,0,0.0168,0,Low Risk
13270,United Kingdom,1,590.0,200,1,367,367,590.0,200.0,0.0027,1,1,0.9919,1,High Risk
13271,United Kingdom,1,217.38,253,79,38,38,217.38,253.0,0.0256,1,0,0.0011,0,Low Risk
13272,United Kingdom,2,276.56,96,15,32,90,138.28,48.0,0.022,1,0,0.0288,0,Low Risk
13273,United Kingdom,1,138.98,153,16,114,114,138.98,153.0,0.0087,1,1,0.9908,1,High Risk
13276,United Kingdom,2,590.93,161,30,64,100,295.46,80.5,0.0198,1,0,0.1633,0,Low Risk
13277,United Kingdom,4,258.4,176,5,16,134,64.6,44.0,0.0296,1,0,0.2121,0,Low Risk
13278,United Kingdom,1,542.73,537,46,41,41,542.73,537.0,0.0238,1,0,0.0028,0,Low Risk
13279,United Kingdom,1,137.75,73,9,79,79,137.75,73.0,0.0125,1,0,0.0066,0,Low Risk
13280,United Kingdom,3,814.86,522,67,123,338,271.62,174.0,0.0088,1,1,0.5619,1,Medium Risk
13282,United Kingdom,3,1132.14,307,29,19,221,377.38,102.33,0.0135,1,0,0.3832,0,Medium Risk
13283,United Kingdom,2,93.66,90,7,60,186,46.83,45.0,0.0107,1,0,0.6927,1,Medium Risk
13284,United Kingdom,1,201.19,91,13,331,331,201.19,91.0,0.003,1,1,0.9957,1,High Risk
13285,United Kingdom,4,2709.12,2051,157,24,291,677.28,512.75,0.0137,1,0,0.1815,0,Low Risk
13291,United Kingdom,1,361.11,233,41,156,156,361.11,233.0,0.0064,1,1,0.974,1,High Risk
13292,United Kingdom,2,578.94,347,29,39,285,289.47,173.5,0.007,1,0,0.6852,1,Medium Risk
13294,United Kingdom,2,873.74,453,48,190,250,436.87,226.5,0.008,1,1,0.6563,1,Medium Risk
13295,United Kingdom,1,201.2,82,10,360,360,201.2,82.0,0.0028,1,1,0.9946,1,High Risk
13296,United Kingdom,1,87.4,78,5,138,138,87.4,78.0,0.0072,1,1,0.9927,1,High Risk
13297,United Kingdom,4,2089.85,963,52,8,68,522.46,240.75,0.058,1,0,0.0262,0,Low Risk
13298,United Kingdom,1,360.0,96,2,2,2,360.0,96.0,0.3333,1,0,0.006,0,Low Risk
13299,United Kingdom,1,142.5,30,5,269,269,142.5,30.0,0.0037,1,1,0.9971,1,High Risk
13300,United Kingdom,1,371.89,203,20,170,170,371.89,203.0,0.0058,1,1,0.9908,1,High Risk
13301,United Kingdom,4,618.09,345,75,104,293,154.52,86.25,0.0136,1,1,0.4182,0,Medium Risk
13302,United Kingdom,1,63.75,5,1,156,156,63.75,5.0,0.0064,1,1,0.9933,1,High Risk
13304,United Kingdom,1,300.42,238,21,352,352,300.42,238.0,0.0028,1,1,0.994,1,High Risk
13305,United Kingdom,10,2000.86,1232,50,5,373,200.09,123.2,0.0267,1,0,0.087,0,Low Risk
13307,United Kingdom,1,15.0,4,1,121,121,15.0,4.0,0.0082,1,1,0.992,1,High Risk
13308,United Kingdom,3,1385.51,843,49,23,204,461.84,281.0,0.0146,1,0,0.3135,0,Medium Risk
13309,United Kingdom,5,1456.79,1544,82,8,309,291.36,308.8,0.0161,1,0,0.1941,0,Low Risk
13310,United Kingdom,3,1132.03,587,65,29,325,377.34,195.67,0.0092,1,0,0.5583,1,Medium Risk
13311,United Kingdom,2,598.57,305,25,5,151,299.29,152.5,0.0132,1,0,0.5346,1,Medium Risk
13313,United Kingdom,5,1555.32,851,47,23,340,311.06,170.2,0.0147,1,0,0.2856,0,Low Risk
13314,United Kingdom,3,775.94,560,55,2,74,258.65,186.67,0.04,1,0,0.0089,0,Low Risk
13316,United Kingdom,4,5977.73,6948,66,38,255,1494.43,1737.0,0.0156,1,0,0.1898,0,Low Risk
13317,United Kingdom,6,2273.68,1035,100,67,359,378.95,172.5,0.0167,1,0,0.1749,0,Low Risk
13318,United Kingdom,3,640.76,304,14,2,38,213.59,101.33,0.0769,1,0,0.0152,0,Low Risk
13319,United Kingdom,26,10845.55,4724,209,6,366,417.14,181.69,0.0708,1,0,0.017,0,Low Risk
13320,United Kingdom,4,1548.7,1096,77,79,214,387.18,274.0,0.0186,1,0,0.1854,0,Low Risk
13321,United Kingdom,2,567.36,372,10,73,87,283.68,186.0,0.0227,1,0,0.0202,0,Low Risk
13322,United Kingdom,1,199.48,117,25,18,18,199.48,117.0,0.0526,1,0,0.0058,0,Low Risk
13323,United Kingdom,5,787.85,175,6,4,85,157.57,35.0,0.0581,1,0,0.0406,0,Low Risk
13324,United Kingdom,10,7121.95,5205,25,37,361,712.2,520.5,0.0276,1,0,0.0644,0,Low Risk
13325,United Kingdom,1,675.3,240,12,82,82,675.3,240.0,0.012,1,0,0.0132,0,Low Risk
13327,United Kingdom,8,3627.77,1600,74,39,366,453.47,200.0,0.0218,1,0,0.1026,0,Low Risk
13328,United Kingdom,1,1308.48,680,17,317,317,1308.48,680.0,0.0031,1,1,0.9801,1,High Risk
13329,United Kingdom,2,789.0,463,16,32,367,394.5,231.5,0.0054,1,0,0.7037,1,High Risk
13330,United Kingdom,3,1140.93,751,37,93,316,380.31,250.33,0.0095,1,1,0.6214,1,Medium Risk
13332,United Kingdom,1,350.9,179,21,15,15,350.9,179.0,0.0625,1,0,0.0009,0,Low Risk
13334,United Kingdom,3,3536.82,1774,207,83,306,1178.94,591.33,0.0098,1,0,0.3945,0,Medium Risk
13336,United Kingdom,1,795.12,559,51,78,78,795.12,559.0,0.0127,1,0,0.0099,0,Low Risk
13338,United Kingdom,1,487.02,256,19,158,158,487.02,256.0,0.0063,1,1,0.9832,1,High Risk
13339,United Kingdom,1,860.12,326,54,201,201,860.12,326.0,0.005,1,1,0.9713,1,High Risk
13340,United Kingdom,7,10736.48,5770,128,46,277,1533.78,824.29,0.0252,1,0,0.0666,0,Low Risk
13341,United Kingdom,1,775.85,301,42,261,261,775.85,301.0,0.0038,1,1,0.9611,1,High Risk
13343,United Kingdom,1,353.43,135,19,178,178,353.43,135.0,0.0056,1,1,0.9938,1,High Risk
13344,United Kingdom,3,2543.72,971,115,68,278,847.91,323.67,0.0108,1,0,0.5612,1,Medium Risk
13345,United Kingdom,1,389.5,141,20,288,288,389.5,141.0,0.0035,1,1,0.9938,1,High Risk
13347,United Kingdom,1,341.36,205,8,71,71,341.36,205.0,0.0139,1,0,0.0007,0,Low Risk
13348,United Kingdom,1,233.76,136,14,65,65,233.76,136.0,0.0152,1,0,0.0065,0,Low Risk
13349,United Kingdom,1,247.32,225,16,11,11,247.32,225.0,0.0833,1,0,0.0017,0,Low Risk
13350,United Kingdom,2,979.12,287,36,17,80,489.56,143.5,0.0247,1,0,0.0109,0,Low Risk
13351,United Kingdom,1,373.94,117,16,67,67,373.94,117.0,0.0147,1,0,0.006,0,Low Risk
13352,United Kingdom,1,397.98,321,24,61,61,397.98,321.0,0.0161,1,0,0.006,0,Low Risk
13354,United Kingdom,1,743.53,604,51,72,72,743.53,604.0,0.0137,1,0,0.0167,0,Low Risk
13355,United Kingdom,1,674.7,314,32,123,123,674.7,314.0,0.0081,1,1,0.9658,1,High Risk
13356,United Kingdom,1,768.24,325,42,81,81,768.24,325.0,0.0122,1,0,0.0149,0,Low Risk
13357,United Kingdom,1,609.95,322,85,258,258,609.95,322.0,0.0039,1,1,0.9673,1,High Risk
13358,United Kingdom,1,439.03,285,29,269,269,439.03,285.0,0.0037,1,1,0.9897,1,High Risk
13359,United Kingdom,1,439.56,161,23,64,64,439.56,161.0,0.0154,1,0,0.0001,0,Low Risk
13362,United Kingdom,4,3090.74,1382,128,10,288,772.68,345.5,0.0138,1,0,0.207,0,Low Risk
13363,United Kingdom,2,992.5,710,47,18,44,496.25,355.0,0.0444,1,0,0.0058,0,Low Risk
13364,United Kingdom,1,134.96,71,10,72,72,134.96,71.0,0.0137,1,0,0.0066,0,Low Risk
13365,United Kingdom,2,2225.37,1247,122,34,218,1112.68,623.5,0.0091,1,0,0.5883,1,Medium Risk
13366,United Kingdom,1,56.16,144,1,51,51,56.16,144.0,0.0192,1,0,0.0081,0,Low Risk
13368,United Kingdom,2,623.4,327,29,257,338,311.7,163.5,0.0059,1,1,0.7096,1,High Risk
13369,United Kingdom,1,308.28,149,14,366,366,308.28,149.0,0.0027,1,1,0.9969,1,High Risk
13370,United Kingdom,1,754.87,343,39,372,372,754.87,343.0,0.0027,1,1,0.9686,1,High Risk
13372,United Kingdom,1,378.64,159,23,90,90,378.64,159.0,0.011,1,0,0.0017,0,Low Risk
13373,United Kingdom,3,3312.25,1651,135,61,277,1104.08,550.33,0.0108,1,0,0.4729,0,Medium Risk
13375,United Kingdom,1,778.65,442,37,89,89,778.65,442.0,0.0111,1,0,0.0411,0,Low Risk
13376,United Kingdom,3,1019.76,493,45,100,235,339.92,164.33,0.0127,1,1,0.417,0,Medium Risk
13379,United Kingdom,3,572.56,601,85,27,137,190.85,200.33,0.0217,1,0,0.1318,0,Low Risk
13381,United Kingdom,6,3639.31,2029,77,32,299,606.55,338.17,0.02,1,0,0.1037,0,Low Risk
13382,United Kingdom,1,222.99,131,15,281,281,222.99,131.0,0.0035,1,1,0.9958,1,High Risk
13384,United Kingdom,7,4151.93,2422,123,31,179,593.13,346.0,0.0389,1,0,0.0385,0,Low Risk
13385,United Kingdom,1,534.57,281,35,330,330,534.57,281.0,0.003,1,1,0.983,1,High Risk
13388,United Kingdom,2,677.1,282,35,132,132,338.55,141.0,0.015,1,1,0.3165,0,Medium Risk
13389,United Kingdom,3,797.96,429,50,12,233,265.99,143.0,0.0128,1,0,0.3768,0,Medium Risk
13390,United Kingdom,1,544.08,224,13,75,75,544.08,224.0,0.0132,1,0,0.0077,0,Low Risk
13391,United Kingdom,1,59.8,4,1,204,204,59.8,4.0,0.0049,1,1,0.998,1,High Risk
13394,United Kingdom,8,2520.02,2392,124,2,310,315.0,299.0,0.0257,1,0,0.0502,0,Low Risk
13395,United Kingdom,1,307.72,336,21,186,186,307.72,336.0,0.0053,1,1,0.9907,1,High Risk
13396,United Kingdom,2,1360.99,600,42,30,320,680.5,300.0,0.0062,1,0,0.6846,1,Medium Risk
13397,United Kingdom,5,1544.13,430,28,73,340,308.83,86.0,0.0147,1,0,0.3341,0,Medium Risk
13398,United Kingdom,1,457.34,281,26,193,193,457.34,281.0,0.0052,1,1,0.9912,1,High Risk
13402,United Kingdom,2,621.23,479,32,128,373,310.62,239.5,0.0053,1,1,0.6735,1,Medium Risk
13403,United Kingdom,1,75.0,44,3,18,18,75.0,44.0,0.0526,1,0,0.0048,0,Low Risk
13404,United Kingdom,2,252.49,111,11,2,213,126.24,55.5,0.0093,1,0,0.6768,1,Medium Risk
13405,United Kingdom,3,572.45,165,25,75,318,190.82,55.0,0.0094,1,0,0.6329,1,Medium Risk
13408,United Kingdom,62,28117.04,16232,234,2,374,453.5,261.81,0.1653,1,0,0.0235,0,Low Risk
13410,United Kingdom,5,1003.06,518,15,25,292,200.61,103.6,0.0171,1,0,0.2771,0,Low Risk
13411,United Kingdom,1,213.55,72,17,108,108,213.55,72.0,0.0092,1,1,0.9825,1,High Risk
13414,United Kingdom,3,1390.5,1574,23,134,297,463.5,524.67,0.0101,1,1,0.6777,1,Medium Risk
13416,United Kingdom,2,712.5,142,11,44,82,356.25,71.0,0.0241,1,0,0.0245,0,Low Risk
13417,United Kingdom,2,640.83,162,26,5,206,320.42,81.0,0.0097,1,0,0.6545,1,Medium Risk
13418,United Kingdom,18,6127.43,3918,223,12,373,340.41,217.67,0.0481,1,0,0.0164,0,Low Risk
13419,United Kingdom,1,221.06,275,16,64,64,221.06,275.0,0.0154,1,0,0.0017,0,Low Risk
13420,United Kingdom,2,159.85,101,8,150,171,79.92,50.5,0.0116,1,1,0.7271,1,High Risk
13421,United Kingdom,2,1851.08,1181,88,41,291,925.54,590.5,0.0068,1,0,0.6955,1,Medium Risk
13422,United Kingdom,1,2626.3,1326,127,65,65,2626.3,1326.0,0.0152,1,0,0.0342,0,Low Risk
13425,United Kingdom,3,1624.21,1123,66,109,295,541.4,374.33,0.0101,1,1,0.5949,1,Medium Risk
13426,United Kingdom,10,3641.32,2245,103,1,360,364.13,224.5,0.0277,1,0,0.0505,0,Low Risk
13427,United Kingdom,3,582.6,545,25,20,216,194.2,181.67,0.0138,1,0,0.4956,0,Medium Risk
13428,United Kingdom,1,218.47,156,70,11,11,218.47,156.0,0.0833,1,0,0.0011,0,Low Risk
13429,United Kingdom,4,1006.8,1390,55,11,76,251.7,347.5,0.0519,1,0,0.0173,0,Low Risk
13430,United Kingdom,2,679.45,751,48,19,87,339.72,375.5,0.0227,1,0,0.008,0,Low Risk
13431,United Kingdom,2,1269.1,672,44,68,89,634.55,336.0,0.0222,1,0,0.0126,0,Low Risk
13434,United Kingdom,2,534.24,300,9,75,97,267.12,150.0,0.0204,1,0,0.1379,0,Low Risk
13435,United Kingdom,7,3809.89,2129,68,6,190,544.27,304.14,0.0366,1,0,0.0696,0,Low Risk
13436,United Kingdom,1,196.89,76,12,2,2,196.89,76.0,0.3333,1,0,0.0065,0,Low Risk
13437,United Kingdom,7,3408.06,1283,143,15,191,486.87,183.29,0.0365,1,0,0.0635,0,Low Risk
13439,United Kingdom,1,283.71,242,54,256,256,283.71,242.0,0.0039,1,1,0.9793,1,High Risk
13441,United Kingdom,1,296.64,204,13,92,92,296.64,204.0,0.0108,1,1,0.4358,0,Medium Risk
13447,United Kingdom,3,1129.14,584,55,24,36,376.38,194.67,0.0811,1,0,0.0088,0,Low Risk
13448,United Kingdom,6,3539.37,1660,137,17,374,589.9,276.67,0.016,1,0,0.2525,0,Low Risk
13449,United Kingdom,1,291.88,222,19,24,24,291.88,222.0,0.04,1,0,0.0009,0,Low Risk
13450,United Kingdom,6,2043.72,1982,32,27,219,340.62,330.33,0.0273,1,0,0.0713,0,Low Risk
13451,United Kingdom,5,2976.15,2149,315,27,335,595.23,429.8,0.0149,1,0,0.1319,0,Low Risk
13452,United Kingdom,2,590.0,2,1,260,271,295.0,1.0,0.0074,1,1,0.7604,1,High Risk
13453,United Kingdom,2,356.98,134,16,166,290,178.49,67.0,0.0069,1,1,0.7931,1,High Risk
13455,United Kingdom,2,1058.34,354,42,25,367,529.17,177.0,0.0054,1,0,0.6761,1,Medium Risk
13456,United Kingdom,6,1766.72,765,43,18,208,294.45,127.5,0.0287,1,0,0.0853,0,Low Risk
13458,United Kingdom,14,9646.57,5508,242,8,360,689.04,393.43,0.0388,1,0,0.0171,0,Low Risk
13460,United Kingdom,2,183.44,286,16,30,50,91.72,143.0,0.0392,1,0,0.0063,0,Low Risk
13461,United Kingdom,3,1445.0,1170,14,39,164,481.67,390.0,0.0182,1,0,0.2505,0,Low Risk
13462,United Kingdom,1,151.5,62,9,253,253,151.5,62.0,0.0039,1,1,0.9945,1,High Risk
13464,United Kingdom,1,674.68,403,41,59,59,674.68,403.0,0.0167,1,0,0.0107,0,Low Risk
13466,United Kingdom,1,307.9,259,17,185,185,307.9,259.0,0.0054,1,1,0.9913,1,High Risk
13467,United Kingdom,2,1083.71,584,89,11,37,541.86,292.0,0.0526,1,0,0.0082,0,Low Risk
13468,United Kingdom,37,5704.97,2589,184,2,374,154.19,69.97,0.0987,1,0,0.0605,0,Low Risk
13470,United Kingdom,2,165.0,100,7,100,116,82.5,50.0,0.0171,1,1,0.6066,1,Medium Risk
13471,United Kingdom,4,2531.58,1590,214,2,48,632.9,397.5,0.0816,1,0,0.0217,0,Low Risk
13473,United Kingdom,2,422.64,266,21,61,333,211.32,133.0,0.006,1,0,0.7496,1,High Risk
13474,United Kingdom,1,229.59,132,59,237,237,229.59,132.0,0.0042,1,1,0.9869,1,High Risk
13475,United Kingdom,4,1431.78,1012,64,192,299,357.94,253.0,0.0133,1,1,0.3197,0,Medium Risk
13476,United Kingdom,2,1238.47,417,56,179,282,619.24,208.5,0.0071,1,1,0.7173,1,High Risk
13477,United Kingdom,6,1454.58,1021,57,38,292,242.43,170.17,0.0205,1,0,0.1113,0,Low Risk
13479,United Kingdom,2,300.95,134,14,201,235,150.48,67.0,0.0085,1,1,0.7831,1,High Risk
13481,United Kingdom,5,1804.56,1142,98,46,257,360.91,228.4,0.0194,1,0,0.1307,0,Low Risk
13482,United Kingdom,1,184.64,116,11,233,233,184.64,116.0,0.0043,1,1,0.9966,1,High Risk
13483,United Kingdom,1,140.34,160,10,66,66,140.34,160.0,0.0149,1,0,0.0014,0,Low Risk
13484,United Kingdom,1,313.8,44,8,242,242,313.8,44.0,0.0041,1,1,0.99,1,High Risk
13485,United Kingdom,1,454.24,277,23,234,234,454.24,277.0,0.0043,1,1,0.9916,1,High Risk
13486,United Kingdom,3,1122.41,669,69,79,156,374.14,223.0,0.0191,1,0,0.1919,0,Low Risk
13487,United Kingdom,3,575.4,265,26,58,354,191.8,88.33,0.0085,1,0,0.6195,1,Medium Risk
13488,United Kingdom,13,8968.31,4518,271,18,368,689.87,347.54,0.0352,1,0,0.0177,0,Low Risk
13489,United Kingdom,4,449.52,560,11,106,295,112.38,140.0,0.0135,1,1,0.5629,1,Medium Risk
13491,United Kingdom,10,1215.82,903,73,52,373,121.58,90.3,0.0267,1,0,0.1086,0,Low Risk
13492,Switzerland,3,1269.84,408,38,137,215,423.28,136.0,0.0139,0,1,0.3582,0,Medium Risk
13493,Switzerland,2,618.63,380,6,276,288,309.32,190.0,0.0069,0,1,0.7361,1,High Risk
13494,United Kingdom,1,316.26,162,18,312,312,316.26,162.0,0.0032,1,1,0.9969,1,High Risk
13495,United Kingdom,5,2044.87,829,34,8,369,408.97,165.8,0.0135,1,0,0.3216,0,Medium Risk
13496,United Kingdom,2,653.33,341,28,11,360,326.67,170.5,0.0055,1,0,0.7022,1,High Risk
13497,United Kingdom,2,348.05,163,19,283,369,174.02,81.5,0.0054,1,1,0.7544,1,High Risk
13499,United Kingdom,5,1159.11,1365,31,18,270,231.82,273.0,0.0185,1,0,0.1762,0,Low Risk
13500,United Kingdom,3,1166.77,609,60,24,123,388.92,203.0,0.0242,1,0,0.0807,0,Low Risk
13501,Switzerland,1,1340.32,560,52,289,289,1340.32,560.0,0.0034,0,1,0.9742,1,High Risk
13502,United Kingdom,3,292.0,264,17,17,324,97.33,88.0,0.0092,1,0,0.658,1,Medium Risk
13503,United Kingdom,1,216.85,248,17,72,72,216.85,248.0,0.0137,1,0,0.0015,0,Low Risk
13504,United Kingdom,1,295.93,178,22,65,65,295.93,178.0,0.0152,1,0,0.0014,0,Low Risk
13505,Switzerland,4,4393.63,2486,182,73,233,1098.41,621.5,0.0171,0,0,0.1143,0,Low Risk
13506,United Kingdom,2,458.52,324,26,317,370,229.26,162.0,0.0054,1,1,0.7192,1,High Risk
13507,United Kingdom,4,2479.16,1597,146,4,146,619.79,399.25,0.0272,1,0,0.0616,0,Low Risk
13508,United Kingdom,1,110.97,24,12,244,244,110.97,24.0,0.0041,1,1,0.9976,1,High Risk
13509,United Kingdom,7,979.72,1106,27,9,285,139.96,158.0,0.0245,1,0,0.1108,0,Low Risk
13510,United Kingdom,4,1791.56,1386,86,2,184,447.89,346.5,0.0216,1,0,0.089,0,Low Risk
13512,United Kingdom,1,251.21,143,15,261,261,251.21,143.0,0.0038,1,1,0.9955,1,High Risk
13513,United Kingdom,1,205.1,109,10,127,127,205.1,109.0,0.0078,1,1,0.987,1,High Risk
13514,United Kingdom,1,152.2,40,4,74,74,152.2,40.0,0.0133,1,0,0.001,0,Low Risk
13515,United Kingdom,4,891.12,681,50,73,248,222.78,170.25,0.0161,1,0,0.2759,0,Low Risk
13516,United Kingdom,3,1389.41,985,43,22,239,463.14,328.33,0.0125,1,0,0.355,0,Medium Risk
13517,United Kingdom,3,2128.42,1369,125,60,180,709.47,456.33,0.0166,1,0,0.1505,0,Low Risk
13518,United Kingdom,1,659.44,392,36,86,86,659.44,392.0,0.0115,1,0,0.0109,0,Low Risk
13519,United Kingdom,1,122.75,23,8,79,79,122.75,23.0,0.0125,1,0,0.001,0,Low Risk
13520,Switzerland,6,3624.35,1649,49,59,372,604.06,274.83,0.0161,0,0,0.2095,0,Low Risk
13521,United Kingdom,3,1093.65,736,313,2,11,364.55,245.33,0.25,1,0,0.0085,0,Low Risk
13522,United Kingdom,1,125.8,44,5,31,31,125.8,44.0,0.0312,1,0,0.0054,0,Low Risk
13523,United Kingdom,5,3964.88,1752,157,34,367,792.98,350.4,0.0136,1,0,0.1709,0,Low Risk
13524,United Kingdom,5,680.18,324,17,41,220,136.04,64.8,0.0226,1,0,0.2013,0,Low Risk
13525,United Kingdom,2,628.78,394,5,15,249,314.39,197.0,0.008,1,0,0.7025,1,High Risk
13527,United Kingdom,7,2287.51,1692,153,34,327,326.79,241.71,0.0213,1,0,0.0797,0,Low Risk
13529,United Kingdom,2,307.76,74,15,79,205,153.88,37.0,0.0097,1,0,0.7244,1,High Risk
13531,United Kingdom,2,483.8,174,17,206,367,241.9,87.0,0.0054,1,1,0.7328,1,High Risk
13532,United Kingdom,1,210.31,129,66,34,34,210.31,129.0,0.0286,1,0,0.0086,0,Low Risk
13533,United Kingdom,3,270.79,204,61,183,268,90.26,68.0,0.0112,1,1,0.6523,1,Medium Risk
13534,United Kingdom,25,5870.08,2961,119,3,359,234.8,118.44,0.0694,1,0,0.0246,0,Low Risk
13536,United Kingdom,7,3448.29,2136,91,2,76,492.61,305.14,0.0909,1,0,0.0253,0,Low Risk
13538,United Kingdom,7,1280.85,175,10,44,316,182.98,25.0,0.0221,1,0,0.221,0,Low Risk
13539,United Kingdom,3,631.34,320,35,86,310,210.45,106.67,0.0096,1,0,0.6302,1,Medium Risk
13544,United Kingdom,2,291.41,127,76,40,241,145.71,63.5,0.0083,1,0,0.6443,1,Medium Risk
13546,United Kingdom,3,626.99,359,72,13,201,209.0,119.67,0.0149,1,0,0.3346,0,Medium Risk
13548,United Kingdom,2,682.41,441,114,97,244,341.2,220.5,0.0082,1,1,0.6392,1,Medium Risk
13549,United Kingdom,7,918.2,458,37,26,243,131.17,65.43,0.0287,1,0,0.1797,0,Low Risk
13551,United Kingdom,1,91.8,12,4,320,320,91.8,12.0,0.0031,1,1,0.9976,1,High Risk
13552,United Kingdom,12,3740.07,1417,82,67,316,311.67,118.08,0.0379,1,0,0.056,0,Low Risk
13555,United Kingdom,4,4149.28,2660,128,74,202,1037.32,665.0,0.0197,1,0,0.1007,0,Low Risk
13557,United Kingdom,2,584.06,546,31,29,281,292.03,273.0,0.0071,1,0,0.6862,1,Medium Risk
13558,United Kingdom,4,605.06,344,123,6,69,151.26,86.0,0.0571,1,0,0.0172,0,Low Risk
13560,United Kingdom,1,174.37,64,32,8,8,174.37,64.0,0.1111,1,0,0.0103,0,Low Risk
13561,United Kingdom,1,141.86,83,14,216,216,141.86,83.0,0.0046,1,1,0.9964,1,High Risk
13562,United Kingdom,3,1799.33,757,50,82,246,599.78,252.33,0.0121,1,0,0.3792,0,Medium Risk
13563,United Kingdom,2,777.53,209,49,85,141,388.76,104.5,0.0141,1,0,0.3637,0,Medium Risk
13564,United Kingdom,3,1749.02,661,68,145,369,583.01,220.33,0.0081,1,1,0.5687,1,Medium Risk
13565,United Kingdom,2,240.22,172,35,20,335,120.11,86.0,0.006,1,0,0.6936,1,Medium Risk
13566,United Kingdom,2,874.71,575,134,41,83,437.36,287.5,0.0238,1,0,0.008,0,Low Risk
13568,United Kingdom,1,192.85,70,41,174,174,192.85,70.0,0.0057,1,1,0.9738,1,High Risk
13569,United Kingdom,2,373.75,164,73,18,368,186.88,82.0,0.0054,1,0,0.6231,1,Medium Risk
13570,United Kingdom,1,239.49,161,27,244,244,239.49,161.0,0.0041,1,1,0.997,1,High Risk
13571,United Kingdom,12,2092.32,1759,157,13,254,174.36,146.58,0.0471,1,0,0.0419,0,Low Risk
13572,United Kingdom,1,1384.25,534,32,206,206,1384.25,534.0,0.0048,1,1,0.9809,1,High Risk
13573,United Kingdom,2,294.4,303,24,51,254,147.2,151.5,0.0078,1,0,0.6776,1,Medium Risk
13575,United Kingdom,5,732.07,449,41,24,177,146.41,89.8,0.0281,1,0,0.1614,0,Low Risk
13576,United Kingdom,18,6717.34,2646,78,11,374,373.19,147.0,0.048,1,0,0.0603,0,Low Risk
13577,United Kingdom,4,1687.6,791,61,26,242,421.9,197.75,0.0165,1,0,0.2494,0,Low Risk
13579,United Kingdom,2,467.04,176,19,15,370,233.52,88.0,0.0054,1,0,0.6893,1,Medium Risk
13581,United Kingdom,1,118.0,30,10,310,310,118.0,30.0,0.0032,1,1,0.997,1,High Risk
13583,United Kingdom,1,781.03,725,53,156,156,781.03,725.0,0.0064,1,1,0.9573,1,High Risk
13584,United Kingdom,1,142.4,37,24,307,307,142.4,37.0,0.0032,1,1,0.9951,1,High Risk
13587,United Kingdom,1,712.4,180,8,64,64,712.4,180.0,0.0154,1,0,0.0088,0,Low Risk
13588,United Kingdom,9,2478.95,2606,131,16,256,275.44,289.56,0.035,1,0,0.0415,0,Low Risk
13589,United Kingdom,2,379.65,114,21,15,180,189.82,57.0,0.011,1,0,0.5143,1,Medium Risk
13590,United Kingdom,6,1981.92,1848,70,12,304,330.32,308.0,0.0197,1,0,0.1122,0,Low Risk
13591,United Kingdom,3,1117.13,485,56,65,267,372.38,161.67,0.0112,1,0,0.4705,0,Medium Risk
13592,United Kingdom,4,247.96,84,15,36,265,61.99,21.0,0.015,1,0,0.6832,1,Medium Risk
13593,United Kingdom,5,2037.08,731,77,109,337,407.42,146.2,0.0148,1,1,0.3135,0,Medium Risk
13594,United Kingdom,1,396.97,359,26,53,53,396.97,359.0,0.0185,1,0,0.0069,0,Low Risk
13596,United Kingdom,2,697.04,406,133,6,13,348.52,203.0,0.1429,1,0,0.012,0,Low Risk
13598,United Kingdom,1,180.17,58,33,48,48,180.17,58.0,0.0204,1,0,0.0087,0,Low Risk
13599,United Kingdom,21,5153.67,3294,171,2,367,245.41,156.86,0.0571,1,0,0.0201,0,Low Risk
13600,United Kingdom,1,219.52,324,19,313,313,219.52,324.0,0.0032,1,1,0.9931,1,High Risk
13601,United Kingdom,2,693.32,548,90,46,212,346.66,274.0,0.0094,1,0,0.55,1,Medium Risk
13602,United Kingdom,1,428.89,267,23,65,65,428.89,267.0,0.0152,1,0,0.0056,0,Low Risk
13603,United Kingdom,1,164.34,164,27,27,27,164.34,164.0,0.0357,1,0,0.0002,0,Low Risk
13606,United Kingdom,3,280.54,279,40,30,312,93.51,93.0,0.0096,1,0,0.6342,1,Medium Risk
13607,United Kingdom,1,678.01,290,93,41,41,678.01,290.0,0.0238,1,0,0.0029,0,Low Risk
13610,United Kingdom,7,1131.88,516,165,13,286,161.7,73.71,0.0244,1,0,0.1227,0,Low Risk
13611,United Kingdom,3,1171.8,766,67,90,360,390.6,255.33,0.0083,1,0,0.5595,1,Medium Risk
13614,United Kingdom,4,1610.46,570,171,25,331,402.62,142.5,0.012,1,0,0.331,0,Medium Risk
13615,United Kingdom,1,417.69,189,23,319,319,417.69,189.0,0.0031,1,1,0.9942,1,High Risk
13617,United Kingdom,3,544.18,300,31,41,181,181.39,100.0,0.0165,1,0,0.3107,0,Medium Risk
13618,United Kingdom,1,177.34,246,13,174,174,177.34,246.0,0.0057,1,1,0.9921,1,High Risk
13621,United Kingdom,1,213.85,343,19,117,117,213.85,343.0,0.0085,1,1,0.9839,1,High Risk
13623,United Kingdom,5,747.78,294,75,31,298,149.56,58.8,0.0167,1,0,0.269,0,Low Risk
13626,United Kingdom,1,257.23,209,19,253,253,257.23,209.0,0.0039,1,1,0.9973,1,High Risk
13627,United Kingdom,5,1638.47,1269,84,60,358,327.69,253.8,0.0139,1,0,0.2326,0,Low Risk
13629,United Kingdom,11,7792.36,4372,28,24,339,708.4,397.45,0.0324,1,0,0.0568,0,Low Risk
13630,United Kingdom,7,2031.78,1391,51,6,286,290.25,198.71,0.0244,1,0,0.0762,0,Low Risk
13631,United Kingdom,11,3070.42,467,6,100,268,279.13,42.45,0.0409,1,1,0.366,0,Medium Risk
13632,United Kingdom,5,2121.27,1037,121,25,244,424.25,207.4,0.0204,1,0,0.1028,0,Low Risk
13634,United Kingdom,5,1575.16,704,156,34,328,315.03,140.8,0.0152,1,0,0.2428,0,Low Risk
13635,United Kingdom,1,1071.03,677,62,68,68,1071.03,677.0,0.0145,1,0,0.0104,0,Low Risk
13636,United Kingdom,5,949.12,592,57,37,286,189.82,118.4,0.0174,1,0,0.2429,0,Low Risk
13637,United Kingdom,3,810.5,409,79,53,227,270.17,136.33,0.0132,1,0,0.3343,0,Medium Risk
13638,United Kingdom,1,122.64,93,8,16,16,122.64,93.0,0.0588,1,0,0.0066,0,Low Risk
13639,United Kingdom,1,1033.34,800,39,75,75,1033.34,800.0,0.0132,1,0,0.0067,0,Low Risk
13642,United Kingdom,1,354.8,173,57,216,216,354.8,173.0,0.0046,1,1,0.9871,1,High Risk
13643,United Kingdom,3,519.44,273,24,32,186,173.15,91.0,0.016,1,0,0.3871,0,Medium Risk
13644,United Kingdom,4,2624.26,2067,144,17,106,656.06,516.75,0.0374,1,0,0.0387,0,Low Risk
13645,United Kingdom,1,252.1,158,5,121,121,252.1,158.0,0.0082,1,1,0.9903,1,High Risk
13647,United Kingdom,4,1678.12,895,65,10,235,419.53,223.75,0.0169,1,0,0.2578,0,Low Risk
13649,United Kingdom,2,346.6,139,23,257,367,173.3,69.5,0.0054,1,1,0.8072,1,High Risk
13650,United Kingdom,6,1836.34,922,79,17,268,306.06,153.67,0.0223,1,0,0.1042,0,Low Risk
13651,United Kingdom,2,94.2,33,6,36,40,47.1,16.5,0.0488,1,0,0.0352,0,Low Risk
13652,United Kingdom,3,1095.08,578,48,46,369,365.03,192.67,0.0081,1,0,0.5263,1,Medium Risk
13654,United Kingdom,6,2707.33,2182,157,44,274,451.22,363.67,0.0218,1,0,0.0677,0,Low Risk
13655,United Kingdom,2,932.97,605,52,115,242,466.48,302.5,0.0082,1,1,0.6753,1,Medium Risk
13656,United Kingdom,2,379.65,490,49,165,338,189.82,245.0,0.0059,1,1,0.6739,1,Medium Risk
13657,United Kingdom,2,382.14,209,16,11,202,191.07,104.5,0.0099,1,0,0.627,1,Medium Risk
13658,United Kingdom,5,2639.17,1019,91,10,205,527.83,203.8,0.0243,1,0,0.0807,0,Low Risk
13659,United Kingdom,2,1573.2,894,92,206,321,786.6,447.0,0.0062,1,1,0.7393,1,High Risk
13662,United Kingdom,3,897.76,543,50,86,260,299.25,181.0,0.0115,1,0,0.4798,0,Medium Risk
13663,United Kingdom,1,189.47,91,13,180,180,189.47,91.0,0.0055,1,1,0.9892,1,High Risk
13666,United Kingdom,3,84.65,41,12,61,288,28.22,13.67,0.0104,1,0,0.539,1,Medium Risk
13667,United Kingdom,1,305.02,154,82,150,150,305.02,154.0,0.0066,1,1,0.9646,1,High Risk
13668,United Kingdom,21,6363.59,3742,284,3,363,303.03,178.19,0.0577,1,0,0.0166,0,Low Risk
13669,United Kingdom,2,218.55,237,9,51,150,109.28,118.5,0.0132,1,0,0.4627,0,Medium Risk
13670,United Kingdom,1,349.7,282,25,76,76,349.7,282.0,0.013,1,0,0.0055,0,Low Risk
13672,United Kingdom,2,186.39,57,4,302,333,93.2,28.5,0.006,1,1,0.8085,1,High Risk
13673,United Kingdom,2,396.92,119,47,19,33,198.46,59.5,0.0588,1,0,0.0166,0,Low Risk
13675,United Kingdom,2,486.82,330,25,152,285,243.41,165.0,0.007,1,1,0.7083,1,High Risk
13678,United Kingdom,1,232.6,924,16,152,152,232.6,924.0,0.0065,1,1,0.9809,1,High Risk
13680,United Kingdom,4,3722.42,1936,164,2,340,930.6,484.0,0.0117,1,0,0.2676,0,Low Risk
13681,United Kingdom,4,827.83,360,37,18,156,206.96,90.0,0.0255,1,0,0.134,0,Low Risk
13682,United Kingdom,1,59.5,10,3,188,188,59.5,10.0,0.0053,1,1,0.9953,1,High Risk
13684,United Kingdom,1,67.23,39,29,286,286,67.23,39.0,0.0035,1,1,0.993,1,High Risk
13685,United Kingdom,7,3119.44,5056,29,3,61,445.63,722.29,0.1129,1,0,0.0423,0,Low Risk
13686,United Kingdom,1,72.0,70,8,183,183,72.0,70.0,0.0054,1,1,0.9946,1,High Risk
13689,United Kingdom,1,910.0,512,6,64,64,910.0,512.0,0.0154,1,0,0.0166,0,Low Risk
13690,United Kingdom,1,172.25,67,9,60,60,172.25,67.0,0.0164,1,0,0.0082,0,Low Risk
13692,United Kingdom,3,1488.32,1226,48,25,237,496.11,408.67,0.0126,1,0,0.3157,0,Medium Risk
13694,United Kingdom,50,65039.62,63312,366,4,374,1300.79,1266.24,0.1333,1,0,0.0368,0,Low Risk
13695,United Kingdom,15,2504.13,1603,46,32,260,166.94,106.87,0.0575,1,0,0.0576,0,Low Risk
13697,United Kingdom,1,151.3,177,12,39,39,151.3,177.0,0.025,1,0,0.0017,0,Low Risk
13699,United Kingdom,1,308.58,66,14,156,156,308.58,66.0,0.0064,1,1,0.9869,1,High Risk
13700,United Kingdom,10,2265.12,2304,139,27,328,226.51,230.4,0.0304,1,0,0.0472,0,Low Risk
13703,United Kingdom,1,99.5,10,1,319,319,99.5,10.0,0.0031,1,1,0.9978,1,High Risk
13704,United Kingdom,9,2308.06,1531,111,6,89,256.45,170.11,0.1,1,0,0.0231,0,Low Risk
13705,United Kingdom,3,711.86,363,25,8,374,237.29,121.0,0.008,1,0,0.5683,1,Medium Risk
13706,United Kingdom,1,330.79,189,20,303,303,330.79,189.0,0.0033,1,1,0.9968,1,High Risk
13707,United Kingdom,2,806.41,351,48,268,316,403.2,175.5,0.0063,1,1,0.6692,1,Medium Risk
13708,United Kingdom,1,296.88,306,49,272,272,296.88,306.0,0.0037,1,1,0.9799,1,High Risk
13709,United Kingdom,13,6328.05,3516,244,4,316,486.77,270.46,0.041,1,0,0.0176,0,Low Risk
13710,United Kingdom,1,180.48,176,8,32,32,180.48,176.0,0.0303,1,0,0.0036,0,Low Risk
13711,United Kingdom,2,252.06,140,11,219,219,126.03,70.0,0.0091,1,1,0.7456,1,High Risk
13712,United Kingdom,1,228.84,352,10,247,247,228.84,352.0,0.004,1,1,0.9892,1,High Risk
13715,United Kingdom,5,1079.34,563,89,282,373,215.87,112.6,0.0134,1,1,0.3765,0,Medium Risk
13716,United Kingdom,1,138.28,138,21,270,270,138.28,138.0,0.0037,1,1,0.9963,1,High Risk
13717,United Kingdom,6,1445.01,1959,92,33,299,240.84,326.5,0.02,1,0,0.0992,0,Low Risk
13718,United Kingdom,2,306.55,173,9,247,296,153.28,86.5,0.0067,1,1,0.7425,1,High Risk
13719,United Kingdom,5,1041.68,609,56,16,235,208.34,121.8,0.0212,1,0,0.1282,0,Low Risk
13720,United Kingdom,4,799.9,501,42,117,255,199.98,125.25,0.0156,1,1,0.3479,0,Medium Risk
13721,United Kingdom,1,524.14,316,28,37,37,524.14,316.0,0.0263,1,0,0.0063,0,Low Risk
13722,United Kingdom,3,2375.41,1401,75,132,283,791.8,467.0,0.0106,1,1,0.5904,1,Medium Risk
13723,United Kingdom,1,199.85,43,6,218,218,199.85,43.0,0.0046,1,1,0.9919,1,High Risk
13725,United Kingdom,8,1980.56,806,95,50,309,247.57,100.75,0.0258,1,0,0.084,0,Low Risk
13726,United Kingdom,2,1079.66,1054,39,39,101,539.83,527.0,0.0196,1,0,0.1029,0,Low Risk
13727,United Kingdom,2,333.48,162,19,29,34,166.74,81.0,0.0571,1,0,0.0142,0,Low Risk
13728,United Kingdom,6,1016.14,458,38,37,311,169.36,76.33,0.0192,1,0,0.2381,0,Low Risk
13730,United Kingdom,2,752.6,488,38,136,162,376.3,244.0,0.0123,1,1,0.5211,1,Medium Risk
13731,United Kingdom,2,610.59,278,36,220,247,305.3,139.0,0.0081,1,1,0.6681,1,Medium Risk
13732,United Kingdom,1,491.86,498,33,29,29,491.86,498.0,0.0333,1,0,0.0023,0,Low Risk
13735,United Kingdom,4,2885.24,1130,158,25,235,721.31,282.5,0.0169,1,0,0.1907,0,Low Risk
13736,United Kingdom,2,731.9,497,166,6,261,365.95,248.5,0.0076,1,0,0.5064,1,Medium Risk
13737,United Kingdom,1,339.6,125,29,201,201,339.6,125.0,0.005,1,1,0.9952,1,High Risk
13739,United Kingdom,1,216.9,54,3,19,19,216.9,54.0,0.05,1,0,0.0064,0,Low Risk
13740,United Kingdom,1,350.75,425,23,241,241,350.75,425.0,0.0041,1,1,0.9906,1,High Risk
13741,United Kingdom,3,668.43,218,34,72,218,222.81,72.67,0.0137,1,0,0.4032,0,Medium Risk
13742,United Kingdom,12,3131.02,1124,200,17,321,260.92,93.67,0.0373,1,0,0.0501,0,Low Risk
13743,United Kingdom,7,1341.6,1776,8,3,260,191.66,253.71,0.0268,1,0,0.1132,0,Low Risk
13744,United Kingdom,2,1156.36,1249,54,96,293,578.18,624.5,0.0068,1,1,0.697,1,Medium Risk
13745,United Kingdom,1,300.04,496,25,163,163,300.04,496.0,0.0061,1,1,0.9852,1,High Risk
13747,United Kingdom,1,79.6,8,1,374,374,79.6,8.0,0.0027,1,1,0.9952,1,High Risk
13748,United Kingdom,5,948.25,439,24,96,374,189.65,87.8,0.0133,1,1,0.448,0,Medium Risk
13750,United Kingdom,5,1647.26,516,20,54,337,329.45,103.2,0.0148,1,0,0.3375,0,Medium Risk
13751,United Kingdom,1,296.25,152,9,289,289,296.25,152.0,0.0034,1,1,0.9963,1,High Risk
13752,United Kingdom,6,1186.28,876,64,125,247,197.71,146.0,0.0242,1,1,0.0918,0,Low Risk
13753,United Kingdom,1,741.26,512,35,288,288,741.26,512.0,0.0035,1,1,0.9772,1,High Risk
13754,United Kingdom,2,282.6,214,11,152,318,141.3,107.0,0.0063,1,1,0.7317,1,High Risk
13755,United Kingdom,9,2161.35,1264,232,4,64,240.15,140.44,0.1385,1,0,0.0198,0,Low Risk
13756,United Kingdom,14,5189.52,3188,66,3,368,370.68,227.71,0.0379,1,0,0.033,0,Low Risk
13758,United Kingdom,7,3190.55,1844,104,12,374,455.79,263.43,0.0187,1,0,0.1318,0,Low Risk
13759,United Kingdom,2,659.41,287,24,34,72,329.7,143.5,0.0274,1,0,0.011,0,Low Risk
13760,United Kingdom,2,286.79,197,50,55,257,143.4,98.5,0.0078,1,0,0.6325,1,Medium Risk
13761,United Kingdom,2,1070.65,642,68,51,180,535.33,321.0,0.011,1,0,0.5223,1,Medium Risk
13762,United Kingdom,1,306.72,272,7,219,219,306.72,272.0,0.0045,1,1,0.9959,1,High Risk
13763,United Kingdom,1,1714.96,728,15,64,64,1714.96,728.0,0.0154,1,0,0.0101,0,Low Risk
13764,United Kingdom,3,1521.76,932,183,71,338,507.25,310.67,0.0088,1,0,0.4133,0,Medium Risk
13767,United Kingdom,37,17220.36,7322,55,3,374,465.42,197.89,0.0987,1,0,0.0621,0,Low Risk
13769,United Kingdom,10,2796.51,1163,73,3,368,279.65,116.3,0.0271,1,0,0.0754,0,Low Risk
13771,United Kingdom,4,2634.45,1477,114,65,248,658.61,369.25,0.0161,1,0,0.1736,0,Low Risk
13772,United Kingdom,3,1132.13,546,141,34,240,377.38,182.0,0.0124,1,0,0.3246,0,Medium Risk
13774,United Kingdom,1,345.0,192,22,82,82,345.0,192.0,0.012,1,0,0.0013,0,Low Risk
13777,United Kingdom,33,25977.16,12897,36,1,374,787.19,390.82,0.088,1,0,0.0784,0,Low Risk
13778,United Kingdom,1,178.7,70,9,104,104,178.7,70.0,0.0095,1,1,0.9836,1,High Risk
13780,United Kingdom,2,360.01,318,56,8,171,180.0,159.0,0.0116,1,0,0.4671,0,Medium Risk
13781,United Kingdom,1,127.84,30,17,251,251,127.84,30.0,0.004,1,1,0.9948,1,High Risk
13782,United Kingdom,6,912.0,371,96,13,328,152.0,61.83,0.0182,1,0,0.2372,0,Low Risk
13784,United Kingdom,11,2462.79,2493,9,10,333,223.89,226.64,0.0329,1,0,0.0775,0,Low Risk
13786,United Kingdom,1,230.4,136,7,368,368,230.4,136.0,0.0027,1,1,0.9954,1,High Risk
13787,United Kingdom,2,309.04,337,24,76,365,154.52,168.5,0.0055,1,0,0.7156,1,High Risk
13790,United Kingdom,1,348.8,748,45,5,5,348.8,748.0,0.1667,1,0,0.0064,0,Low Risk
13791,United Kingdom,2,1516.0,1200,7,128,169,758.0,600.0,0.0118,1,1,0.5545,1,Medium Risk
13792,United Kingdom,2,195.55,92,13,67,288,97.78,46.0,0.0069,1,0,0.7652,1,High Risk
13798,United Kingdom,57,37153.85,23948,113,2,373,651.82,420.14,0.1524,1,0,0.0241,0,Low Risk
13799,United Kingdom,2,688.86,402,32,117,295,344.43,201.0,0.0068,1,1,0.7018,1,High Risk
13800,United Kingdom,1,558.32,331,33,310,310,558.32,331.0,0.0032,1,1,0.9814,1,High Risk
13801,United Kingdom,1,324.8,168,23,67,67,324.8,168.0,0.0147,1,0,0.0006,0,Low Risk
13802,United Kingdom,3,4599.42,2572,55,139,312,1533.14,857.33,0.0096,1,1,0.602,1,Medium Risk
13803,United Kingdom,1,277.07,121,17,256,256,277.07,121.0,0.0039,1,1,0.9955,1,High Risk
13804,United Kingdom,7,2635.79,1498,124,31,290,376.54,214.0,0.0241,1,0,0.0708,0,Low Risk
13805,United Kingdom,2,924.6,1900,10,53,130,462.3,950.0,0.0153,1,0,0.3692,0,Medium Risk
13806,United Kingdom,1,256.38,56,10,64,64,256.38,56.0,0.0154,1,0,0.0061,0,Low Risk
13807,United Kingdom,1,112.6,36,7,368,368,112.6,36.0,0.0027,1,1,0.9975,1,High Risk
13808,United Kingdom,5,1747.66,782,70,6,97,349.53,156.4,0.051,1,0,0.0436,0,Low Risk
13809,Cyprus,1,155.05,29,11,306,306,155.05,29.0,0.0033,0,1,0.9971,1,High Risk
13810,Germany,3,1499.01,312,32,29,57,499.67,104.0,0.0517,0,0,0.0156,0,Low Risk
13811,Germany,3,814.5,68,7,184,240,271.5,22.67,0.0124,0,1,0.5095,1,Medium Risk
13812,Germany,3,539.0,333,33,43,106,179.67,111.0,0.028,0,0,0.0587,0,Low Risk
13813,Germany,4,1366.86,552,54,40,135,341.72,138.0,0.0294,0,0,0.0744,0,Low Risk
13814,Germany,2,1579.12,864,37,93,138,789.56,432.0,0.0144,0,1,0.4507,0,Medium Risk
13815,Germany,4,4027.36,2560,132,23,319,1006.84,640.0,0.0125,0,0,0.1928,0,Low Risk
13816,Germany,2,571.67,269,25,24,65,285.83,134.5,0.0303,0,0,0.0198,0,Low Risk
13817,Germany,2,382.98,211,20,30,352,191.49,105.5,0.0057,0,0,0.7203,1,High Risk
13819,United Kingdom,3,1140.35,1109,26,302,320,380.12,369.67,0.0093,1,1,0.6238,1,Medium Risk
13821,United Kingdom,2,385.64,153,51,145,262,192.82,76.5,0.0076,1,1,0.7132,1,High Risk
13822,United Kingdom,2,632.0,611,90,6,41,316.0,305.5,0.0476,1,0,0.0076,0,Low Risk
13823,United Kingdom,2,957.66,439,39,19,92,478.83,219.5,0.0215,1,0,0.0151,0,Low Risk
13824,United Kingdom,5,1698.94,768,34,33,311,339.79,153.6,0.016,1,0,0.2937,0,Low Risk
13826,United Kingdom,1,189.5,82,10,177,177,189.5,82.0,0.0056,1,1,0.9882,1,High Risk
13827,United Kingdom,3,412.05,141,83,58,144,137.35,47.0,0.0207,1,0,0.1667,0,Low Risk
13828,United Kingdom,1,209.49,311,15,23,23,209.49,311.0,0.0417,1,0,0.0017,0,Low Risk
13831,United Kingdom,6,2202.99,745,58,17,370,367.16,124.17,0.0162,1,0,0.2354,0,Low Risk
13832,United Kingdom,1,52.2,28,3,20,20,52.2,28.0,0.0476,1,0,0.0008,0,Low Risk
13833,United Kingdom,1,384.8,118,28,160,160,384.8,118.0,0.0062,1,1,0.9901,1,High Risk
13835,United Kingdom,4,834.57,442,48,26,216,208.64,110.5,0.0184,1,0,0.235,0,Low Risk
13837,United Kingdom,2,271.24,183,17,212,318,135.62,91.5,0.0063,1,1,0.7442,1,High Risk
13838,United Kingdom,4,691.73,263,144,6,370,172.93,65.75,0.0108,1,0,0.4574,0,Medium Risk
13841,United Kingdom,1,85.0,100,1,253,253,85.0,100.0,0.0039,1,1,0.9954,1,High Risk
13842,United Kingdom,9,3385.62,1768,155,59,367,376.18,196.44,0.0245,1,0,0.0546,0,Low Risk
13844,United Kingdom,1,361.62,196,20,12,12,361.62,196.0,0.0769,1,0,0.0009,0,Low Risk
13845,United Kingdom,1,312.98,182,9,65,65,312.98,182.0,0.0152,1,0,0.0008,0,Low Risk
13846,United Kingdom,3,865.06,388,55,25,361,288.35,129.33,0.0083,1,0,0.5645,1,Medium Risk
13848,United Kingdom,3,1255.0,3700,3,93,367,418.33,1233.33,0.0082,1,1,0.6706,1,Medium Risk
13849,United Kingdom,2,1537.95,1016,97,52,171,768.98,508.0,0.0116,1,0,0.4007,0,Medium Risk
13850,United Kingdom,1,1595.48,944,93,130,130,1595.48,944.0,0.0076,1,1,0.9329,1,High Risk
13851,United Kingdom,3,2651.46,1705,77,96,289,883.82,568.33,0.0103,1,1,0.5931,1,Medium Risk
13853,United Kingdom,1,1090.14,312,23,58,58,1090.14,312.0,0.0169,1,0,0.0112,0,Low Risk
13854,United Kingdom,25,8109.52,2296,39,9,366,324.38,91.84,0.0681,1,0,0.0478,0,Low Risk
13856,United Kingdom,3,388.5,494,10,169,204,129.5,164.67,0.0146,1,1,0.5603,1,Medium Risk
13858,United Kingdom,1,216.17,75,11,58,58,216.17,75.0,0.0169,1,0,0.0072,0,Low Risk
13859,United Kingdom,1,201.16,129,27,327,327,201.16,129.0,0.003,1,1,0.9965,1,High Risk
13860,United Kingdom,5,1245.9,591,58,2,87,249.18,118.2,0.0568,1,0,0.0158,0,Low Risk
13862,United Kingdom,8,2209.36,1688,97,19,333,276.17,211.0,0.024,1,0,0.068,0,Low Risk
13863,United Kingdom,1,305.78,224,20,248,248,305.78,224.0,0.004,1,1,0.9967,1,High Risk
13865,United Kingdom,4,501.56,204,26,59,290,125.39,51.0,0.0137,1,0,0.5462,1,Medium Risk
13866,United Kingdom,1,145.67,57,7,75,75,145.67,57.0,0.0132,1,0,0.0066,0,Low Risk
13867,United Kingdom,3,1015.29,513,51,32,219,338.43,171.0,0.0136,1,0,0.3544,0,Medium Risk
13868,United Kingdom,2,3192.54,1964,32,8,39,1596.27,982.0,0.05,1,0,0.0212,0,Low Risk
13869,United Kingdom,4,3104.95,1721,234,124,358,776.24,430.25,0.0111,1,1,0.3902,0,Medium Risk
13870,United Kingdom,8,2770.94,1325,91,3,288,346.37,165.62,0.0277,1,0,0.0704,0,Low Risk
13871,United Kingdom,13,6403.25,2806,155,23,309,492.56,215.85,0.0419,1,0,0.0209,0,Low Risk
13873,United Kingdom,3,389.6,140,21,120,310,129.87,46.67,0.0096,1,1,0.7236,1,High Risk
13874,United Kingdom,1,540.45,180,18,359,359,540.45,180.0,0.0028,1,1,0.9902,1,High Risk
13875,United Kingdom,5,1786.79,1316,79,54,302,357.36,263.2,0.0165,1,0,0.1845,0,Low Risk
13876,United Kingdom,1,122.7,36,7,64,64,122.7,36.0,0.0154,1,0,0.0011,0,Low Risk
13877,United Kingdom,1,117.24,108,3,87,87,117.24,108.0,0.0114,1,0,0.0066,0,Low Risk
13878,United Kingdom,1,1281.53,475,35,55,55,1281.53,475.0,0.0179,1,0,0.0072,0,Low Risk
13880,United Kingdom,13,3219.77,1842,125,22,368,247.67,141.69,0.0352,1,0,0.0365,0,Low Risk
13881,United Kingdom,20,17159.52,10118,72,4,312,857.98,505.9,0.0639,1,0,0.0461,0,Low Risk
13882,United Kingdom,5,1191.13,953,54,3,65,238.23,190.6,0.0758,1,0,0.019,0,Low Risk
13883,United Kingdom,5,2674.48,1436,108,11,254,534.9,287.2,0.0196,1,0,0.1223,0,Low Risk
13884,United Kingdom,5,787.6,300,45,8,284,157.52,60.0,0.0175,1,0,0.289,0,Low Risk
13885,United Kingdom,2,506.8,182,28,190,201,253.4,91.0,0.0099,1,1,0.6682,1,Medium Risk
13886,United Kingdom,1,243.56,126,16,72,72,243.56,126.0,0.0137,1,0,0.0063,0,Low Risk
13887,United Kingdom,1,349.55,147,19,205,205,349.55,147.0,0.0049,1,1,0.9966,1,High Risk
13888,United Kingdom,2,605.63,258,38,120,219,302.82,129.0,0.0091,1,1,0.6498,1,Medium Risk
13889,United Kingdom,1,416.9,146,15,93,93,416.9,146.0,0.0106,1,1,0.9074,1,High Risk
13890,United Kingdom,10,1883.81,831,74,2,359,188.38,83.1,0.0278,1,0,0.0759,0,Low Risk
13892,United Kingdom,4,632.97,983,26,27,247,158.24,245.75,0.0161,1,0,0.3653,0,Medium Risk
13893,United Kingdom,1,821.1,190,21,298,298,821.1,190.0,0.0033,1,1,0.9762,1,High Risk
13894,United Kingdom,3,564.62,354,25,24,311,188.21,118.0,0.0096,1,0,0.6125,1,Medium Risk
13895,United Kingdom,4,2593.07,1365,97,29,165,648.27,341.25,0.0241,1,0,0.0712,0,Low Risk
13897,United Kingdom,1,311.16,200,17,51,51,311.16,200.0,0.0192,1,0,0.0013,0,Low Risk
13898,United Kingdom,1,155.93,133,12,326,326,155.93,133.0,0.0031,1,1,0.9963,1,High Risk
13899,United Kingdom,2,388.52,156,19,17,275,194.26,78.0,0.0072,1,0,0.7915,1,High Risk
13900,United Kingdom,3,740.95,430,42,184,263,246.98,143.33,0.0114,1,1,0.5039,1,Medium Risk
13901,United Kingdom,5,2867.2,1739,144,73,319,573.44,347.8,0.0156,1,0,0.1517,0,Low Risk
13904,United Kingdom,2,332.64,332,24,38,295,166.32,166.0,0.0068,1,0,0.7048,1,High Risk
13908,United Kingdom,4,2369.55,1478,104,80,277,592.39,369.5,0.0144,1,0,0.2062,0,Low Risk
13911,United Kingdom,9,2580.91,2731,120,58,309,286.77,303.44,0.029,1,0,0.0476,0,Low Risk
13914,United Kingdom,2,626.45,380,28,12,37,313.23,190.0,0.0526,1,0,0.0238,0,Low Risk
13917,United Kingdom,2,272.04,228,16,50,192,136.02,114.0,0.0104,1,0,0.5684,1,Medium Risk
13918,United Kingdom,2,1212.84,1140,30,50,254,606.42,570.0,0.0078,1,0,0.7013,1,High Risk
13919,Denmark,2,384.81,474,24,60,122,192.4,237.0,0.0163,0,0,0.3221,0,Medium Risk
13922,United Kingdom,1,172.25,93,7,352,352,172.25,93.0,0.0028,1,1,0.9963,1,High Risk
13923,United Kingdom,1,351.13,185,20,54,54,351.13,185.0,0.0182,1,0,0.0042,0,Low Risk
13924,United Kingdom,6,1838.85,1575,90,2,73,306.47,262.5,0.0811,1,0,0.0211,0,Low Risk
13925,United Kingdom,4,678.25,331,28,93,135,169.56,82.75,0.0294,1,1,0.104,0,Low Risk
13926,United Kingdom,1,223.85,104,11,24,24,223.85,104.0,0.04,1,0,0.0065,0,Low Risk
13927,United Kingdom,1,348.99,214,21,75,75,348.99,214.0,0.0132,1,0,0.0007,0,Low Risk
13928,United Kingdom,4,464.57,129,23,11,134,116.14,32.25,0.0296,1,0,0.186,0,Low Risk
13929,United Kingdom,2,842.65,143,8,170,327,421.32,71.5,0.0061,1,1,0.7918,1,High Risk
13930,United Kingdom,2,337.34,274,15,58,137,168.67,137.0,0.0145,1,0,0.4423,0,Medium Risk
13931,United Kingdom,2,1237.53,725,56,96,281,618.76,362.5,0.0071,1,1,0.6975,1,Medium Risk
13932,United Kingdom,1,307.4,72,16,295,295,307.4,72.0,0.0034,1,1,0.9936,1,High Risk
13933,United Kingdom,2,608.79,205,23,110,149,304.4,102.5,0.0133,1,1,0.5324,1,Medium Risk
13934,United Kingdom,1,922.1,390,31,264,264,922.1,390.0,0.0038,1,1,0.9765,1,High Risk
13936,United Kingdom,1,376.58,330,26,180,180,376.58,330.0,0.0055,1,1,0.9875,1,High Risk
13937,United Kingdom,1,158.85,123,9,170,170,158.85,123.0,0.0058,1,1,0.9948,1,High Risk
13938,United Kingdom,1,71.66,70,7,36,36,71.66,70.0,0.027,1,0,0.006,0,Low Risk
13939,United Kingdom,3,568.55,847,43,24,312,189.52,282.33,0.0096,1,0,0.5462,1,Medium Risk
13940,United Kingdom,4,839.14,516,39,18,145,209.78,129.0,0.0274,1,0,0.0989,0,Low Risk
13941,United Kingdom,5,5112.96,2364,24,22,373,1022.59,472.8,0.0134,1,0,0.2155,0,Low Risk
13946,United Kingdom,3,561.57,443,11,80,268,187.19,147.67,0.0112,1,0,0.5514,1,Medium Risk
13947,United Kingdom,1,90.6,44,5,66,66,90.6,44.0,0.0149,1,0,0.0094,0,Low Risk
13948,United Kingdom,1,102.0,40,3,361,361,102.0,40.0,0.0028,1,1,0.9975,1,High Risk
13949,United Kingdom,6,2427.32,2474,124,3,95,404.55,412.33,0.0625,1,0,0.041,0,Low Risk
13950,United Kingdom,4,745.06,323,33,12,247,186.26,80.75,0.0161,1,0,0.2942,0,Low Risk
13951,United Kingdom,3,674.45,459,38,177,295,224.82,153.0,0.0101,1,1,0.6317,1,Medium Risk
13952,United Kingdom,2,3251.07,1431,120,218,239,1625.54,715.5,0.0083,1,1,0.5644,1,Medium Risk
13953,United Kingdom,7,3515.68,2724,8,8,353,502.24,389.14,0.0198,1,0,0.1554,0,Low Risk
13954,United Kingdom,2,439.92,150,24,2,71,219.96,75.0,0.0278,1,0,0.014,0,Low Risk
13955,United Kingdom,2,322.96,154,33,155,306,161.48,77.0,0.0065,1,1,0.7789,1,High Risk
13956,United Kingdom,5,1026.42,491,123,6,272,205.28,98.2,0.0183,1,0,0.2005,0,Low Risk
13959,United Kingdom,3,598.2,357,79,80,363,199.4,119.0,0.0082,1,0,0.5131,1,Medium Risk
13960,United Kingdom,2,230.22,142,11,22,72,115.11,71.0,0.0274,1,0,0.0146,0,Low Risk
13962,United Kingdom,2,169.55,87,11,22,246,84.78,43.5,0.0081,1,0,0.7534,1,High Risk
13963,United Kingdom,4,664.54,460,35,309,368,166.14,115.0,0.0108,1,1,0.6002,1,Medium Risk
13967,United Kingdom,1,80.7,42,2,146,146,80.7,42.0,0.0068,1,1,0.9922,1,High Risk
13969,United Kingdom,18,9053.94,4542,334,8,366,503.0,252.33,0.049,1,0,0.017,0,Low Risk
13971,United Kingdom,8,2758.26,1844,118,19,286,344.78,230.5,0.0279,1,0,0.0538,0,Low Risk
13972,United Kingdom,2,190.25,187,15,71,202,95.12,93.5,0.0099,1,0,0.638,1,Medium Risk
13973,United Kingdom,1,264.7,109,11,288,288,264.7,109.0,0.0035,1,1,0.9955,1,High Risk
13974,United Kingdom,1,413.59,249,28,50,50,413.59,249.0,0.0196,1,0,0.0065,0,Low Risk
13975,United Kingdom,6,2526.28,1732,240,32,277,421.05,288.67,0.0216,1,0,0.0772,0,Low Risk
13976,United Kingdom,1,357.98,154,10,207,207,357.98,154.0,0.0048,1,1,0.9961,1,High Risk
13978,United Kingdom,2,196.79,315,14,15,46,98.4,157.5,0.0426,1,0,0.0063,0,Low Risk
13979,United Kingdom,1,869.87,639,54,74,74,869.87,639.0,0.0133,1,0,0.0093,0,Low Risk
13980,United Kingdom,1,200.14,172,11,61,61,200.14,172.0,0.0161,1,0,0.0023,0,Low Risk
13982,United Kingdom,4,1871.81,1136,72,40,366,467.95,284.0,0.0109,1,0,0.446,0,Medium Risk
13983,United Kingdom,12,2603.43,1183,91,30,367,216.95,98.58,0.0326,1,0,0.0597,0,Low Risk
13984,United Kingdom,5,920.51,679,14,27,367,184.1,135.8,0.0136,1,0,0.3536,0,Medium Risk
13985,United Kingdom,15,7060.13,3445,108,5,265,470.68,229.67,0.0564,1,0,0.0259,0,Low Risk
13986,United Kingdom,1,320.46,430,12,18,18,320.46,430.0,0.0526,1,0,0.0019,0,Low Risk
13988,United Kingdom,6,4147.96,3044,188,20,255,691.33,507.33,0.0234,1,0,0.0392,0,Low Risk
13989,United Kingdom,2,1266.08,1313,33,66,240,633.04,656.5,0.0083,1,0,0.6746,1,Medium Risk
13990,United Kingdom,1,311.3,190,16,214,214,311.3,190.0,0.0047,1,1,0.997,1,High Risk
13991,United Kingdom,6,855.97,998,58,13,144,142.66,166.33,0.0414,1,0,0.0839,0,Low Risk
13992,United Kingdom,1,76.8,64,5,31,31,76.8,64.0,0.0312,1,0,0.0149,0,Low Risk
13993,United Kingdom,9,3466.36,900,66,43,331,385.15,100.0,0.0271,1,0,0.0894,0,Low Risk
13994,United Kingdom,6,2313.14,940,122,4,149,385.52,156.67,0.04,1,0,0.0544,0,Low Risk
13995,United Kingdom,5,1393.69,879,55,16,246,278.74,175.8,0.0202,1,0,0.126,0,Low Risk
13999,United Kingdom,12,3901.81,2243,102,11,362,325.15,186.92,0.0331,1,0,0.0276,0,Low Risk
14000,United Kingdom,1,635.66,710,15,212,212,635.66,710.0,0.0047,1,1,0.9781,1,High Risk
14001,United Kingdom,3,2043.08,962,34,46,374,681.03,320.67,0.008,1,0,0.5308,1,Medium Risk
14002,United Kingdom,2,529.73,877,47,135,157,264.86,438.5,0.0127,1,1,0.5287,1,Medium Risk
14004,United Kingdom,7,4582.64,2668,102,44,289,654.66,381.14,0.0241,1,0,0.0441,0,Low Risk
14005,United Kingdom,5,2874.72,2478,53,10,216,574.94,495.6,0.023,1,0,0.0846,0,Low Risk
14006,United Kingdom,3,962.19,641,22,116,313,320.73,213.67,0.0096,1,1,0.6344,1,Medium Risk
14009,United Kingdom,2,695.61,365,42,199,206,347.8,182.5,0.0097,1,1,0.6252,1,Medium Risk
14012,United Kingdom,1,328.8,160,11,278,278,328.8,160.0,0.0036,1,1,0.9966,1,High Risk
14013,United Kingdom,3,473.02,462,30,111,276,157.67,154.0,0.0108,1,1,0.6628,1,Medium Risk
14014,United Kingdom,1,505.18,1076,39,78,78,505.18,1076.0,0.0127,1,0,0.0221,0,Low Risk
14015,United Kingdom,1,917.34,378,20,53,53,917.34,378.0,0.0185,1,0,0.0074,0,Low Risk
14016,EIRE,4,4341.21,2125,154,162,358,1085.3,531.25,0.0111,0,1,0.3947,0,Medium Risk
14019,United Kingdom,3,1421.61,1037,37,47,139,473.87,345.67,0.0214,1,0,0.1077,0,Low Risk
14020,United Kingdom,2,642.8,441,37,17,89,321.4,220.5,0.0222,1,0,0.0078,0,Low Risk
14021,United Kingdom,3,631.9,192,22,156,257,210.63,64.0,0.0116,1,1,0.591,1,Medium Risk
14022,United Kingdom,1,440.0,487,28,226,226,440.0,487.0,0.0044,1,1,0.9905,1,High Risk
14023,United Kingdom,2,584.07,345,30,8,251,292.04,172.5,0.0079,1,0,0.6831,1,Medium Risk
14024,United Kingdom,2,327.7,150,16,122,125,163.85,75.0,0.0159,1,1,0.3892,0,Medium Risk
14027,United Kingdom,1,104.82,62,6,61,61,104.82,62.0,0.0161,1,0,0.008,0,Low Risk
14029,United Kingdom,2,467.66,198,15,64,145,233.83,99.0,0.0137,1,0,0.495,0,Medium Risk
14030,United Kingdom,8,2360.09,1479,210,19,367,295.01,184.88,0.0217,1,0,0.0738,0,Low Risk
14031,United Kingdom,19,17286.86,5788,119,8,373,909.83,304.63,0.0508,1,0,0.0228,0,Low Risk
14032,United Kingdom,11,2975.59,2032,53,3,367,270.51,184.73,0.0299,1,0,0.0556,0,Low Risk
14034,United Kingdom,3,651.82,423,82,23,158,217.27,141.0,0.0189,1,0,0.2473,0,Low Risk
14035,United Kingdom,5,1428.02,739,41,29,298,285.6,147.8,0.0167,1,0,0.2316,0,Low Risk
14036,United Kingdom,1,626.65,268,38,285,285,626.65,268.0,0.0035,1,1,0.9847,1,High Risk
14037,United Kingdom,2,147.2,46,27,177,365,73.6,23.0,0.0055,1,1,0.8176,1,High Risk
14038,United Kingdom,3,1560.38,965,64,79,208,520.13,321.67,0.0144,1,0,0.2793,0,Low Risk
14039,United Kingdom,1,152.2,92,6,34,34,152.2,92.0,0.0286,1,0,0.0066,0,Low Risk
14040,United Kingdom,12,3614.92,1554,146,41,332,301.24,129.5,0.036,1,0,0.0671,0,Low Risk
14041,United Kingdom,1,141.41,94,21,267,267,141.41,94.0,0.0037,1,1,0.9963,1,High Risk
14044,United Kingdom,4,652.82,308,165,27,310,163.21,77.0,0.0129,1,0,0.3299,0,Medium Risk
14045,United Kingdom,4,1659.75,535,4,110,374,414.94,133.75,0.0107,1,1,0.5948,1,Medium Risk
14046,United Kingdom,1,154.99,460,14,285,285,154.99,460.0,0.0035,1,1,0.9932,1,High Risk
14047,United Kingdom,5,1308.61,381,22,9,373,261.72,76.2,0.0134,1,0,0.3973,0,Medium Risk
14048,United Kingdom,1,409.93,288,83,306,306,409.93,288.0,0.0033,1,1,0.9698,1,High Risk
14049,United Kingdom,4,5681.72,3870,348,17,318,1420.43,967.5,0.0125,1,0,0.1696,0,Low Risk
14050,United Kingdom,2,746.36,689,49,32,107,373.18,344.5,0.0185,1,0,0.181,0,Low Risk
14051,United Kingdom,23,15610.39,3756,52,1,367,678.71,163.3,0.0625,1,0,0.0371,0,Low Risk
14052,United Kingdom,1,225.36,89,56,20,20,225.36,89.0,0.0476,1,0,0.0083,0,Low Risk
14053,United Kingdom,2,260.25,215,2,125,160,130.12,107.5,0.0124,1,1,0.5374,1,Medium Risk
14054,United Kingdom,1,92.46,62,6,66,66,92.46,62.0,0.0149,1,0,0.0111,0,Low Risk
14055,United Kingdom,1,725.64,216,10,107,107,725.64,216.0,0.0093,1,1,0.9634,1,High Risk
14056,United Kingdom,23,8214.65,4273,320,2,285,357.16,185.78,0.0804,1,0,0.0176,0,Low Risk
14057,United Kingdom,17,6217.96,4876,179,24,361,365.76,286.82,0.047,1,0,0.016,0,Low Risk
14059,United Kingdom,1,183.6,128,8,267,267,183.6,128.0,0.0037,1,1,0.9963,1,High Risk
14060,United Kingdom,19,6140.42,5386,86,5,373,323.18,283.47,0.0508,1,0,0.0268,0,Low Risk
14062,United Kingdom,12,10464.85,5593,60,10,365,872.07,466.08,0.0328,1,0,0.0431,0,Low Risk
14064,United Kingdom,5,1353.74,1788,59,30,275,270.75,357.6,0.0181,1,0,0.1622,0,Low Risk
14066,United Kingdom,1,152.55,45,7,267,267,152.55,45.0,0.0037,1,1,0.9932,1,High Risk
14067,United Kingdom,2,374.7,361,51,64,97,187.35,180.5,0.0204,1,0,0.092,0,Low Risk
14068,United Kingdom,1,265.85,73,22,321,321,265.85,73.0,0.0031,1,1,0.9931,1,High Risk
14071,United Kingdom,8,1438.82,995,271,4,265,179.85,124.38,0.0301,1,0,0.0625,0,Low Risk
14073,United Kingdom,1,151.04,130,13,33,33,151.04,130.0,0.0294,1,0,0.0074,0,Low Risk
14075,United Kingdom,3,942.26,754,33,5,262,314.09,251.33,0.0114,1,0,0.5096,1,Medium Risk
14076,United Kingdom,1,122.47,81,43,130,130,122.47,81.0,0.0076,1,1,0.958,1,High Risk
14077,United Kingdom,5,499.42,268,33,41,275,99.88,53.6,0.0181,1,0,0.3995,0,Medium Risk
14078,United Kingdom,6,1049.37,310,46,102,374,174.9,51.67,0.016,1,1,0.4349,0,Medium Risk
14079,United Kingdom,1,375.1,301,12,125,125,375.1,301.0,0.0079,1,1,0.9882,1,High Risk
14080,United Kingdom,1,45.6,48,4,33,33,45.6,48.0,0.0294,1,0,0.0048,0,Low Risk
14081,United Kingdom,2,934.52,596,126,303,370,467.26,298.0,0.0054,1,1,0.6524,1,Medium Risk
14082,United Kingdom,1,182.25,110,28,365,365,182.25,110.0,0.0027,1,1,0.9966,1,High Risk
14083,United Kingdom,9,1018.43,732,162,5,372,113.16,81.33,0.0241,1,0,0.1461,0,Low Risk
14085,United Kingdom,18,4448.54,3184,272,3,369,247.14,176.89,0.0486,1,0,0.0165,0,Low Risk
14087,United Kingdom,1,194.42,251,61,3,3,194.42,251.0,0.25,1,0,0.0009,0,Low Risk
14088,United Kingdom,13,50491.81,12665,379,11,323,3883.99,974.23,0.0401,1,0,0.0248,0,Low Risk
14089,United Kingdom,1,161.0,134,13,57,57,161.0,134.0,0.0172,1,0,0.008,0,Low Risk
14090,United Kingdom,1,76.32,72,1,325,325,76.32,72.0,0.0031,1,1,0.9968,1,High Risk
14092,United Kingdom,14,4076.91,2066,117,8,359,291.21,147.57,0.0389,1,0,0.0226,0,Low Risk
14093,United Kingdom,1,442.85,406,95,13,13,442.85,406.0,0.0714,1,0,0.0032,0,Low Risk
14096,United Kingdom,17,65164.79,16352,1119,5,102,3833.22,961.88,0.165,1,0,0.0235,0,Low Risk
14098,United Kingdom,1,147.35,104,21,37,37,147.35,104.0,0.0263,1,0,0.0073,0,Low Risk
14099,United Kingdom,11,3104.17,2179,167,17,355,282.2,198.09,0.0309,1,0,0.0423,0,Low Risk
14100,United Kingdom,1,194.9,64,24,138,138,194.9,64.0,0.0072,1,1,0.9883,1,High Risk
14101,United Kingdom,6,5976.79,6942,15,74,327,996.13,1157.0,0.0183,1,0,0.1441,0,Low Risk
14102,United Kingdom,5,1360.28,961,35,6,45,272.06,192.2,0.1087,1,0,0.0198,0,Low Risk
14104,United Kingdom,2,216.21,72,21,155,166,108.1,36.0,0.012,1,1,0.5854,1,Medium Risk
14105,United Kingdom,1,1266.23,800,74,240,240,1266.23,800.0,0.0041,1,1,0.9705,1,High Risk
14107,United Kingdom,7,2703.23,1793,61,52,365,386.18,256.14,0.0191,1,0,0.1055,0,Low Risk
14108,United Kingdom,2,597.91,381,33,31,102,298.96,190.5,0.0194,1,0,0.158,0,Low Risk
14109,United Kingdom,1,144.2,88,9,73,73,144.2,88.0,0.0135,1,0,0.0066,0,Low Risk
14110,United Kingdom,12,5683.15,2445,94,4,267,473.6,203.75,0.0448,1,0,0.0295,0,Low Risk
14111,United Kingdom,4,692.85,458,10,15,242,173.21,114.5,0.0165,1,0,0.3874,0,Medium Risk
14112,United Kingdom,7,2915.15,1651,117,23,276,416.45,235.86,0.0253,1,0,0.0713,0,Low Risk
14113,United Kingdom,4,1840.42,745,26,4,355,460.1,186.25,0.0112,1,0,0.4561,0,Medium Risk
14114,United Kingdom,2,386.53,101,15,274,331,193.26,50.5,0.006,1,1,0.7975,1,High Risk
14116,United Kingdom,5,1382.74,707,61,20,122,276.55,141.4,0.0407,1,0,0.0539,0,Low Risk
14117,United Kingdom,1,90.0,72,3,144,144,90.0,72.0,0.0069,1,1,0.993,1,High Risk
14121,United Kingdom,4,2780.15,2082,148,4,60,695.04,520.5,0.0656,1,0,0.0211,0,Low Risk
14124,United Kingdom,1,419.58,1618,4,85,85,419.58,1618.0,0.0116,1,0,0.0237,0,Low Risk
14125,United Kingdom,3,2740.43,1640,159,11,79,913.48,546.67,0.0375,1,0,0.0158,0,Low Risk
14126,United Kingdom,3,706.13,508,14,8,11,235.38,169.33,0.25,1,0,0.0106,0,Low Risk
14127,United Kingdom,3,709.71,321,39,123,311,236.57,107.0,0.0096,1,1,0.6171,1,Medium Risk
14128,United Kingdom,2,637.5,564,40,61,256,318.75,282.0,0.0078,1,0,0.6405,1,Medium Risk
14129,United Kingdom,5,1123.86,592,31,2,261,224.77,118.4,0.0191,1,0,0.2092,0,Low Risk
14130,United Kingdom,1,483.86,258,66,320,320,483.86,258.0,0.0031,1,1,0.9752,1,High Risk
14132,United Kingdom,11,3586.03,3368,100,3,184,326.0,306.18,0.0595,1,0,0.0595,0,Low Risk
14133,United Kingdom,3,605.64,348,25,130,316,201.88,116.0,0.0095,1,1,0.6182,1,Medium Risk
14135,United Kingdom,15,4690.31,3850,95,2,373,312.69,256.67,0.0401,1,0,0.0244,0,Low Risk
14138,United Kingdom,2,982.38,610,40,2,64,491.19,305.0,0.0308,1,0,0.0047,0,Low Risk
14139,United Kingdom,1,415.82,510,26,47,47,415.82,510.0,0.0208,1,0,0.0064,0,Low Risk
14140,United Kingdom,2,935.05,811,60,4,32,467.52,405.5,0.0606,1,0,0.0058,0,Low Risk
14141,United Kingdom,4,915.13,355,27,3,106,228.78,88.75,0.0374,1,0,0.0638,0,Low Risk
14142,United Kingdom,1,311.81,313,22,374,374,311.81,313.0,0.0027,1,1,0.9929,1,High Risk
14143,United Kingdom,1,115.8,30,7,134,134,115.8,30.0,0.0074,1,1,0.9922,1,High Risk
14145,United Kingdom,4,3742.2,756,6,47,218,935.55,189.0,0.0183,1,0,0.3845,0,Medium Risk
14146,United Kingdom,5,4191.0,2437,183,9,358,838.2,487.4,0.0139,1,0,0.1257,0,Low Risk
14147,United Kingdom,2,483.4,108,4,79,286,241.7,54.0,0.007,1,0,0.7397,1,High Risk
14148,United Kingdom,1,157.2,16,3,234,234,157.2,16.0,0.0043,1,1,0.9977,1,High Risk
14149,United Kingdom,1,446.62,218,28,221,221,446.62,218.0,0.0045,1,1,0.9945,1,High Risk
14150,United Kingdom,2,658.64,496,23,36,360,329.32,248.0,0.0055,1,0,0.6982,1,Medium Risk
14152,United Kingdom,2,621.29,711,47,76,235,310.64,355.5,0.0085,1,0,0.6093,1,Medium Risk
14154,United Kingdom,2,1345.62,465,52,240,240,672.81,232.5,0.0083,1,1,0.6999,1,Medium Risk
14155,United Kingdom,1,118.75,25,6,267,267,118.75,25.0,0.0037,1,1,0.997,1,High Risk
14156,EIRE,55,117379.63,57885,714,10,372,2134.18,1052.45,0.1475,0,0,0.0255,0,Low Risk
14157,United Kingdom,2,432.88,284,45,20,286,216.44,142.0,0.007,1,0,0.6635,1,Medium Risk
14158,United Kingdom,1,507.66,781,41,41,41,507.66,781.0,0.0238,1,0,0.0037,0,Low Risk
14159,United Kingdom,11,4693.01,4408,501,20,363,426.64,400.73,0.0302,1,0,0.0255,0,Low Risk
14161,United Kingdom,3,1110.52,455,87,216,370,370.17,151.67,0.0081,1,1,0.5163,1,Medium Risk
14162,United Kingdom,2,289.36,142,25,174,293,144.68,71.0,0.0068,1,1,0.7856,1,High Risk
14163,United Kingdom,4,2445.91,893,36,88,240,611.48,223.25,0.0166,1,0,0.2613,0,Low Risk
14164,United Kingdom,2,1631.77,1033,28,71,81,815.88,516.5,0.0244,1,0,0.0117,0,Low Risk
14165,United Kingdom,1,122.54,54,23,276,276,122.54,54.0,0.0036,1,1,0.9925,1,High Risk
14167,United Kingdom,4,574.84,150,27,40,332,143.71,37.5,0.012,1,0,0.591,1,Medium Risk
14171,United Kingdom,1,363.79,167,57,99,99,363.79,167.0,0.01,1,1,0.9465,1,High Risk
14173,United Kingdom,4,450.84,150,28,11,220,112.71,37.5,0.0181,1,0,0.4447,0,Medium Risk
14174,United Kingdom,1,134.46,94,26,34,34,134.46,94.0,0.0286,1,0,0.0059,0,Low Risk
14175,United Kingdom,3,3222.3,1515,139,60,330,1074.1,505.0,0.0091,1,0,0.4538,0,Medium Risk
14176,United Kingdom,4,576.9,209,28,298,368,144.22,52.25,0.0108,1,1,0.6766,1,Medium Risk
14177,United Kingdom,4,559.41,205,37,87,180,139.85,51.25,0.0221,1,0,0.2001,0,Low Risk
14178,United Kingdom,7,1620.93,1505,191,9,183,231.56,215.0,0.038,1,0,0.0467,0,Low Risk
14179,United Kingdom,2,719.78,330,135,41,53,359.89,165.0,0.037,1,0,0.0167,0,Low Risk
14180,United Kingdom,25,4748.52,719,112,11,373,189.94,28.76,0.0668,1,0,0.1704,0,Low Risk
14184,United Kingdom,1,452.89,127,24,67,67,452.89,127.0,0.0147,1,0,0.0052,0,Low Risk
14185,United Kingdom,1,197.65,6,3,332,332,197.65,6.0,0.003,1,1,0.996,1,High Risk
14188,United Kingdom,6,2054.36,1162,34,31,311,342.39,193.67,0.0192,1,0,0.1501,0,Low Risk
14189,United Kingdom,15,4654.08,3937,176,3,369,310.27,262.47,0.0405,1,0,0.0173,0,Low Risk
14191,United Kingdom,13,4684.76,3662,145,2,221,360.37,281.69,0.0586,1,0,0.0253,0,Low Risk
14193,United Kingdom,2,853.39,445,35,68,270,426.7,222.5,0.0074,1,0,0.6783,1,Medium Risk
14194,United Kingdom,21,11349.52,5840,269,5,309,540.45,278.1,0.0677,1,0,0.0168,0,Low Risk
14195,United Kingdom,2,1012.0,760,7,202,253,506.0,380.0,0.0079,1,1,0.743,1,High Risk
14196,United Kingdom,1,335.52,142,6,107,107,335.52,142.0,0.0093,1,1,0.9878,1,High Risk
14198,United Kingdom,4,701.4,290,35,19,240,175.35,72.5,0.0166,1,0,0.2982,0,Low Risk
14199,United Kingdom,1,185.4,28,2,219,219,185.4,28.0,0.0045,1,1,0.9964,1,High Risk
14201,United Kingdom,7,747.44,590,32,61,360,106.78,84.29,0.0194,1,0,0.2569,0,Low Risk
14204,United Kingdom,1,161.03,82,36,3,3,161.03,82.0,0.25,1,0,0.006,0,Low Risk
14205,United Kingdom,2,466.7,204,23,17,265,233.35,102.0,0.0075,1,0,0.6768,1,Medium Risk
14206,United Kingdom,1,328.16,276,20,240,240,328.16,276.0,0.0041,1,1,0.9958,1,High Risk
14208,United Kingdom,1,151.74,114,10,95,95,151.74,114.0,0.0104,1,1,0.9629,1,High Risk
14209,United Kingdom,6,2073.43,691,55,11,333,345.57,115.17,0.018,1,0,0.2001,0,Low Risk
14210,United Kingdom,6,1905.84,760,66,106,372,317.64,126.67,0.0161,1,1,0.2621,0,Low Risk
14211,United Kingdom,9,2241.1,1242,87,54,296,249.01,138.0,0.0303,1,0,0.0704,0,Low Risk
14212,United Kingdom,1,1070.48,1152,9,90,90,1070.48,1152.0,0.011,1,0,0.0614,0,Low Risk
14214,United Kingdom,5,1004.38,751,64,31,278,200.88,150.2,0.0179,1,0,0.2089,0,Low Risk
14215,United Kingdom,6,1789.72,1358,98,12,369,298.29,226.33,0.0162,1,0,0.1624,0,Low Risk
14216,United Kingdom,4,1839.3,594,47,4,38,459.82,148.5,0.1026,1,0,0.0152,0,Low Risk
14217,United Kingdom,17,2004.98,689,78,2,367,117.94,40.53,0.0462,1,0,0.1326,0,Low Risk
14218,United Kingdom,1,169.48,160,12,43,43,169.48,160.0,0.0227,1,0,0.0011,0,Low Risk
14219,United Kingdom,1,89.94,78,7,5,5,89.94,78.0,0.1667,1,0,0.006,0,Low Risk
14220,United Kingdom,2,632.4,272,21,248,359,316.2,136.0,0.0056,1,1,0.7067,1,High Risk
14221,United Kingdom,9,3432.8,2191,123,43,340,381.42,243.44,0.0264,1,0,0.0511,0,Low Risk
14222,United Kingdom,1,683.17,607,41,178,178,683.17,607.0,0.0056,1,1,0.9576,1,High Risk
14223,United Kingdom,3,991.13,585,50,93,265,330.38,195.0,0.0113,1,1,0.4815,0,Medium Risk
14224,United Kingdom,4,1050.12,514,105,111,321,262.53,128.5,0.0124,1,1,0.314,0,Medium Risk
14226,United Kingdom,5,2232.19,1308,64,29,270,446.44,261.6,0.0185,1,0,0.1561,0,Low Risk
14227,United Kingdom,10,3350.96,1820,117,27,285,335.1,182.0,0.035,1,0,0.0385,0,Low Risk
14229,United Kingdom,3,1547.2,610,29,52,334,515.73,203.33,0.009,1,0,0.6066,1,Medium Risk
14231,United Kingdom,3,925.71,409,47,184,289,308.57,136.33,0.0103,1,1,0.5723,1,Medium Risk
14232,United Kingdom,5,2048.07,1941,81,43,265,409.61,388.2,0.0188,1,0,0.1179,0,Low Risk
14233,United Kingdom,4,1462.72,680,30,50,318,365.68,170.0,0.0125,1,0,0.3867,0,Medium Risk
14234,United Kingdom,4,775.46,963,122,23,58,193.86,240.75,0.0678,1,0,0.0284,0,Low Risk
14235,United Kingdom,5,3144.86,1959,65,76,261,628.97,391.8,0.0191,1,0,0.1129,0,Low Risk
14236,United Kingdom,2,490.86,310,15,81,373,245.43,155.0,0.0053,1,0,0.7173,1,High Risk
14237,United Kingdom,1,161.0,38,9,374,374,161.0,38.0,0.0027,1,1,0.9963,1,High Risk
14238,United Kingdom,1,146.85,111,8,327,327,146.85,111.0,0.003,1,1,0.9963,1,High Risk
14239,United Kingdom,11,2380.85,993,83,44,317,216.44,90.27,0.0346,1,0,0.0604,0,Low Risk
14240,United Kingdom,2,890.34,418,37,31,226,445.17,209.0,0.0088,1,0,0.6576,1,Medium Risk
14241,United Kingdom,1,213.7,146,10,184,184,213.7,146.0,0.0054,1,1,0.9866,1,High Risk
14242,United Kingdom,2,280.55,123,13,235,326,140.28,61.5,0.0061,1,1,0.7993,1,High Risk
14243,United Kingdom,10,2588.77,1221,99,9,366,258.88,122.1,0.0272,1,0,0.0695,0,Low Risk
14245,United Kingdom,2,1693.45,976,107,220,264,846.72,488.0,0.0075,1,1,0.6857,1,Medium Risk
14246,United Kingdom,3,1474.06,804,57,111,246,491.35,268.0,0.0121,1,1,0.3847,0,Medium Risk
14247,United Kingdom,1,136.77,47,19,279,279,136.77,47.0,0.0036,1,1,0.9928,1,High Risk
14248,United Kingdom,1,302.58,102,8,319,319,302.58,102.0,0.0031,1,1,0.9945,1,High Risk
14250,United Kingdom,3,1904.05,1200,94,8,90,634.68,400.0,0.033,1,0,0.0151,0,Low Risk
14251,United Kingdom,5,2879.7,1674,37,2,58,575.94,334.8,0.0847,1,0,0.0214,0,Low Risk
14256,United Kingdom,2,969.06,414,51,261,365,484.53,207.0,0.0055,1,1,0.7074,1,High Risk
14257,United Kingdom,5,3099.72,1682,88,65,319,619.94,336.4,0.0156,1,0,0.1692,0,Low Risk
14258,United Kingdom,9,12669.98,7100,58,10,338,1407.78,788.89,0.0265,1,0,0.0964,0,Low Risk
14259,United Kingdom,1,120.0,68,5,142,142,120.0,68.0,0.007,1,1,0.992,1,High Risk
14261,United Kingdom,2,1163.45,406,52,51,79,581.72,203.0,0.025,1,0,0.0125,0,Low Risk
14262,United Kingdom,8,2618.23,1645,87,9,241,327.28,205.62,0.0331,1,0,0.0633,0,Low Risk
14264,United Kingdom,2,333.97,70,15,155,246,166.98,35.0,0.0081,1,1,0.7882,1,High Risk
14265,Unspecified,2,530.18,330,31,110,149,265.09,165.0,0.0133,0,1,0.551,1,Medium Risk
14267,United Kingdom,3,1516.24,530,25,163,261,505.41,176.67,0.0115,1,1,0.5621,1,Medium Risk
14270,United Kingdom,1,492.65,197,29,332,332,492.65,197.0,0.003,1,1,0.9864,1,High Risk
14271,United Kingdom,1,112.32,88,10,226,226,112.32,88.0,0.0044,1,1,0.9969,1,High Risk
14272,United Kingdom,2,437.96,599,33,74,255,218.98,299.5,0.0078,1,0,0.6853,1,Medium Risk
14273,United Kingdom,4,559.97,264,22,52,243,139.99,66.0,0.0164,1,0,0.3837,0,Medium Risk
14276,United Kingdom,3,1119.74,744,52,99,290,373.25,248.0,0.0103,1,1,0.5555,1,Medium Risk
14277,France,3,4216.2,1984,195,16,213,1405.4,661.33,0.014,0,0,0.1526,0,Low Risk
14280,United Kingdom,1,134.04,52,8,197,197,134.04,52.0,0.0051,1,1,0.9946,1,High Risk
14282,United Kingdom,15,3729.34,2668,70,4,368,248.62,177.87,0.0407,1,0,0.0432,0,Low Risk
14284,United Kingdom,2,595.25,161,24,31,87,297.62,80.5,0.0227,1,0,0.0197,0,Low Risk
14285,United Kingdom,4,1910.01,541,18,22,177,477.5,135.25,0.0225,1,0,0.1215,0,Low Risk
14286,United Kingdom,3,4628.75,4338,220,24,243,1542.92,1446.0,0.0123,1,0,0.1825,0,Low Risk
14287,United Kingdom,3,176.63,261,9,9,199,58.88,87.0,0.015,1,0,0.5829,1,Medium Risk
14288,United Kingdom,1,426.6,188,16,214,214,426.6,188.0,0.0047,1,1,0.9953,1,High Risk
14289,United Kingdom,6,911.26,292,33,9,290,151.88,48.67,0.0206,1,0,0.2341,0,Low Risk
14290,United Kingdom,5,2314.65,915,89,12,362,462.93,183.0,0.0138,1,0,0.2474,0,Low Risk
14291,United Kingdom,11,3883.25,2749,145,2,276,353.02,249.91,0.0397,1,0,0.025,0,Low Risk
14292,United Kingdom,9,4871.93,1663,64,8,283,541.33,184.78,0.0317,1,0,0.0705,0,Low Risk
14293,United Kingdom,4,1046.56,709,51,4,369,261.64,177.25,0.0108,1,0,0.4594,0,Medium Risk
14295,United Kingdom,1,166.2,84,5,41,41,166.2,84.0,0.0238,1,0,0.0063,0,Low Risk
14297,United Kingdom,4,1305.33,865,48,18,275,326.33,216.25,0.0145,1,0,0.3021,0,Medium Risk
14298,United Kingdom,44,51527.3,58343,884,9,361,1171.08,1325.98,0.1215,1,0,0.023,0,Low Risk
14299,United Kingdom,9,3965.62,2149,94,9,366,440.62,238.78,0.0245,1,0,0.0469,0,Low Risk
14300,United Kingdom,1,43.2,32,3,19,19,43.2,32.0,0.05,1,0,0.0008,0,Low Risk
14301,United Kingdom,1,640.14,606,13,118,118,640.14,606.0,0.0084,1,1,0.9639,1,High Risk
14304,United Kingdom,1,383.45,139,17,223,223,383.45,139.0,0.0045,1,1,0.9942,1,High Risk
14305,United Kingdom,3,1858.96,1089,96,72,136,619.65,363.0,0.0219,1,0,0.073,0,Low Risk
14306,United Kingdom,2,2093.32,1075,33,52,86,1046.66,537.5,0.023,1,0,0.0134,0,Low Risk
14307,United Kingdom,6,2995.72,2058,150,89,374,499.29,343.0,0.016,1,0,0.2094,0,Low Risk
14309,United Kingdom,9,2352.53,1633,74,9,359,261.39,181.44,0.025,1,0,0.0762,0,Low Risk
14311,United Kingdom,1,310.26,146,20,243,243,310.26,146.0,0.0041,1,1,0.9969,1,High Risk
14312,United Kingdom,6,1611.59,1012,74,47,338,268.6,168.67,0.0177,1,0,0.1736,0,Low Risk
14314,United Kingdom,1,120.0,296,8,107,107,120.0,296.0,0.0093,1,1,0.9797,1,High Risk
14315,United Kingdom,6,2481.13,1021,64,45,267,413.52,170.17,0.0224,1,0,0.0964,0,Low Risk
14317,United Kingdom,1,508.58,255,24,65,65,508.58,255.0,0.0152,1,0,0.0098,0,Low Risk
14320,United Kingdom,2,477.79,325,29,207,333,238.9,162.5,0.006,1,1,0.7042,1,High Risk
14321,United Kingdom,5,1530.75,2406,111,11,334,306.15,481.2,0.0149,1,0,0.152,0,Low Risk
14323,United Kingdom,2,605.06,350,32,115,239,302.53,175.0,0.0083,1,1,0.677,1,Medium Risk
14326,United Kingdom,1,183.85,103,8,243,243,183.85,103.0,0.0041,1,1,0.9958,1,High Risk
14327,United Kingdom,1,311.65,139,12,164,164,311.65,139.0,0.0061,1,1,0.9926,1,High Risk
14329,United Kingdom,7,5014.84,3095,218,18,330,716.41,442.14,0.0211,1,0,0.0531,0,Low Risk
14331,United Kingdom,2,462.66,252,27,125,136,231.33,126.0,0.0146,1,1,0.5022,1,Medium Risk
14332,United Kingdom,3,866.31,481,22,23,148,288.77,160.33,0.0201,1,0,0.1659,0,Low Risk
14333,United Kingdom,1,415.2,58,15,68,68,415.2,58.0,0.0145,1,0,0.0013,0,Low Risk
14334,United Kingdom,8,2552.21,1731,98,17,359,319.03,216.38,0.0222,1,0,0.0836,0,Low Risk
14335,Germany,2,468.26,379,55,17,97,234.13,189.5,0.0204,0,0,0.0981,0,Low Risk
14336,United Kingdom,4,1614.91,1759,77,17,277,403.73,439.75,0.0144,1,0,0.2362,0,Low Risk
14338,United Kingdom,2,588.22,335,30,162,197,294.11,167.5,0.0101,1,1,0.678,1,Medium Risk
14339,United Kingdom,1,309.52,168,14,243,243,309.52,168.0,0.0041,1,1,0.9969,1,High Risk
14340,United Kingdom,1,134.7,58,6,219,219,134.7,58.0,0.0045,1,1,0.9946,1,High Risk
14341,United Kingdom,8,2182.28,1403,109,46,319,272.79,175.38,0.025,1,0,0.0734,0,Low Risk
14342,United Kingdom,4,668.56,347,18,22,211,167.14,86.75,0.0189,1,0,0.2868,0,Low Risk
14344,United Kingdom,8,889.93,477,56,128,369,111.24,59.62,0.0216,1,1,0.2947,0,Low Risk
14345,United Kingdom,1,108.98,50,6,39,39,108.98,50.0,0.025,1,0,0.0092,0,Low Risk
14346,United Kingdom,2,1021.58,605,55,121,298,510.79,302.5,0.0067,1,1,0.688,1,Medium Risk
14348,United Kingdom,1,409.57,183,18,261,261,409.57,183.0,0.0038,1,1,0.9953,1,High Risk
14349,United Kingdom,1,133.5,86,31,11,11,133.5,86.0,0.0833,1,0,0.0053,0,Low Risk
14350,United Kingdom,1,282.93,183,18,275,275,282.93,183.0,0.0036,1,1,0.9973,1,High Risk
14351,United Kingdom,1,51.0,12,1,165,165,51.0,12.0,0.006,1,1,0.995,1,High Risk
14352,United Kingdom,4,1078.96,538,44,158,274,269.74,134.5,0.0145,1,1,0.3622,0,Medium Risk
14353,United Kingdom,1,90.6,64,6,216,216,90.6,64.0,0.0046,1,1,0.9951,1,High Risk
14354,United Kingdom,2,163.62,210,9,6,31,81.81,105.0,0.0625,1,0,0.0235,0,Low Risk
14355,United Kingdom,1,174.4,92,11,366,366,174.4,92.0,0.0027,1,1,0.9963,1,High Risk
14356,United Kingdom,2,701.23,277,33,80,82,350.62,138.5,0.0241,1,0,0.015,0,Low Risk
14357,United Kingdom,1,225.77,148,39,44,44,225.77,148.0,0.0222,1,0,0.0013,0,Low Risk
14359,United Kingdom,3,912.18,371,44,20,88,304.06,123.67,0.0337,1,0,0.0124,0,Low Risk
14360,United Kingdom,4,2128.23,1151,104,32,95,532.06,287.75,0.0417,1,0,0.0408,0,Low Risk
14362,United Kingdom,1,161.2,100,37,23,23,161.2,100.0,0.0417,1,0,0.006,0,Low Risk
14364,United Kingdom,8,3717.35,1967,61,109,212,464.67,245.88,0.0376,1,1,0.0934,0,Low Risk
14367,United Kingdom,16,9261.52,4438,270,9,277,578.84,277.38,0.0576,1,0,0.0169,0,Low Risk
14368,United Kingdom,1,155.0,36,8,320,320,155.0,36.0,0.0031,1,1,0.9971,1,High Risk
14371,United Kingdom,1,100.5,34,4,296,296,100.5,34.0,0.0034,1,1,0.9975,1,High Risk
14373,United Kingdom,1,76.55,17,4,359,359,76.55,17.0,0.0028,1,1,0.9978,1,High Risk
14375,United Kingdom,1,257.68,194,57,186,186,257.68,194.0,0.0053,1,1,0.9754,1,High Risk
14377,United Kingdom,2,617.05,219,11,192,263,308.52,109.5,0.0076,1,1,0.7086,1,High Risk
14379,United Kingdom,2,348.1,292,39,45,296,174.05,146.0,0.0067,1,0,0.6452,1,Medium Risk
14381,United Kingdom,1,202.68,146,56,53,53,202.68,146.0,0.0185,1,0,0.0059,0,Low Risk
14382,United Kingdom,1,626.07,1237,121,27,27,626.07,1237.0,0.0357,1,0,0.006,0,Low Risk
14383,United Kingdom,3,1247.69,817,49,39,164,415.9,272.33,0.0182,1,0,0.2176,0,Low Risk
14385,United Kingdom,3,202.11,159,13,10,24,67.37,53.0,0.12,1,0,0.0333,0,Low Risk
14386,United Kingdom,1,142.4,54,7,297,297,142.4,54.0,0.0034,1,1,0.9945,1,High Risk
14387,United Kingdom,3,1770.56,819,125,33,110,590.19,273.0,0.027,1,0,0.066,0,Low Risk
14388,United Kingdom,8,3212.84,1941,124,11,373,401.6,242.62,0.0214,1,0,0.0718,0,Low Risk
14389,United Kingdom,2,1043.46,729,33,66,191,521.73,364.5,0.0104,1,0,0.617,1,Medium Risk
14390,United Kingdom,9,4652.82,2136,135,11,373,516.98,237.33,0.0241,1,0,0.0467,0,Low Risk
14393,United Kingdom,1,67.95,13,5,219,219,67.95,13.0,0.0045,1,1,0.9961,1,High Risk
14395,United Kingdom,9,3507.71,1693,181,3,373,389.75,188.11,0.0241,1,0,0.0673,0,Low Risk
14396,United Kingdom,2,487.99,225,71,66,372,244.0,112.5,0.0054,1,0,0.5697,1,Medium Risk
14397,United Kingdom,19,2612.96,1890,18,3,214,137.52,99.47,0.0884,1,0,0.0945,0,Low Risk
14400,United Kingdom,1,574.7,454,25,150,150,574.7,454.0,0.0066,1,1,0.9766,1,High Risk
14401,United Kingdom,13,4051.48,4507,113,5,360,311.65,346.69,0.036,1,0,0.0215,0,Low Risk
14403,United Kingdom,4,1475.81,519,17,131,248,368.95,129.75,0.0161,1,1,0.3486,0,Medium Risk
14404,United Kingdom,6,1474.32,839,70,34,370,245.72,139.83,0.0162,1,0,0.2259,0,Low Risk
14406,United Kingdom,1,156.75,77,8,120,120,156.75,77.0,0.0083,1,1,0.9942,1,High Risk
14407,United Kingdom,6,2157.73,1415,67,108,277,359.62,235.83,0.0216,1,1,0.1108,0,Low Risk
14408,United Kingdom,7,2606.53,1616,60,11,265,372.36,230.86,0.0263,1,0,0.0743,0,Low Risk
14409,United Kingdom,6,2059.45,1230,40,72,369,343.24,205.0,0.0162,1,0,0.1894,0,Low Risk
14410,United Kingdom,9,1105.07,571,153,93,306,122.79,63.44,0.0293,1,1,0.2238,0,Low Risk
14411,United Kingdom,1,1063.0,196,14,311,311,1063.0,196.0,0.0032,1,1,0.9758,1,High Risk
14412,United Kingdom,2,770.03,786,43,43,73,385.02,393.0,0.027,1,0,0.0061,0,Low Risk
14413,United Kingdom,1,122.7,68,22,363,363,122.7,68.0,0.0027,1,1,0.9952,1,High Risk
14414,United Kingdom,7,1496.98,2512,79,92,359,213.85,358.86,0.0194,1,1,0.1262,0,Low Risk
14415,United Kingdom,13,5900.28,3011,283,2,361,453.87,231.62,0.0359,1,0,0.0181,0,Low Risk
14416,United Kingdom,2,490.22,326,13,23,43,245.11,163.0,0.0455,1,0,0.0117,0,Low Risk
14418,United Kingdom,3,1937.25,1711,114,4,109,645.75,570.33,0.0273,1,0,0.0527,0,Low Risk
14419,United Kingdom,6,1058.06,487,112,11,365,176.34,81.17,0.0164,1,0,0.2214,0,Low Risk
14420,United Kingdom,1,387.52,334,29,100,100,387.52,334.0,0.0099,1,1,0.9694,1,High Risk
14421,United Kingdom,2,813.11,365,25,58,212,406.56,182.5,0.0094,1,0,0.6501,1,Medium Risk
14422,United Kingdom,6,4263.64,2906,189,1,268,710.61,484.33,0.0223,1,0,0.0574,0,Low Risk
14423,United Kingdom,1,265.2,120,3,219,219,265.2,120.0,0.0045,1,1,0.9953,1,High Risk
14424,United Kingdom,1,322.08,48,1,18,18,322.08,48.0,0.0526,1,0,0.008,0,Low Risk
14426,United Kingdom,10,4481.67,2699,183,24,313,448.17,269.9,0.0318,1,0,0.0327,0,Low Risk
14427,United Kingdom,2,363.34,228,16,51,64,181.67,114.0,0.0308,1,0,0.0126,0,Low Risk
14428,United Kingdom,5,1244.83,436,108,8,326,248.97,87.2,0.0153,1,0,0.2426,0,Low Risk
14431,United Kingdom,1,470.36,130,17,303,303,470.36,130.0,0.0033,1,1,0.9931,1,High Risk
14432,United Kingdom,6,2255.51,2070,256,10,90,375.92,345.0,0.0659,1,0,0.0209,0,Low Risk
14434,United Kingdom,6,1372.8,368,3,22,73,228.8,61.33,0.0811,1,0,0.0648,0,Low Risk
14436,United Kingdom,1,89.06,129,9,99,99,89.06,129.0,0.01,1,1,0.9755,1,High Risk
14437,United Kingdom,1,63.0,60,5,366,366,63.0,60.0,0.0027,1,1,0.9949,1,High Risk
14438,United Kingdom,1,131.9,82,9,307,307,131.9,82.0,0.0032,1,1,0.9961,1,High Risk
14439,Greece,1,2661.24,526,32,320,320,2661.24,526.0,0.0031,0,1,0.9744,1,High Risk
14440,United Kingdom,5,2357.68,588,33,9,366,471.54,117.6,0.0136,1,0,0.3329,0,Medium Risk
14441,United Kingdom,4,1712.89,446,43,1,256,428.22,111.5,0.0156,1,0,0.3376,0,Medium Risk
14442,Channel Islands,2,1589.82,482,58,205,317,794.91,241.0,0.0063,0,1,0.7368,1,High Risk
14443,United Kingdom,4,1420.2,938,84,54,369,355.05,234.5,0.0108,1,0,0.4758,0,Medium Risk
14446,United Kingdom,4,1039.58,933,233,1,247,259.9,233.25,0.0161,1,0,0.2168,0,Low Risk
14447,United Kingdom,5,1163.23,571,54,19,281,232.65,114.2,0.0177,1,0,0.2254,0,Low Risk
14448,United Kingdom,2,375.35,104,20,10,365,187.68,52.0,0.0055,1,0,0.7789,1,High Risk
14449,United Kingdom,4,907.1,757,201,19,373,226.78,189.25,0.0107,1,0,0.3285,0,Medium Risk
14450,United Kingdom,3,483.25,241,32,181,321,161.08,80.33,0.0093,1,1,0.6892,1,Medium Risk
14451,United Kingdom,2,662.59,389,86,61,195,331.3,194.5,0.0102,1,0,0.5494,1,Medium Risk
14452,United Kingdom,2,264.44,119,55,11,94,132.22,59.5,0.0211,1,0,0.1328,0,Low Risk
14453,United Kingdom,1,119.93,49,22,191,191,119.93,49.0,0.0052,1,1,0.9942,1,High Risk
14456,United Kingdom,9,3062.4,2908,580,6,143,340.27,323.11,0.0625,1,0,0.0395,0,Low Risk
14457,United Kingdom,1,113.64,88,4,311,311,113.64,88.0,0.0032,1,1,0.9966,1,High Risk
14459,United Kingdom,1,1837.92,760,37,156,156,1837.92,760.0,0.0064,1,1,0.9541,1,High Risk
14460,United Kingdom,3,434.34,881,14,111,311,144.78,293.67,0.0096,1,1,0.7312,1,High Risk
14461,United Kingdom,3,2103.06,766,173,149,262,701.02,255.33,0.0114,1,1,0.4688,0,Medium Risk
14462,United Kingdom,11,2004.02,964,150,67,340,182.18,87.64,0.0323,1,0,0.0599,0,Low Risk
14463,United Kingdom,3,529.62,179,6,99,206,176.54,59.67,0.0145,1,1,0.5335,1,Medium Risk
14465,United Kingdom,3,1058.62,405,107,247,303,352.87,135.0,0.0099,1,1,0.5755,1,Medium Risk
14466,United Kingdom,7,2272.4,1006,35,30,373,324.63,143.71,0.0187,1,0,0.1644,0,Low Risk
14467,United Kingdom,4,598.76,278,67,18,313,149.69,69.5,0.0127,1,0,0.4172,0,Medium Risk
14470,United Kingdom,2,461.19,193,43,12,288,230.6,96.5,0.0069,1,0,0.6213,1,Medium Risk
14472,United Kingdom,8,1936.84,1160,153,104,356,242.1,145.0,0.0224,1,1,0.1077,0,Low Risk
14473,United Kingdom,2,234.34,88,7,75,283,117.17,44.0,0.007,1,0,0.7498,1,High Risk
14474,United Kingdom,1,547.66,140,29,47,47,547.66,140.0,0.0208,1,0,0.0078,0,Low Risk
14475,United Kingdom,3,925.85,447,35,72,305,308.62,149.0,0.0098,1,0,0.6293,1,Medium Risk
14476,United Kingdom,1,215.7,132,17,258,258,215.7,132.0,0.0039,1,1,0.9914,1,High Risk
14477,United Kingdom,4,1309.6,720,7,20,298,327.4,180.0,0.0134,1,0,0.3768,0,Medium Risk
14479,United Kingdom,2,316.25,117,18,254,366,158.12,58.5,0.0054,1,1,0.8021,1,High Risk
14480,United Kingdom,1,279.05,143,13,12,12,279.05,143.0,0.0769,1,0,0.0066,0,Low Risk
14481,United Kingdom,2,636.51,489,25,165,288,318.26,244.5,0.0069,1,1,0.6961,1,Medium Risk
14482,United Kingdom,6,2068.15,1646,110,19,240,344.69,274.33,0.0249,1,0,0.0789,0,Low Risk
14483,United Kingdom,1,137.1,97,9,282,282,137.1,97.0,0.0035,1,1,0.9963,1,High Risk
14484,United Kingdom,1,321.92,210,14,51,51,321.92,210.0,0.0192,1,0,0.0052,0,Low Risk
14485,United Kingdom,1,165.75,71,44,39,39,165.75,71.0,0.025,1,0,0.0062,0,Low Risk
14487,United Kingdom,6,1196.33,735,112,27,369,199.39,122.5,0.0162,1,0,0.19,0,Low Risk
14488,United Kingdom,1,1064.28,799,46,68,68,1064.28,799.0,0.0145,1,0,0.0094,0,Low Risk
14489,United Kingdom,1,463.38,299,30,208,208,463.38,299.0,0.0048,1,1,0.9892,1,High Risk
14491,United Kingdom,2,340.93,139,17,176,373,170.46,69.5,0.0053,1,1,0.8179,1,High Risk
14493,United Kingdom,5,2383.24,1285,95,8,156,476.65,257.0,0.0318,1,0,0.0732,0,Low Risk
14494,United Kingdom,1,139.56,92,7,26,26,139.56,92.0,0.037,1,0,0.0066,0,Low Risk
14495,United Kingdom,2,123.8,62,6,51,122,61.9,31.0,0.0163,1,0,0.5473,1,Medium Risk
14496,United Kingdom,2,538.81,159,16,312,374,269.4,79.5,0.0053,1,1,0.7923,1,High Risk
14497,United Kingdom,1,475.37,235,29,310,310,475.37,235.0,0.0032,1,1,0.9884,1,High Risk
14498,United Kingdom,5,1957.32,1098,162,43,362,391.46,219.6,0.0138,1,0,0.2425,0,Low Risk
14499,United Kingdom,3,815.32,501,146,27,279,271.77,167.0,0.0107,1,0,0.4492,0,Medium Risk
14500,United Kingdom,3,356.85,117,6,89,190,118.95,39.0,0.0157,1,0,0.5166,1,Medium Risk
14501,United Kingdom,2,251.21,161,9,184,320,125.6,80.5,0.0062,1,1,0.7678,1,High Risk
14502,United Kingdom,11,2470.67,1498,368,20,314,224.61,136.18,0.0349,1,0,0.0541,0,Low Risk
14503,United Kingdom,6,3543.26,2004,113,4,179,590.54,334.0,0.0333,1,0,0.0519,0,Low Risk
14504,United Kingdom,4,673.26,308,85,48,279,168.32,77.0,0.0143,1,0,0.2887,0,Low Risk
14505,United Kingdom,8,5905.64,2759,540,18,363,738.2,344.88,0.022,1,0,0.044,0,Low Risk
14506,United Kingdom,5,2012.17,730,204,18,370,402.43,146.0,0.0135,1,0,0.2848,0,Low Risk
14507,United Kingdom,6,1383.18,600,79,24,277,230.53,100.0,0.0216,1,0,0.1122,0,Low Risk
14508,United Kingdom,2,276.42,131,52,23,90,138.21,65.5,0.022,1,0,0.0211,0,Low Risk
14511,United Kingdom,5,1314.81,784,53,12,134,262.96,156.8,0.037,1,0,0.0577,0,Low Risk
14512,United Kingdom,2,275.28,122,19,188,233,137.64,61.0,0.0085,1,1,0.762,1,High Risk
14513,United Kingdom,3,455.59,361,11,101,289,151.86,120.33,0.0103,1,1,0.6533,1,Medium Risk
14514,United Kingdom,3,1055.35,589,65,62,332,351.78,196.33,0.009,1,0,0.5639,1,Medium Risk
14515,United Kingdom,6,2102.09,1134,68,18,219,350.35,189.0,0.0273,1,0,0.0827,0,Low Risk
14517,United Kingdom,2,330.45,91,17,34,142,165.22,45.5,0.014,1,0,0.4764,0,Medium Risk
14518,United Kingdom,1,174.37,278,16,65,65,174.37,278.0,0.0152,1,0,0.0008,0,Low Risk
14520,United Kingdom,2,270.6,146,3,2,291,135.3,73.0,0.0068,1,0,0.7642,1,High Risk
14522,United Kingdom,4,974.54,525,15,25,199,243.64,131.25,0.02,1,0,0.2281,0,Low Risk
14523,United Kingdom,1,241.09,251,12,109,109,241.09,251.0,0.0091,1,1,0.987,1,High Risk
14524,United Kingdom,9,1867.68,676,161,32,361,207.52,75.11,0.0249,1,0,0.0815,0,Low Risk
14525,United Kingdom,9,4332.2,2696,217,20,362,481.36,299.56,0.0248,1,0,0.0334,0,Low Risk
14527,United Kingdom,55,8508.82,2089,330,3,370,154.71,37.98,0.1482,1,0,0.1075,0,Low Risk
14528,United Kingdom,1,364.22,278,18,38,38,364.22,278.0,0.0256,1,0,0.002,0,Low Risk
14529,United Kingdom,3,620.04,348,177,61,111,206.68,116.0,0.0268,1,0,0.1001,0,Low Risk
14530,United Kingdom,6,2925.91,1410,140,26,297,487.65,235.0,0.0201,1,0,0.1037,0,Low Risk
14532,United Kingdom,4,932.85,284,45,237,353,233.21,71.0,0.0113,1,1,0.4607,0,Medium Risk
14533,United Kingdom,7,1949.72,4019,53,25,353,278.53,574.14,0.0198,1,0,0.1231,0,Low Risk
14534,United Kingdom,18,4447.05,2047,331,3,319,247.06,113.72,0.0562,1,0,0.0181,0,Low Risk
14535,United Kingdom,3,2864.19,1831,280,61,249,954.73,610.33,0.012,1,0,0.2011,0,Low Risk
14536,United Kingdom,1,171.8,40,18,260,260,171.8,40.0,0.0038,1,1,0.9967,1,High Risk
14537,United Kingdom,1,355.56,120,10,58,58,355.56,120.0,0.0169,1,0,0.0075,0,Low Risk
14538,United Kingdom,2,388.25,155,19,65,257,194.12,77.5,0.0078,1,0,0.7828,1,High Risk
14539,United Kingdom,2,537.48,428,31,16,45,268.74,214.0,0.0435,1,0,0.0135,0,Low Risk
14540,United Kingdom,3,996.26,421,64,10,310,332.09,140.33,0.0096,1,0,0.5778,1,Medium Risk
14541,United Kingdom,8,1461.65,647,71,59,320,182.71,80.88,0.0249,1,0,0.0928,0,Low Risk
14542,United Kingdom,1,103.25,19,5,186,186,103.25,19.0,0.0053,1,1,0.9934,1,High Risk
14543,United Kingdom,16,3630.33,679,43,29,365,226.9,42.44,0.0437,1,0,0.1558,0,Low Risk
14544,United Kingdom,2,2024.45,1543,97,25,362,1012.22,771.5,0.0055,1,0,0.6415,1,Medium Risk
14546,United Kingdom,5,2578.09,1317,250,6,249,515.62,263.4,0.02,1,0,0.1091,0,Low Risk
14547,United Kingdom,8,4007.54,2668,198,4,55,500.94,333.5,0.1429,1,0,0.015,0,Low Risk
14548,United Kingdom,2,652.8,256,2,151,318,326.4,128.0,0.0063,1,1,0.7334,1,High Risk
14549,United Kingdom,1,289.24,136,56,312,312,289.24,136.0,0.0032,1,1,0.9895,1,High Risk
14550,United Kingdom,2,765.62,394,38,11,45,382.81,197.0,0.0435,1,0,0.0046,0,Low Risk
14551,United Kingdom,2,186.23,106,9,19,205,93.12,53.0,0.0097,1,0,0.666,1,Medium Risk
14552,United Kingdom,1,165.07,91,57,152,152,165.07,91.0,0.0065,1,1,0.9661,1,High Risk
14553,United Kingdom,5,859.27,493,103,20,340,171.85,98.6,0.0147,1,0,0.2585,0,Low Risk
14554,United Kingdom,4,2381.04,1478,147,11,53,595.26,369.5,0.0741,1,0,0.0209,0,Low Risk
14555,United Kingdom,2,324.14,130,18,58,303,162.07,65.0,0.0066,1,0,0.7696,1,High Risk
14557,United Kingdom,1,788.38,510,16,86,86,788.38,510.0,0.0115,1,0,0.0178,0,Low Risk
14560,United Kingdom,22,2237.77,1260,39,8,358,101.72,57.27,0.0613,1,0,0.132,0,Low Risk
14561,United Kingdom,3,1080.76,1014,67,76,185,360.25,338.0,0.0161,1,0,0.247,0,Low Risk
14562,United Kingdom,18,5074.77,1834,187,4,305,281.93,101.89,0.0588,1,0,0.0204,0,Low Risk
14565,United Kingdom,4,3099.12,1540,111,96,362,774.78,385.0,0.011,1,1,0.4239,0,Medium Risk
14566,Channel Islands,1,1432.0,800,4,111,111,1432.0,800.0,0.0089,0,1,0.9577,1,High Risk
14567,United Kingdom,2,1530.36,412,33,57,131,765.18,206.0,0.0152,1,0,0.3066,0,Medium Risk
14569,United Kingdom,1,227.39,79,10,2,2,227.39,79.0,0.3333,1,0,0.0065,0,Low Risk
14570,United Kingdom,2,218.06,95,29,281,281,109.03,47.5,0.0071,1,1,0.7402,1,High Risk
14572,United Kingdom,7,2832.84,1428,190,4,325,404.69,204.0,0.0215,1,0,0.081,0,Low Risk
14573,United Kingdom,9,1653.42,544,127,180,373,183.71,60.44,0.0241,1,1,0.1694,0,Low Risk
14576,United Kingdom,1,35.4,12,1,373,373,35.4,12.0,0.0027,1,1,0.9851,1,High Risk
14577,United Kingdom,4,859.71,353,86,13,363,214.93,88.25,0.011,1,0,0.3714,0,Medium Risk
14578,United Kingdom,1,168.63,240,24,4,4,168.63,240.0,0.2,1,0,0.0002,0,Low Risk
14581,United Kingdom,1,138.6,217,16,17,17,138.6,217.0,0.0556,1,0,0.0013,0,Low Risk
14582,United Kingdom,1,114.11,73,6,41,41,114.11,73.0,0.0238,1,0,0.0069,0,Low Risk
14583,United Kingdom,5,1052.55,792,243,6,206,210.51,158.4,0.0242,1,0,0.0741,0,Low Risk
14584,United Kingdom,4,1042.26,383,68,170,199,260.56,95.75,0.02,1,1,0.2248,0,Low Risk
14585,United Kingdom,1,157.05,91,29,51,51,157.05,91.0,0.0192,1,0,0.0083,0,Low Risk
14586,United Kingdom,1,237.36,444,19,277,277,237.36,444.0,0.0036,1,1,0.9925,1,High Risk
14587,United Kingdom,9,1601.14,761,170,19,332,177.9,84.56,0.027,1,0,0.0746,0,Low Risk
14589,United Kingdom,1,39.75,5,3,372,372,39.75,5.0,0.0027,1,1,0.9976,1,High Risk
14591,United Kingdom,4,1447.14,1297,138,16,214,361.78,324.25,0.0186,1,0,0.1368,0,Low Risk
14592,United Kingdom,3,570.46,415,132,36,65,190.15,138.33,0.0455,1,0,0.0158,0,Low Risk
14593,United Kingdom,3,617.99,332,127,22,199,206.0,110.67,0.015,1,0,0.298,0,Low Risk
14594,United Kingdom,2,379.83,185,48,8,374,189.92,92.5,0.0053,1,0,0.6234,1,Medium Risk
14595,United Kingdom,6,1740.6,978,94,20,314,290.1,163.0,0.019,1,0,0.1365,0,Low Risk
14597,United Kingdom,2,883.15,577,45,12,192,441.58,288.5,0.0104,1,0,0.5589,1,Medium Risk
14598,United Kingdom,1,221.97,189,49,45,45,221.97,189.0,0.0217,1,0,0.002,0,Low Risk
14600,United Kingdom,1,393.33,125,25,306,306,393.33,125.0,0.0033,1,1,0.9895,1,High Risk
14601,United Kingdom,1,213.96,168,7,11,11,213.96,168.0,0.0833,1,0,0.0009,0,Low Risk
14603,United Kingdom,1,660.0,400,2,275,275,660.0,400.0,0.0036,1,1,0.9828,1,High Risk
14606,United Kingdom,93,12156.65,6224,819,2,374,130.72,66.92,0.248,1,0,0.0595,0,Low Risk
14607,United Kingdom,14,16569.5,11766,38,16,262,1183.54,840.43,0.0532,1,0,0.0546,0,Low Risk
14608,United Kingdom,4,1785.15,437,8,5,363,446.29,109.25,0.011,1,0,0.4713,0,Medium Risk
14609,United Kingdom,4,601.56,7026,2,73,297,150.39,1756.5,0.0134,1,0,0.4691,0,Medium Risk
14616,United Kingdom,3,406.08,104,2,243,318,135.36,34.67,0.0094,1,1,0.7388,1,High Risk
14618,United Kingdom,3,553.44,264,10,10,338,184.48,88.0,0.0088,1,0,0.6129,1,Medium Risk
14619,United Kingdom,1,394.44,152,20,246,246,394.44,152.0,0.004,1,1,0.9952,1,High Risk
14620,United Kingdom,2,412.78,214,26,206,284,206.39,107.0,0.007,1,1,0.7311,1,High Risk
14621,United Kingdom,5,1788.36,993,80,2,359,357.67,198.6,0.0139,1,0,0.2509,0,Low Risk
14622,United Kingdom,1,320.58,146,21,185,185,320.58,146.0,0.0054,1,1,0.9918,1,High Risk
14623,United Kingdom,5,889.25,419,108,33,236,177.85,83.8,0.0211,1,0,0.1433,0,Low Risk
14624,United Kingdom,2,225.85,162,13,58,60,112.92,81.0,0.0328,1,0,0.0107,0,Low Risk
14625,United Kingdom,2,899.63,335,51,197,362,449.82,167.5,0.0055,1,1,0.6981,1,Medium Risk
14626,United Kingdom,4,2791.27,1403,108,24,234,697.82,350.75,0.017,1,0,0.1724,0,Low Risk
14628,United Kingdom,2,671.96,272,22,92,243,335.98,136.0,0.0082,1,1,0.7099,1,High Risk
14629,United Kingdom,2,959.01,380,133,5,48,479.5,190.0,0.0408,1,0,0.0079,0,Low Risk
14631,United Kingdom,3,1006.98,622,38,51,299,335.66,207.33,0.01,1,0,0.6109,1,Medium Risk
14632,United Kingdom,1,114.56,96,8,263,263,114.56,96.0,0.0038,1,1,0.9901,1,High Risk
14633,United Kingdom,1,344.9,96,20,267,267,344.9,96.0,0.0037,1,1,0.9945,1,High Risk
14636,United Kingdom,2,609.85,241,27,37,269,304.92,120.5,0.0074,1,0,0.677,1,Medium Risk
14638,United Kingdom,1,443.6,166,16,51,51,443.6,166.0,0.0192,1,0,0.0017,0,Low Risk
14639,United Kingdom,6,2984.49,1431,138,53,362,497.42,238.5,0.0165,1,0,0.1621,0,Low Risk
14640,United Kingdom,6,2125.08,886,87,25,228,354.18,147.67,0.0262,1,0,0.0973,0,Low Risk
14641,United Kingdom,1,110.46,90,7,22,22,110.46,90.0,0.0435,1,0,0.0066,0,Low Risk
14642,United Kingdom,1,96.12,76,2,59,59,96.12,76.0,0.0167,1,0,0.011,0,Low Risk
14643,United Kingdom,2,693.81,815,30,171,359,346.9,407.5,0.0056,1,1,0.7103,1,High Risk
14644,United Kingdom,2,830.76,258,26,68,299,415.38,129.0,0.0067,1,0,0.7095,1,High Risk
14645,United Kingdom,2,597.09,381,28,157,276,298.54,190.5,0.0072,1,1,0.7104,1,High Risk
14646,Netherlands,73,280206.02,196915,700,2,355,3838.44,2697.47,0.2051,0,0,0.0612,0,Low Risk
14647,United Kingdom,1,243.22,95,24,202,202,243.22,95.0,0.0049,1,1,0.9937,1,High Risk
14649,United Kingdom,4,1417.29,1018,148,5,213,354.32,254.5,0.0187,1,0,0.1538,0,Low Risk
14651,United Kingdom,2,654.6,344,95,68,212,327.3,172.0,0.0094,1,0,0.5605,1,Medium Risk
14652,United Kingdom,1,114.18,53,29,78,78,114.18,53.0,0.0127,1,0,0.0053,0,Low Risk
14653,United Kingdom,7,1947.55,950,154,2,339,278.22,135.71,0.0206,1,0,0.1001,0,Low Risk
14655,United Kingdom,4,1932.23,1089,35,9,223,483.06,272.25,0.0179,1,0,0.22,0,Low Risk
14656,United Kingdom,2,291.05,120,73,170,284,145.52,60.0,0.007,1,1,0.6699,1,Medium Risk
14657,United Kingdom,4,848.22,466,103,18,327,212.06,116.5,0.0122,1,0,0.296,0,Low Risk
14658,United Kingdom,2,247.15,47,27,6,118,123.58,23.5,0.0168,1,0,0.3706,0,Medium Risk
14659,United Kingdom,9,2529.93,1195,147,9,316,281.1,132.78,0.0284,1,0,0.074,0,Low Risk
14660,United Kingdom,2,285.74,228,24,87,101,142.87,114.0,0.0196,1,0,0.1245,0,Low Risk
14661,United Kingdom,1,107.95,35,4,27,27,107.95,35.0,0.0357,1,0,0.0014,0,Low Risk
14662,United Kingdom,4,771.17,602,143,29,317,192.79,150.5,0.0126,1,0,0.3127,0,Medium Risk
14664,United Kingdom,2,637.89,466,78,20,34,318.94,233.0,0.0571,1,0,0.0075,0,Low Risk
14665,United Kingdom,5,1835.7,740,63,61,311,367.14,148.0,0.016,1,0,0.2771,0,Low Risk
14666,United Kingdom,1,195.25,161,14,25,25,195.25,161.0,0.0385,1,0,0.0036,0,Low Risk
14667,United Kingdom,25,9241.2,5385,354,11,369,369.65,215.4,0.0676,1,0,0.017,0,Low Risk
14669,United Kingdom,3,1269.99,775,158,242,333,423.33,258.33,0.009,1,1,0.4416,0,Medium Risk
14670,United Kingdom,2,411.53,337,107,281,281,205.76,168.5,0.0071,1,1,0.6724,1,Medium Risk
14672,United Kingdom,2,765.55,454,58,235,337,382.78,227.0,0.0059,1,1,0.6448,1,Medium Risk
14673,United Kingdom,5,1736.4,1004,39,4,368,347.28,200.8,0.0136,1,0,0.283,0,Low Risk
14675,United Kingdom,1,604.75,341,93,17,17,604.75,341.0,0.0556,1,0,0.0019,0,Low Risk
14676,United Kingdom,6,2548.24,2500,29,32,284,424.71,416.67,0.0211,1,0,0.0976,0,Low Risk
14680,United Kingdom,16,28754.11,13476,73,26,372,1797.13,842.25,0.0429,1,0,0.052,0,Low Risk
14681,United Kingdom,3,498.95,76,6,72,212,166.32,25.33,0.0141,1,0,0.5607,1,Medium Risk
14682,United Kingdom,2,52.0,80,1,188,202,26.0,40.0,0.0099,1,1,0.6595,1,Medium Risk
14684,United Kingdom,5,1236.28,853,231,26,363,247.26,170.6,0.0137,1,0,0.2575,0,Low Risk
14687,United Kingdom,1,628.38,470,15,107,107,628.38,470.0,0.0093,1,1,0.9707,1,High Risk
14688,United Kingdom,21,5630.87,3621,148,8,374,268.14,172.43,0.056,1,0,0.0367,0,Low Risk
14689,United Kingdom,1,112.8,76,13,209,209,112.8,76.0,0.0048,1,1,0.9969,1,High Risk
14690,United Kingdom,2,371.7,170,40,45,152,185.85,85.0,0.0131,1,0,0.4342,0,Medium Risk
14691,United Kingdom,5,2114.33,707,50,31,213,422.87,141.4,0.0234,1,0,0.0954,0,Low Risk
14692,United Kingdom,4,591.55,265,53,138,323,147.89,66.25,0.0123,1,1,0.4866,0,Medium Risk
14693,United Kingdom,1,172.9,34,8,265,265,172.9,34.0,0.0038,1,1,0.9967,1,High Risk
14696,United Kingdom,7,2078.95,1630,117,5,374,296.99,232.86,0.0187,1,0,0.169,0,Low Risk
14697,United Kingdom,2,188.61,181,22,219,219,94.3,90.5,0.0091,1,1,0.6959,1,Medium Risk
14698,United Kingdom,5,1250.76,615,148,2,52,250.15,123.0,0.0943,1,0,0.0165,0,Low Risk
14699,United Kingdom,1,109.13,77,8,215,215,109.13,77.0,0.0046,1,1,0.9969,1,High Risk
14700,United Kingdom,3,2235.3,1342,80,33,239,745.1,447.33,0.0125,1,0,0.2794,0,Low Risk
14701,United Kingdom,9,2549.37,932,268,11,317,283.26,103.56,0.0283,1,0,0.0612,0,Low Risk
14702,United Kingdom,17,3292.14,1454,196,2,366,193.66,85.53,0.0463,1,0,0.0463,0,Low Risk
14703,United Kingdom,1,318.17,183,22,15,15,318.17,183.0,0.0625,1,0,0.0015,0,Low Risk
14704,United Kingdom,9,1546.91,1082,288,12,181,171.88,120.22,0.0495,1,0,0.0484,0,Low Risk
14705,United Kingdom,1,179.0,100,1,199,199,179.0,100.0,0.005,1,1,0.9969,1,High Risk
14708,United Kingdom,3,1126.37,621,25,3,369,375.46,207.0,0.0081,1,0,0.5634,1,Medium Risk
14709,United Kingdom,13,4921.04,2484,71,16,359,378.54,191.08,0.0361,1,0,0.0337,0,Low Risk
14710,United Kingdom,4,606.13,378,124,15,60,151.53,94.5,0.0656,1,0,0.0225,0,Low Risk
14711,United Kingdom,11,2868.8,978,221,11,263,260.8,88.91,0.0417,1,0,0.0479,0,Low Risk
14712,United Kingdom,3,917.07,315,21,30,113,305.69,105.0,0.0263,1,0,0.1197,0,Low Risk
14713,United Kingdom,11,2666.36,1615,146,10,366,242.4,146.82,0.03,1,0,0.0672,0,Low Risk
14714,United Kingdom,1,160.19,229,10,25,25,160.19,229.0,0.0385,1,0,0.0015,0,Low Risk
14715,United Kingdom,4,867.38,521,60,25,332,216.84,130.25,0.012,1,0,0.3476,0,Medium Risk
14716,United Kingdom,2,329.68,604,46,44,149,164.84,302.0,0.0133,1,0,0.467,0,Medium Risk
14719,United Kingdom,5,1602.13,1032,177,2,250,320.43,206.4,0.0199,1,0,0.1188,0,Low Risk
14720,United Kingdom,3,663.81,219,34,6,127,221.27,73.0,0.0234,1,0,0.117,0,Low Risk
14722,United Kingdom,1,187.92,120,28,148,148,187.92,120.0,0.0067,1,1,0.9877,1,High Risk
14723,United Kingdom,6,1158.3,695,193,11,372,193.05,115.83,0.0161,1,0,0.2069,0,Low Risk
14725,United Kingdom,1,718.08,593,45,25,25,718.08,593.0,0.0385,1,0,0.003,0,Low Risk
14727,United Kingdom,1,268.58,62,10,275,275,268.58,62.0,0.0036,1,1,0.9914,1,High Risk
14729,United Kingdom,1,313.49,197,69,374,374,313.49,197.0,0.0027,1,1,0.9773,1,High Risk
14730,United Kingdom,8,2005.06,1132,317,2,277,250.63,141.5,0.0288,1,0,0.0627,0,Low Risk
14731,United Kingdom,3,380.02,256,38,48,213,126.67,85.33,0.014,1,0,0.4349,0,Medium Risk
14732,United Kingdom,8,2702.49,1405,105,9,340,337.81,175.62,0.0235,1,0,0.0743,0,Low Risk
14733,United Kingdom,12,9585.91,3764,102,17,368,798.83,313.67,0.0325,1,0,0.03,0,Low Risk
14735,United Kingdom,32,6065.69,2264,99,4,359,189.55,70.75,0.0889,1,0,0.0363,0,Low Risk
14737,United Kingdom,3,1164.55,345,15,4,354,388.18,115.0,0.0085,1,0,0.6243,1,Medium Risk
14738,United Kingdom,7,1314.45,601,39,43,317,187.78,85.86,0.022,1,0,0.114,0,Low Risk
14739,United Kingdom,7,3902.28,3820,47,5,368,557.47,545.71,0.019,1,0,0.1006,0,Low Risk
14740,United Kingdom,3,1448.21,735,85,198,284,482.74,245.0,0.0105,1,1,0.571,1,Medium Risk
14741,United Kingdom,6,1400.34,841,35,12,373,233.39,140.17,0.016,1,0,0.3294,0,Medium Risk
14744,United Kingdom,7,1099.98,627,21,17,367,157.14,89.57,0.019,1,0,0.2037,0,Low Risk
14745,United Kingdom,5,1220.26,1038,46,113,286,244.05,207.6,0.0174,1,1,0.1957,0,Low Risk
14747,United Kingdom,1,328.2,84,18,250,250,328.2,84.0,0.004,1,1,0.9941,1,High Risk
14748,United Kingdom,5,1415.75,1223,87,30,369,283.15,244.6,0.0135,1,0,0.2396,0,Low Risk
14752,United Kingdom,1,389.64,260,5,44,44,389.64,260.0,0.0222,1,0,0.0022,0,Low Risk
14753,United Kingdom,1,563.15,211,30,88,88,563.15,211.0,0.0112,1,0,0.0161,0,Low Risk
14754,United Kingdom,2,638.05,486,38,45,296,319.02,243.0,0.0067,1,0,0.6667,1,Medium Risk
14755,United Kingdom,11,5010.28,2219,128,10,335,455.48,201.73,0.0327,1,0,0.0264,0,Low Risk
14756,United Kingdom,1,738.96,416,38,16,16,738.96,416.0,0.0588,1,0,0.0027,0,Low Risk
14757,United Kingdom,1,420.5,160,19,76,76,420.5,160.0,0.013,1,0,0.0007,0,Low Risk
14758,United Kingdom,4,1484.06,419,54,145,260,371.02,104.75,0.0153,1,1,0.3352,0,Medium Risk
14759,United Kingdom,3,1625.97,569,92,5,233,541.99,189.67,0.0128,1,0,0.3309,0,Medium Risk
14760,United Kingdom,1,89.2,40,5,298,298,89.2,40.0,0.0033,1,1,0.9975,1,High Risk
14761,United Kingdom,2,255.9,118,11,59,335,127.95,59.0,0.006,1,0,0.7817,1,High Risk
14762,United Kingdom,1,300.52,341,21,264,264,300.52,341.0,0.0038,1,1,0.9942,1,High Risk
14764,United Kingdom,1,278.3,190,6,47,47,278.3,190.0,0.0208,1,0,0.0009,0,Low Risk
14765,United Kingdom,3,254.11,135,38,30,177,84.7,45.0,0.0169,1,0,0.5458,1,Medium Risk
14766,United Kingdom,6,2473.37,1349,111,9,367,412.23,224.83,0.0163,1,0,0.1571,0,Low Risk
14768,United Kingdom,2,192.6,52,4,18,128,96.3,26.0,0.0155,1,0,0.5297,1,Medium Risk
14769,United Kingdom,8,10674.75,7436,718,3,358,1334.34,929.5,0.0223,1,0,0.0756,0,Low Risk
14770,United Kingdom,2,876.42,490,49,233,324,438.21,245.0,0.0062,1,1,0.6768,1,Medium Risk
14772,United Kingdom,1,139.26,82,9,113,113,139.26,82.0,0.0088,1,1,0.9925,1,High Risk
14775,United Kingdom,3,1011.9,1174,57,59,373,337.3,391.33,0.008,1,0,0.501,1,Medium Risk
14776,United Kingdom,11,2538.3,3134,44,52,313,230.75,284.91,0.035,1,0,0.0594,0,Low Risk
14778,United Kingdom,2,730.86,306,34,128,309,365.43,153.0,0.0065,1,1,0.7036,1,High Risk
14779,United Kingdom,3,386.15,84,40,281,324,128.72,28.0,0.0092,1,1,0.7413,1,High Risk
14780,United Kingdom,2,447.68,310,26,55,80,223.84,155.0,0.0247,1,0,0.0233,0,Low Risk
14782,United Kingdom,1,200.1,114,6,320,320,200.1,114.0,0.0031,1,1,0.9957,1,High Risk
14784,United Kingdom,2,289.99,237,15,27,324,145.0,118.5,0.0062,1,0,0.6906,1,Medium Risk
14785,United Kingdom,2,77.4,84,2,11,16,38.7,42.0,0.1176,1,0,0.0408,0,Low Risk
14788,United Kingdom,2,679.44,421,26,8,27,339.72,210.5,0.0714,1,0,0.0104,0,Low Risk
14789,United Kingdom,1,197.64,116,6,29,29,197.64,116.0,0.0333,1,0,0.006,0,Low Risk
14790,United Kingdom,4,745.06,699,30,17,254,186.26,174.75,0.0157,1,0,0.3264,0,Medium Risk
14792,United Kingdom,1,6.2,2,2,64,64,6.2,2.0,0.0154,1,0,0.0079,0,Low Risk
14793,United Kingdom,1,228.99,91,14,22,22,228.99,91.0,0.0435,1,0,0.0065,0,Low Risk
14794,United Kingdom,7,1319.91,673,68,3,335,188.56,96.14,0.0208,1,0,0.1048,0,Low Risk
14795,United Kingdom,1,131.45,17,6,167,167,131.45,17.0,0.006,1,1,0.9945,1,High Risk
14796,United Kingdom,17,8022.49,6025,403,2,367,471.91,354.41,0.0462,1,0,0.0166,0,Low Risk
14798,United Kingdom,3,173.74,150,11,53,311,57.91,50.0,0.0096,1,0,0.6772,1,Medium Risk
14799,United Kingdom,1,157.7,146,13,52,52,157.7,146.0,0.0189,1,0,0.006,0,Low Risk
14800,United Kingdom,12,4339.74,3655,246,48,370,361.64,304.58,0.0323,1,0,0.0208,0,Low Risk
14801,United Kingdom,1,193.14,175,56,62,62,193.14,175.0,0.0159,1,0,0.0024,0,Low Risk
14803,United Kingdom,3,845.55,370,35,163,293,281.85,123.33,0.0102,1,1,0.6052,1,Medium Risk
14804,United Kingdom,1,353.27,121,12,9,9,353.27,121.0,0.1,1,0,0.0068,0,Low Risk
14805,United Kingdom,4,554.65,115,30,16,314,138.66,28.75,0.0127,1,0,0.5781,1,Medium Risk
14806,United Kingdom,1,193.39,330,11,76,76,193.39,330.0,0.013,1,0,0.0026,0,Low Risk
14808,United Kingdom,8,2741.17,2147,176,40,173,342.65,268.38,0.046,1,0,0.0465,0,Low Risk
14810,United Kingdom,11,2087.88,1016,106,41,370,189.81,92.36,0.0296,1,0,0.0709,0,Low Risk
14813,United Kingdom,2,155.43,67,25,370,370,77.72,33.5,0.0054,1,1,0.8048,1,High Risk
14815,United Kingdom,2,778.5,744,53,37,68,389.25,372.0,0.029,1,0,0.0064,0,Low Risk
14816,United Kingdom,1,271.85,5,4,198,198,271.85,5.0,0.005,1,1,0.9946,1,High Risk
14817,United Kingdom,2,1110.34,655,52,201,278,555.17,327.5,0.0072,1,1,0.6886,1,Medium Risk
14818,United Kingdom,3,657.8,324,41,74,254,219.27,108.0,0.0118,1,0,0.4267,0,Medium Risk
14819,United Kingdom,2,272.07,109,13,65,193,136.04,54.5,0.0103,1,0,0.6404,1,Medium Risk
14820,United Kingdom,4,507.29,253,24,22,174,126.82,63.25,0.0229,1,0,0.2216,0,Low Risk
14821,United Kingdom,1,48.8,20,2,367,367,48.8,20.0,0.0027,1,1,0.9979,1,High Risk
14823,United Kingdom,3,321.43,88,56,181,195,107.14,29.33,0.0153,1,1,0.5954,1,Medium Risk
14824,United Kingdom,4,1127.71,525,19,11,92,281.93,131.25,0.043,1,0,0.0198,0,Low Risk
14825,United Kingdom,12,2226.91,991,82,4,369,185.58,82.58,0.0324,1,0,0.0632,0,Low Risk
14828,United Kingdom,3,2139.76,2172,17,197,337,713.25,724.0,0.0089,1,1,0.6082,1,Medium Risk
14829,United Kingdom,4,697.55,452,39,30,373,174.39,113.0,0.0107,1,0,0.5711,1,Medium Risk
14830,United Kingdom,1,197.13,169,39,54,54,197.13,169.0,0.0182,1,0,0.0031,0,Low Risk
14834,United Kingdom,6,1720.3,734,43,18,241,286.72,122.33,0.0248,1,0,0.0964,0,Low Risk
14836,United Kingdom,3,102.45,45,5,11,31,34.15,15.0,0.0938,1,0,0.0728,0,Low Risk
14837,United Kingdom,4,1649.5,1436,96,90,202,412.38,359.0,0.0197,1,0,0.1369,0,Low Risk
14840,United Kingdom,1,62.85,31,4,268,268,62.85,31.0,0.0037,1,1,0.9975,1,High Risk
14841,United Kingdom,6,3295.76,1778,103,54,359,549.29,296.33,0.0167,1,0,0.1416,0,Low Risk
14842,United Kingdom,4,2824.69,1166,128,44,309,706.17,291.5,0.0129,1,0,0.2664,0,Low Risk
14844,United Kingdom,4,3189.81,1833,87,64,242,797.45,458.25,0.0165,1,0,0.1493,0,Low Risk
14847,United Kingdom,1,309.4,120,13,149,149,309.4,120.0,0.0067,1,1,0.9873,1,High Risk
14849,United Kingdom,25,7930.54,5694,159,22,374,317.22,227.76,0.0667,1,0,0.0276,0,Low Risk
14850,United Kingdom,1,325.75,293,21,312,312,325.75,293.0,0.0032,1,1,0.994,1,High Risk
14851,United Kingdom,2,511.35,325,28,24,257,255.68,162.5,0.0078,1,0,0.7045,1,High Risk
14852,United Kingdom,6,2836.69,1747,96,59,253,472.78,291.17,0.0236,1,0,0.0652,0,Low Risk
14853,United Kingdom,2,475.8,82,8,25,212,237.9,41.0,0.0094,1,0,0.6867,1,Medium Risk
14854,United Kingdom,7,2759.83,1832,110,79,275,394.26,261.71,0.0254,1,0,0.0552,0,Low Risk
14855,United Kingdom,2,645.65,267,13,120,135,322.82,133.5,0.0147,1,1,0.5029,1,Medium Risk
14856,United Kingdom,3,1311.38,714,65,37,57,437.13,238.0,0.0517,1,0,0.0085,0,Low Risk
14857,United Kingdom,2,1173.12,464,58,60,149,586.56,232.0,0.0133,1,0,0.3809,0,Medium Risk
14859,United Kingdom,4,1353.74,671,47,13,205,338.44,167.75,0.0194,1,0,0.1809,0,Low Risk
14860,United Kingdom,1,170.32,232,11,20,20,170.32,232.0,0.0476,1,0,0.0009,0,Low Risk
14861,United Kingdom,1,125.79,117,6,53,53,125.79,117.0,0.0185,1,0,0.0098,0,Low Risk
14862,United Kingdom,2,841.2,772,47,26,149,420.6,386.0,0.0133,1,0,0.4025,0,Medium Risk
14863,United Kingdom,1,266.76,132,11,30,30,266.76,132.0,0.0323,1,0,0.0068,0,Low Risk
14865,United Kingdom,2,52.2,108,4,8,373,26.1,54.0,0.0053,1,0,0.6888,1,Medium Risk
14866,United Kingdom,12,14389.9,6752,30,11,367,1199.16,562.67,0.0326,1,0,0.0606,0,Low Risk
14867,United Kingdom,3,710.28,328,31,186,337,236.76,109.33,0.0089,1,1,0.6489,1,Medium Risk
14868,United Kingdom,8,2953.59,1405,96,4,234,369.2,175.62,0.034,1,0,0.0619,0,Low Risk
14869,United Kingdom,2,725.7,550,66,9,104,362.85,275.0,0.019,1,0,0.16,0,Low Risk
14870,United Kingdom,1,327.25,119,13,262,262,327.25,119.0,0.0038,1,1,0.9953,1,High Risk
14871,United Kingdom,4,522.38,185,68,4,361,130.6,46.25,0.011,1,0,0.4861,0,Medium Risk
14873,United Kingdom,1,519.68,168,28,211,211,519.68,168.0,0.0047,1,1,0.9912,1,High Risk
14875,United Kingdom,2,1465.32,558,46,108,263,732.66,279.0,0.0076,1,1,0.6949,1,Medium Risk
14878,United Kingdom,9,1485.54,802,62,13,359,165.06,89.11,0.025,1,0,0.086,0,Low Risk
14880,United Kingdom,3,706.19,373,45,78,289,235.4,124.33,0.0103,1,0,0.5604,1,Medium Risk
14881,United Kingdom,1,255.4,316,17,20,20,255.4,316.0,0.0476,1,0,0.0017,0,Low Risk
14882,United Kingdom,2,589.7,158,6,27,34,294.85,79.0,0.0571,1,0,0.0244,0,Low Risk
14883,United Kingdom,6,761.59,790,39,19,212,126.93,131.67,0.0282,1,0,0.1065,0,Low Risk
14885,United Kingdom,1,765.32,724,15,132,132,765.32,724.0,0.0075,1,1,0.9688,1,High Risk
14886,United Kingdom,1,364.8,160,18,253,253,364.8,160.0,0.0039,1,1,0.9963,1,High Risk
14887,United Kingdom,1,1862.0,1100,6,80,80,1862.0,1100.0,0.0123,1,0,0.0225,0,Low Risk
14888,United Kingdom,1,369.2,184,20,208,208,369.2,184.0,0.0048,1,1,0.9965,1,High Risk
14889,United Kingdom,1,135.9,90,10,337,337,135.9,90.0,0.003,1,1,0.9963,1,High Risk
14890,United Kingdom,1,125.65,51,7,254,254,125.65,51.0,0.0039,1,1,0.9922,1,High Risk
14891,United Kingdom,2,554.38,505,30,149,188,277.19,252.5,0.0106,1,1,0.6991,1,Medium Risk
14893,United Kingdom,2,1237.85,799,72,10,12,618.92,399.5,0.1538,1,0,0.0076,0,Low Risk
14894,United Kingdom,1,655.75,265,23,86,86,655.75,265.0,0.0115,1,0,0.0117,0,Low Risk
14895,United Kingdom,20,11138.71,4851,273,8,291,556.94,242.55,0.0685,1,0,0.0171,0,Low Risk
14896,United Kingdom,2,468.77,279,43,205,366,234.38,139.5,0.0054,1,1,0.6315,1,Medium Risk
14897,United Kingdom,4,1366.38,468,43,8,297,341.6,117.0,0.0134,1,0,0.3541,0,Medium Risk
14898,United Kingdom,6,1303.52,1020,86,24,372,217.25,170.0,0.0161,1,0,0.2142,0,Low Risk
14901,United Kingdom,9,1421.29,661,73,12,373,157.92,73.44,0.0241,1,0,0.1155,0,Low Risk
14902,United Kingdom,1,332.66,218,20,26,26,332.66,218.0,0.037,1,0,0.0009,0,Low Risk
14903,United Kingdom,5,2810.63,1536,227,22,279,562.13,307.2,0.0179,1,0,0.1418,0,Low Risk
14904,United Kingdom,2,1025.44,1985,66,3,26,512.72,992.5,0.0741,1,0,0.0251,0,Low Risk
14905,United Kingdom,2,616.15,287,14,158,234,308.08,143.5,0.0085,1,1,0.7053,1,High Risk
14907,United Kingdom,7,3501.1,1691,125,4,368,500.16,241.57,0.019,1,0,0.106,0,Low Risk
14908,United Kingdom,1,277.8,132,9,75,75,277.8,132.0,0.0132,1,0,0.0063,0,Low Risk
14910,United Kingdom,4,434.35,238,25,3,55,108.59,59.5,0.0714,1,0,0.0426,0,Low Risk
14911,EIRE,201,143825.06,80265,1787,2,374,715.55,399.33,0.536,0,0,0.0237,0,Low Risk
14912,Italy,2,867.85,971,21,17,247,433.92,485.5,0.0081,0,0,0.6849,1,Medium Risk
14913,United Kingdom,4,1227.43,1743,76,36,360,306.86,435.75,0.0111,1,0,0.3805,0,Medium Risk
14915,United Kingdom,2,307.48,112,12,92,278,153.74,56.0,0.0072,1,1,0.7846,1,High Risk
14916,United Kingdom,4,1268.98,1136,72,71,325,317.24,284.0,0.0123,1,0,0.306,0,Medium Risk
14918,United Kingdom,2,1610.15,675,39,116,155,805.08,337.5,0.0128,1,1,0.5136,1,Medium Risk
14920,United Kingdom,2,977.77,509,57,213,213,488.88,254.5,0.0093,1,1,0.6594,1,Medium Risk
14921,United Kingdom,2,1316.07,953,78,31,202,658.04,476.5,0.0099,1,0,0.614,1,Medium Risk
14923,United Kingdom,1,749.1,418,44,51,51,749.1,418.0,0.0192,1,0,0.0057,0,Low Risk
14924,United Kingdom,1,310.05,64,10,246,246,310.05,64.0,0.004,1,1,0.9914,1,High Risk
14929,United Kingdom,1,223.88,136,11,33,33,223.88,136.0,0.0294,1,0,0.0066,0,Low Risk
14930,Channel Islands,3,2372.86,1166,116,109,275,790.95,388.67,0.0109,0,1,0.523,1,Medium Risk
14931,Channel Islands,5,1257.68,417,30,5,241,251.54,83.4,0.0207,0,0,0.1684,0,Low Risk
14932,Channel Islands,1,363.53,80,17,366,366,363.53,80.0,0.0027,0,1,0.9932,1,High Risk
14934,Channel Islands,2,1890.94,1042,68,82,283,945.47,521.0,0.007,0,0,0.7059,1,High Risk
14935,Channel Islands,1,1784.71,935,10,298,298,1784.71,935.0,0.0033,0,1,0.977,1,High Risk
14936,Channel Islands,8,8137.02,4085,210,34,276,1017.13,510.62,0.0289,0,0,0.0485,0,Low Risk
14937,Channel Islands,3,1621.88,484,33,57,131,540.63,161.33,0.0227,0,0,0.0909,0,Low Risk
14944,United Kingdom,12,5900.25,2815,101,30,297,491.69,234.58,0.0403,1,0,0.0282,0,Low Risk
14946,United Kingdom,1,100.9,22,3,15,15,100.9,22.0,0.0625,1,0,0.0008,0,Low Risk
14947,United Kingdom,2,290.82,179,14,73,131,145.41,89.5,0.0152,1,0,0.3567,0,Medium Risk
14948,United Kingdom,6,1101.97,673,56,24,220,183.66,112.17,0.0271,1,0,0.0937,0,Low Risk
14950,United Kingdom,1,371.2,136,19,20,20,371.2,136.0,0.0476,1,0,0.0066,0,Low Risk
14951,United Kingdom,1,311.69,311,20,80,80,311.69,311.0,0.0123,1,0,0.0015,0,Low Risk
14952,United Kingdom,11,8099.49,3355,117,60,365,736.32,305.0,0.0301,1,0,0.0324,0,Low Risk
14953,United Kingdom,1,289.82,225,54,26,26,289.82,225.0,0.037,1,0,0.0043,0,Low Risk
14954,United Kingdom,1,336.17,127,75,13,13,336.17,127.0,0.0714,1,0,0.0113,0,Low Risk
14957,United Kingdom,1,58.49,34,12,254,254,58.49,34.0,0.0039,1,1,0.9942,1,High Risk
14958,United Kingdom,3,499.68,129,33,148,246,166.56,43.0,0.0121,1,1,0.5753,1,Medium Risk
14959,United Kingdom,4,695.42,494,37,65,297,173.86,123.5,0.0134,1,0,0.4122,0,Medium Risk
14960,United Kingdom,2,221.27,221,23,9,172,110.64,110.5,0.0116,1,0,0.5042,1,Medium Risk
14961,United Kingdom,9,7044.68,3708,193,11,361,782.74,412.0,0.0249,1,0,0.0339,0,Low Risk
14962,United Kingdom,1,126.7,44,5,271,271,126.7,44.0,0.0037,1,1,0.9909,1,High Risk
14963,United Kingdom,5,1487.8,1176,149,10,184,297.56,235.2,0.027,1,0,0.0691,0,Low Risk
14964,United Kingdom,1,206.21,143,13,248,248,206.21,143.0,0.004,1,1,0.996,1,High Risk
14965,United Kingdom,2,599.0,365,80,97,97,299.5,182.5,0.0204,1,1,0.1228,0,Low Risk
14966,United Kingdom,1,191.32,187,35,15,15,191.32,187.0,0.0625,1,0,0.0011,0,Low Risk
14967,United Kingdom,1,463.8,140,6,50,50,463.8,140.0,0.0196,1,0,0.0025,0,Low Risk
14968,United Kingdom,1,147.59,127,37,31,31,147.59,127.0,0.0312,1,0,0.0063,0,Low Risk
14970,United Kingdom,4,1592.06,250,24,69,317,398.02,62.5,0.0126,1,0,0.417,0,Medium Risk
14971,United Kingdom,3,1116.57,644,144,36,44,372.19,214.67,0.0667,1,0,0.0092,0,Low Risk
14972,United Kingdom,1,114.77,28,18,129,129,114.77,28.0,0.0077,1,1,0.9862,1,High Risk
14973,United Kingdom,3,1314.45,369,29,108,226,438.15,123.0,0.0132,1,1,0.429,0,Medium Risk
14974,United Kingdom,1,114.39,44,17,38,38,114.39,44.0,0.0256,1,0,0.0076,0,Low Risk
14975,United Kingdom,1,279.94,380,11,58,58,279.94,380.0,0.0169,1,0,0.0024,0,Low Risk
14976,United Kingdom,7,790.86,234,47,58,327,112.98,33.43,0.0213,1,0,0.2652,0,Low Risk
14978,United Kingdom,5,1931.42,525,136,73,331,386.28,105.0,0.0151,1,0,0.2632,0,Low Risk
14981,United Kingdom,1,102.12,97,8,247,247,102.12,97.0,0.004,1,1,0.9968,1,High Risk
14984,United Kingdom,2,213.27,60,37,20,181,106.64,30.0,0.011,1,0,0.6045,1,Medium Risk
14985,United Kingdom,2,296.75,260,78,199,359,148.38,130.0,0.0056,1,1,0.6337,1,Medium Risk
14987,United Kingdom,2,326.4,128,2,16,366,163.2,64.0,0.0054,1,0,0.7805,1,High Risk
14988,United Kingdom,1,334.54,141,40,212,212,334.54,141.0,0.0047,1,1,0.9913,1,High Risk
14995,United Kingdom,2,233.23,103,53,39,281,116.62,51.5,0.0071,1,0,0.6586,1,Medium Risk
14997,United Kingdom,3,546.2,1120,25,47,179,182.07,373.33,0.0167,1,0,0.3378,0,Medium Risk
14998,United Kingdom,2,429.87,270,70,171,242,214.94,135.0,0.0082,1,1,0.6899,1,Medium Risk
15000,United Kingdom,1,490.52,218,76,48,48,490.52,218.0,0.0204,1,0,0.0027,0,Low Risk
15002,United Kingdom,4,1641.76,862,93,116,368,410.44,215.5,0.0108,1,1,0.49,0,Medium Risk
15004,United Kingdom,1,1246.32,630,154,148,148,1246.32,630.0,0.0067,1,1,0.9361,1,High Risk
15005,United Kingdom,28,6316.57,4247,360,16,367,225.59,151.68,0.0761,1,0,0.0183,0,Low Risk
15006,United Kingdom,1,502.09,302,121,52,52,502.09,302.0,0.0189,1,0,0.0053,0,Low Risk
15007,United Kingdom,1,156.91,69,12,160,160,156.91,69.0,0.0062,1,1,0.9939,1,High Risk
15009,United Kingdom,3,1261.78,642,148,13,26,420.59,214.0,0.1111,1,0,0.0097,0,Low Risk
15010,United Kingdom,1,308.94,184,20,36,36,308.94,184.0,0.027,1,0,0.0009,0,Low Risk
15012,United Kingdom,2,423.04,231,110,54,374,211.52,115.5,0.0053,1,0,0.6059,1,Medium Risk
15014,United Kingdom,2,260.17,151,29,44,177,130.08,75.5,0.0112,1,0,0.5393,1,Medium Risk
15016,United Kingdom,1,170.04,76,20,173,173,170.04,76.0,0.0057,1,1,0.992,1,High Risk
15017,United Kingdom,1,125.58,63,20,34,34,125.58,63.0,0.0286,1,0,0.0093,0,Low Risk
15018,United Kingdom,3,496.21,189,30,39,368,165.4,63.0,0.0081,1,0,0.6553,1,Medium Risk
15019,United Kingdom,1,266.0,159,64,267,267,266.0,159.0,0.0037,1,1,0.9869,1,High Risk
15021,United Kingdom,9,1914.82,847,287,9,367,212.76,94.11,0.0245,1,0,0.0714,0,Low Risk
15022,United Kingdom,4,905.04,543,96,12,48,226.26,135.75,0.0816,1,0,0.0138,0,Low Risk
15023,United Kingdom,11,6802.76,2871,347,4,370,618.43,261.0,0.0296,1,0,0.03,0,Low Risk
15024,United Kingdom,10,1661.33,920,105,10,368,166.13,92.0,0.0271,1,0,0.0719,0,Low Risk
15025,United Kingdom,1,377.01,189,66,34,34,377.01,189.0,0.0286,1,0,0.0017,0,Low Risk
15026,United Kingdom,3,469.0,285,57,81,278,156.33,95.0,0.0108,1,0,0.5566,1,Medium Risk
15027,United Kingdom,4,1066.15,565,30,31,239,266.54,141.25,0.0167,1,0,0.2975,0,Low Risk
15028,United Kingdom,4,627.13,459,35,9,369,156.78,114.75,0.0108,1,0,0.5946,1,Medium Risk
15030,United Kingdom,2,518.28,372,7,72,269,259.14,186.0,0.0074,1,0,0.7237,1,High Risk
15031,United Kingdom,4,668.14,401,74,5,283,167.04,100.25,0.0141,1,0,0.3448,0,Medium Risk
15032,United Kingdom,3,4959.1,2968,29,257,367,1653.03,989.33,0.0082,1,1,0.5754,1,Medium Risk
15033,United Kingdom,10,2586.67,1695,315,5,330,258.67,169.5,0.0302,1,0,0.0513,0,Low Risk
15034,United Kingdom,8,4308.61,2422,299,16,354,538.58,302.75,0.0225,1,0,0.0388,0,Low Risk
15035,United Kingdom,1,252.73,245,26,90,90,252.73,245.0,0.011,1,0,0.0221,0,Low Risk
15036,United Kingdom,3,465.55,327,107,73,180,155.18,109.0,0.0166,1,0,0.2519,0,Low Risk
15038,United Kingdom,6,705.49,217,105,59,370,117.58,36.17,0.0162,1,0,0.3637,0,Medium Risk
15039,United Kingdom,47,19914.44,9209,408,10,369,423.71,195.94,0.127,1,0,0.0176,0,Low Risk
15041,United Kingdom,1,180.35,104,66,171,171,180.35,104.0,0.0058,1,1,0.959,1,High Risk
15042,United Kingdom,1,135.93,30,5,200,200,135.93,30.0,0.005,1,1,0.9973,1,High Risk
15043,United Kingdom,1,537.0,300,3,32,32,537.0,300.0,0.0303,1,0,0.0054,0,Low Risk
15044,United Kingdom,17,7700.23,2795,233,20,363,452.95,164.41,0.0467,1,0,0.0189,0,Low Risk
15045,United Kingdom,2,735.66,114,11,152,258,367.83,57.0,0.0077,1,1,0.7673,1,High Risk
15046,United Kingdom,15,5213.77,3451,147,10,339,347.58,230.07,0.0441,1,0,0.0206,0,Low Risk
15047,United Kingdom,1,343.62,222,22,270,270,343.62,222.0,0.0037,1,1,0.9956,1,High Risk
15048,United Kingdom,4,384.05,195,86,66,369,96.01,48.75,0.0108,1,0,0.4775,0,Medium Risk
15049,United Kingdom,1,121.17,63,3,274,274,121.17,63.0,0.0036,1,1,0.9944,1,High Risk
15050,United Kingdom,3,1782.09,1224,68,26,72,594.03,408.0,0.0411,1,0,0.0155,0,Low Risk
15051,United Kingdom,3,1391.61,1011,130,24,151,463.87,337.0,0.0197,1,0,0.1144,0,Low Risk
15052,United Kingdom,1,215.78,82,27,320,320,215.78,82.0,0.0031,1,1,0.99,1,High Risk
15053,United Kingdom,3,697.79,986,49,5,282,232.6,328.67,0.0106,1,0,0.5151,1,Medium Risk
15054,United Kingdom,2,302.1,198,105,13,41,151.05,99.0,0.0476,1,0,0.0089,0,Low Risk
15057,United Kingdom,2,1489.5,668,25,276,316,744.75,334.0,0.0063,1,1,0.734,1,High Risk
15058,United Kingdom,11,2124.99,1069,199,26,313,193.18,97.18,0.035,1,0,0.0544,0,Low Risk
15059,United Kingdom,9,1337.72,604,161,41,335,148.64,67.11,0.0268,1,0,0.1064,0,Low Risk
15060,United Kingdom,4,303.09,263,81,9,10,75.77,65.75,0.3636,1,0,0.0344,0,Low Risk
15061,United Kingdom,48,54534.14,28920,70,4,373,1136.13,602.5,0.1283,1,0,0.0433,0,Low Risk
15062,United Kingdom,4,987.86,763,47,72,360,246.96,190.75,0.0111,1,0,0.3893,0,Medium Risk
15063,United Kingdom,1,370.8,56,5,214,214,370.8,56.0,0.0047,1,1,0.9917,1,High Risk
15065,United Kingdom,4,3158.13,1383,148,38,292,789.53,345.75,0.0137,1,0,0.2246,0,Low Risk
15066,United Kingdom,1,893.59,317,42,54,54,893.59,317.0,0.0182,1,0,0.014,0,Low Risk
15067,United Kingdom,3,1744.76,954,82,79,283,581.59,318.0,0.0106,1,0,0.5546,1,Medium Risk
15068,United Kingdom,2,553.36,364,96,47,257,276.68,182.0,0.0078,1,0,0.5989,1,Medium Risk
15069,United Kingdom,1,1109.53,520,70,180,180,1109.53,520.0,0.0055,1,1,0.9594,1,High Risk
15070,United Kingdom,1,106.2,36,1,373,373,106.2,36.0,0.0027,1,1,0.9969,1,High Risk
15071,United Kingdom,2,982.07,269,25,94,276,491.04,134.5,0.0072,1,1,0.7354,1,High Risk
15073,United Kingdom,3,1043.41,491,31,10,187,347.8,163.67,0.016,1,0,0.3185,0,Medium Risk
15074,United Kingdom,1,748.87,455,41,106,106,748.87,455.0,0.0093,1,1,0.9472,1,High Risk
15075,United Kingdom,1,773.03,447,27,78,78,773.03,447.0,0.0127,1,0,0.0188,0,Low Risk
15076,United Kingdom,1,880.85,571,49,173,173,880.85,571.0,0.0057,1,1,0.9659,1,High Risk
15078,United Kingdom,32,9743.11,5105,97,8,369,304.47,159.53,0.0865,1,0,0.0248,0,Low Risk
15079,United Kingdom,4,895.61,389,46,213,366,223.9,97.25,0.0109,1,1,0.4435,0,Medium Risk
15081,United Kingdom,5,504.8,190,26,23,368,100.96,38.0,0.0136,1,0,0.6243,1,Medium Risk
15083,United Kingdom,1,88.2,38,5,257,257,88.2,38.0,0.0039,1,1,0.9975,1,High Risk
15087,United Kingdom,1,306.94,470,15,282,282,306.94,470.0,0.0035,1,1,0.9953,1,High Risk
15088,United Kingdom,2,1160.07,460,53,22,68,580.04,230.0,0.029,1,0,0.0074,0,Low Risk
15089,United Kingdom,6,2420.84,1359,139,11,129,403.47,226.5,0.0462,1,0,0.0563,0,Low Risk
15090,United Kingdom,1,381.32,208,23,309,309,381.32,208.0,0.0032,1,1,0.9942,1,High Risk
15091,United Kingdom,1,480.71,346,30,68,68,480.71,346.0,0.0145,1,0,0.0034,0,Low Risk
15092,United Kingdom,2,457.81,135,23,216,284,228.9,67.5,0.007,1,1,0.7841,1,High Risk
15093,United Kingdom,6,4597.02,3760,52,19,373,766.17,626.67,0.016,1,0,0.2088,0,Low Risk
15095,United Kingdom,4,1370.6,1079,30,104,204,342.65,269.75,0.0195,1,1,0.1952,0,Low Risk
15096,United Kingdom,1,219.39,120,11,43,43,219.39,120.0,0.0227,1,0,0.007,0,Low Risk
15097,United Kingdom,1,248.08,170,25,5,5,248.08,170.0,0.1667,1,0,0.0008,0,Low Risk
15098,United Kingdom,3,39916.5,121,1,183,183,13305.5,40.33,0.0163,1,1,0.4826,0,Medium Risk
15099,United Kingdom,1,410.48,343,23,85,85,410.48,343.0,0.0116,1,0,0.0105,0,Low Risk
15100,United Kingdom,3,876.0,80,1,334,374,292.0,26.67,0.008,1,1,0.6702,1,Medium Risk
15101,United Kingdom,2,317.53,241,8,9,360,158.76,120.5,0.0055,1,0,0.7005,1,High Risk
15103,United Kingdom,2,703.36,329,35,32,87,351.68,164.5,0.0227,1,0,0.0142,0,Low Risk
15104,United Kingdom,2,1027.44,637,66,197,283,513.72,318.5,0.007,1,1,0.6927,1,Medium Risk
15105,United Kingdom,7,2298.93,1211,90,19,135,328.42,173.0,0.0515,1,0,0.0483,0,Low Risk
15106,United Kingdom,5,1422.52,1181,90,18,270,284.5,236.2,0.0185,1,0,0.1437,0,Low Risk
15107,United Kingdom,6,319.5,169,12,312,373,53.25,28.17,0.016,1,1,0.7003,1,High Risk
15108,European Community,4,1300.25,499,50,142,228,325.06,124.75,0.0175,0,1,0.2798,0,Low Risk
15109,United Kingdom,1,484.95,131,28,246,246,484.95,131.0,0.004,1,1,0.9929,1,High Risk
15110,United Kingdom,4,996.1,246,17,24,319,249.02,61.5,0.0125,1,0,0.4,0,Medium Risk
15111,United Kingdom,3,1567.48,710,70,30,373,522.49,236.67,0.008,1,0,0.5399,1,Medium Risk
15113,United Kingdom,3,3609.33,2386,77,10,55,1203.11,795.33,0.0536,1,0,0.0252,0,Low Risk
15114,United Kingdom,10,2760.56,3096,136,31,302,276.06,309.6,0.033,1,0,0.0398,0,Low Risk
15115,United Kingdom,1,340.11,157,21,19,19,340.11,157.0,0.05,1,0,0.0009,0,Low Risk
15116,United Kingdom,4,1352.75,648,37,18,205,338.19,162.0,0.0194,1,0,0.2004,0,Low Risk
15117,United Kingdom,5,1551.78,1948,63,15,216,310.36,389.6,0.023,1,0,0.0719,0,Low Risk
15118,United Kingdom,1,244.8,1440,1,135,135,244.8,1440.0,0.0074,1,1,0.9724,1,High Risk
15119,United Kingdom,1,266.4,88,14,246,246,266.4,88.0,0.004,1,1,0.9943,1,High Risk
15120,United Kingdom,1,358.82,296,21,134,134,358.82,296.0,0.0074,1,1,0.9882,1,High Risk
15121,United Kingdom,2,457.72,199,28,51,289,228.86,99.5,0.0069,1,0,0.7112,1,High Risk
15122,United Kingdom,3,1633.78,800,65,115,298,544.59,266.67,0.01,1,1,0.6111,1,Medium Risk
15123,United Kingdom,2,2199.31,1195,93,8,207,1099.66,597.5,0.0096,1,0,0.581,1,Medium Risk
15124,United Kingdom,2,184.19,233,14,23,192,92.1,116.5,0.0104,1,0,0.5821,1,Medium Risk
15125,United Kingdom,15,11528.48,6193,102,26,271,768.57,412.87,0.0551,1,0,0.0277,0,Low Risk
15127,United Kingdom,1,406.53,251,16,66,66,406.53,251.0,0.0149,1,0,0.0017,0,Low Risk
15128,United Kingdom,4,1471.0,1343,74,61,220,367.75,335.75,0.0181,1,0,0.1903,0,Low Risk
15129,United Kingdom,11,3447.4,1794,54,51,292,313.4,163.09,0.0375,1,0,0.0534,0,Low Risk
15130,United Kingdom,1,330.11,197,22,170,170,330.11,197.0,0.0058,1,1,0.9891,1,High Risk
15132,United Kingdom,5,977.93,679,49,19,263,195.59,135.8,0.0189,1,0,0.1985,0,Low Risk
15133,United Kingdom,3,982.42,680,27,128,302,327.47,226.67,0.0099,1,1,0.6209,1,Medium Risk
15134,United Kingdom,8,1387.99,887,44,15,241,173.5,110.88,0.0331,1,0,0.0841,0,Low Risk
15135,United Kingdom,1,139.05,43,9,240,240,139.05,43.0,0.0041,1,1,0.9934,1,High Risk
15136,United Kingdom,4,1286.7,776,61,3,97,321.68,194.0,0.0408,1,0,0.0416,0,Low Risk
15139,United Kingdom,2,178.96,208,13,240,337,89.48,104.0,0.0059,1,1,0.7448,1,High Risk
15140,United Kingdom,7,2354.25,1572,74,53,265,336.32,224.57,0.0263,1,0,0.0719,0,Low Risk
15142,United Kingdom,1,498.74,365,26,47,47,498.74,365.0,0.0208,1,0,0.0063,0,Low Risk
15143,United Kingdom,1,259.45,150,14,226,226,259.45,150.0,0.0044,1,1,0.9971,1,High Risk
15144,United Kingdom,17,6580.44,3050,132,9,313,387.08,179.41,0.0541,1,0,0.0211,0,Low Risk
15145,United Kingdom,4,1194.73,756,54,5,249,298.68,189.0,0.016,1,0,0.2924,0,Low Risk
15146,United Kingdom,2,1327.16,1473,90,165,292,663.58,736.5,0.0068,1,1,0.6924,1,Medium Risk
15147,United Kingdom,1,623.5,366,28,241,241,623.5,366.0,0.0041,1,1,0.9852,1,High Risk
15148,United Kingdom,1,301.29,187,20,11,11,301.29,187.0,0.0833,1,0,0.0009,0,Low Risk
15149,United Kingdom,1,520.8,128,23,134,134,520.8,128.0,0.0074,1,1,0.9867,1,High Risk
15150,United Kingdom,10,5314.47,3658,282,18,270,531.45,365.8,0.0369,1,0,0.021,0,Low Risk
15152,United Kingdom,13,4745.69,2704,196,10,188,365.05,208.0,0.0688,1,0,0.0383,0,Low Risk
15153,United Kingdom,1,329.25,198,22,32,32,329.25,198.0,0.0303,1,0,0.0015,0,Low Risk
15154,United Kingdom,1,296.42,104,66,76,76,296.42,104.0,0.013,1,0,0.0151,0,Low Risk
15156,United Kingdom,3,961.49,597,51,2,34,320.5,199.0,0.0857,1,0,0.0097,0,Low Risk
15157,United Kingdom,3,1936.07,2392,125,4,359,645.36,797.33,0.0083,1,0,0.5152,1,Medium Risk
15158,United Kingdom,1,401.4,198,7,46,46,401.4,198.0,0.0213,1,0,0.0015,0,Low Risk
15159,United Kingdom,30,18641.01,11441,363,2,362,621.37,381.37,0.0826,1,0,0.0165,0,Low Risk
15160,United Kingdom,1,158.16,84,4,358,358,158.16,84.0,0.0028,1,1,0.9962,1,High Risk
15163,United Kingdom,2,304.47,186,29,19,193,152.24,93.0,0.0103,1,0,0.5938,1,Medium Risk
15164,United Kingdom,3,843.05,360,79,69,340,281.02,120.0,0.0088,1,0,0.5116,1,Medium Risk
15165,United Kingdom,1,487.75,160,27,374,374,487.75,160.0,0.0027,1,1,0.9903,1,High Risk
15167,United Kingdom,1,163.0,67,39,321,321,163.0,67.0,0.0031,1,1,0.9823,1,High Risk
15168,United Kingdom,1,106.56,52,5,26,26,106.56,52.0,0.037,1,0,0.007,0,Low Risk
15171,United Kingdom,1,1289.5,290,5,332,332,1289.5,290.0,0.003,1,1,0.9738,1,High Risk
15172,United Kingdom,5,1624.05,1611,106,9,237,324.81,322.2,0.021,1,0,0.0947,0,Low Risk
15174,United Kingdom,1,135.75,145,11,323,323,135.75,145.0,0.0031,1,1,0.9971,1,High Risk
15175,United Kingdom,1,224.14,454,23,72,72,224.14,454.0,0.0137,1,0,0.0093,0,Low Risk
15178,United Kingdom,1,40.5,30,3,261,261,40.5,30.0,0.0038,1,1,0.9975,1,High Risk
15179,United Kingdom,5,2206.95,1938,91,19,320,441.39,387.6,0.0156,1,0,0.1507,0,Low Risk
15180,United Kingdom,1,87.5,36,6,368,368,87.5,36.0,0.0027,1,1,0.9975,1,High Risk
15181,United Kingdom,3,689.48,544,11,67,270,229.83,181.33,0.0111,1,0,0.5574,1,Medium Risk
15182,United Kingdom,2,622.85,253,24,155,269,311.42,126.5,0.0074,1,1,0.693,1,Medium Risk
15184,United Kingdom,2,406.76,223,59,30,191,203.38,111.5,0.0104,1,0,0.5597,1,Medium Risk
15185,United Kingdom,1,310.62,666,21,71,71,310.62,666.0,0.0139,1,0,0.0194,0,Low Risk
15186,United Kingdom,2,411.41,215,17,15,169,205.7,107.5,0.0118,1,0,0.5067,1,Medium Risk
15187,United Kingdom,16,4777.18,1887,61,2,213,298.57,117.94,0.0748,1,0,0.0438,0,Low Risk
15189,United Kingdom,41,16225.39,6149,80,2,333,395.74,149.98,0.1228,1,0,0.0419,0,Low Risk
15192,United Kingdom,3,1044.32,918,36,120,366,348.11,306.0,0.0082,1,1,0.6022,1,Medium Risk
15193,United Kingdom,1,499.32,144,19,61,61,499.32,144.0,0.0161,1,0,0.0122,0,Low Risk
15194,United Kingdom,15,7616.53,5703,209,4,369,507.77,380.2,0.0405,1,0,0.0163,0,Low Risk
15195,United Kingdom,1,3861.0,1404,1,3,3,3861.0,1404.0,0.25,1,0,0.0247,0,Low Risk
15197,United Kingdom,3,1079.61,469,30,11,359,359.87,156.33,0.0083,1,0,0.6227,1,Medium Risk
15198,United Kingdom,2,193.64,120,10,93,125,96.82,60.0,0.0159,1,1,0.5751,1,Medium Risk
15199,United Kingdom,4,1268.7,396,5,60,309,317.18,99.0,0.0129,1,0,0.4099,0,Medium Risk
15201,United Kingdom,5,1236.54,1210,35,88,248,247.31,242.0,0.0201,1,0,0.1225,0,Low Risk
15203,United Kingdom,6,1827.8,1753,82,26,312,304.63,292.17,0.0192,1,0,0.1079,0,Low Risk
15204,United Kingdom,1,316.58,258,9,358,358,316.58,258.0,0.0028,1,1,0.9965,1,High Risk
15205,United Kingdom,2,653.24,378,37,86,128,326.62,189.0,0.0155,1,0,0.3394,0,Medium Risk
15206,United Kingdom,4,420.3,162,3,11,276,105.08,40.5,0.0144,1,0,0.5802,1,Medium Risk
15208,United Kingdom,5,870.12,316,25,2,354,174.02,63.2,0.0141,1,0,0.3467,0,Medium Risk
15210,United Kingdom,1,331.18,228,20,226,226,331.18,228.0,0.0044,1,1,0.9964,1,High Risk
15211,United Kingdom,2,894.41,240,52,61,366,447.2,120.0,0.0054,1,0,0.6488,1,Medium Risk
15212,United Kingdom,1,101.8,36,5,242,242,101.8,36.0,0.0041,1,1,0.9975,1,High Risk
15213,United Kingdom,2,328.35,272,22,319,330,164.18,136.0,0.006,1,1,0.7234,1,High Risk
15214,United Kingdom,8,1661.44,1254,109,2,243,207.68,156.75,0.0328,1,0,0.0616,0,Low Risk
15215,United Kingdom,3,734.94,225,33,47,97,244.98,75.0,0.0306,1,0,0.0624,0,Low Risk
15216,United Kingdom,1,96.6,28,2,88,88,96.6,28.0,0.0112,1,0,0.0268,0,Low Risk
15218,United Kingdom,11,5756.89,3329,77,11,319,523.35,302.64,0.0344,1,0,0.0453,0,Low Risk
15219,United Kingdom,1,305.75,45,9,177,177,305.75,45.0,0.0056,1,1,0.9837,1,High Risk
15220,United Kingdom,6,1778.96,1393,110,52,281,296.49,232.17,0.0213,1,0,0.0968,0,Low Risk
15221,United Kingdom,1,403.25,43,5,367,367,403.25,43.0,0.0027,1,1,0.9897,1,High Risk
15222,United Kingdom,1,585.0,440,5,319,319,585.0,440.0,0.0031,1,1,0.9919,1,High Risk
15223,United Kingdom,2,755.75,213,14,226,250,377.88,106.5,0.008,1,1,0.7355,1,High Risk
15224,United Kingdom,2,322.08,152,13,359,363,161.04,76.0,0.0055,1,1,0.8151,1,High Risk
15225,United Kingdom,1,409.4,226,23,235,235,409.4,226.0,0.0042,1,1,0.9929,1,High Risk
15226,United Kingdom,1,154.41,71,8,311,311,154.41,71.0,0.0032,1,1,0.9961,1,High Risk
15227,United Kingdom,5,1219.4,750,43,37,318,243.88,150.0,0.0157,1,0,0.2711,0,Low Risk
15228,United Kingdom,4,3386.71,2255,110,67,295,846.68,563.75,0.0135,1,0,0.181,0,Low Risk
15230,United Kingdom,2,429.6,351,23,240,241,214.8,175.5,0.0083,1,1,0.7288,1,High Risk
15232,United Kingdom,2,612.06,686,26,114,141,306.03,343.0,0.0141,1,1,0.6,1,Medium Risk
15234,United Kingdom,1,197.0,196,14,277,277,197.0,196.0,0.0036,1,1,0.9903,1,High Risk
15235,United Kingdom,12,2247.51,1324,132,218,374,187.29,110.33,0.032,1,1,0.1475,0,Low Risk
15236,United Kingdom,1,321.05,269,15,299,299,321.05,269.0,0.0033,1,1,0.996,1,High Risk
15237,United Kingdom,4,1412.32,1071,94,2,228,353.08,267.75,0.0175,1,0,0.1942,0,Low Risk
15238,United Kingdom,3,1071.99,692,49,30,185,357.33,230.67,0.0161,1,0,0.2713,0,Low Risk
15239,United Kingdom,2,780.59,594,48,11,79,390.3,297.0,0.025,1,0,0.0062,0,Low Risk
15240,United Kingdom,5,1706.57,1369,58,45,312,341.31,273.8,0.016,1,0,0.2228,0,Low Risk
15241,United Kingdom,8,1756.44,1818,82,67,284,219.56,227.25,0.0281,1,0,0.0611,0,Low Risk
15243,United Kingdom,1,316.68,185,22,75,75,316.68,185.0,0.0132,1,0,0.0013,0,Low Risk
15244,United Kingdom,2,631.57,405,31,66,249,315.79,202.5,0.008,1,0,0.6748,1,Medium Risk
15245,United Kingdom,3,2515.84,1784,55,135,262,838.61,594.67,0.0114,1,1,0.4831,0,Medium Risk
15246,United Kingdom,2,514.15,247,32,239,359,257.08,123.5,0.0056,1,1,0.6836,1,Medium Risk
15247,United Kingdom,1,356.0,160,6,123,123,356.0,160.0,0.0081,1,1,0.9914,1,High Risk
15249,United Kingdom,13,6688.46,3577,211,32,257,514.5,275.15,0.0504,1,0,0.0179,0,Low Risk
15251,United Kingdom,11,10484.99,6171,97,10,242,953.18,561.0,0.0453,1,0,0.0504,0,Low Risk
15252,United Kingdom,2,740.78,522,44,37,184,370.39,261.0,0.0108,1,0,0.5758,1,Medium Risk
15253,United Kingdom,5,918.2,866,52,17,170,183.64,173.2,0.0292,1,0,0.0884,0,Low Risk
15254,United Kingdom,1,300.36,275,18,128,128,300.36,275.0,0.0078,1,1,0.989,1,High Risk
15255,United Kingdom,1,890.85,489,47,67,67,890.85,489.0,0.0147,1,0,0.0088,0,Low Risk
15256,United Kingdom,1,98.45,55,6,149,149,98.45,55.0,0.0067,1,1,0.9904,1,High Risk
15257,United Kingdom,1,317.15,46,7,284,284,317.15,46.0,0.0035,1,1,0.9898,1,High Risk
15258,United Kingdom,2,623.16,142,32,169,218,311.58,71.0,0.0091,1,1,0.7203,1,High Risk
15260,United Kingdom,7,1810.77,885,62,101,373,258.68,126.43,0.0187,1,1,0.2068,0,Low Risk
15261,United Kingdom,1,254.82,270,19,136,136,254.82,270.0,0.0073,1,1,0.9892,1,High Risk
15262,United Kingdom,1,178.95,73,10,324,324,178.95,73.0,0.0031,1,1,0.9958,1,High Risk
15263,United Kingdom,1,156.51,89,12,107,107,156.51,89.0,0.0093,1,1,0.9919,1,High Risk
15264,United Kingdom,1,393.74,265,23,65,65,393.74,265.0,0.0152,1,0,0.0056,0,Low Risk
15265,United Kingdom,2,1506.12,612,76,152,236,753.06,306.0,0.0084,1,1,0.7021,1,High Risk
15266,United Kingdom,1,119.3,18,6,339,339,119.3,18.0,0.0029,1,1,0.9952,1,High Risk
15267,United Kingdom,5,1717.36,944,8,23,183,343.47,188.8,0.0272,1,0,0.1202,0,Low Risk
15269,United Kingdom,1,408.8,26,2,24,24,408.8,26.0,0.04,1,0,0.0041,0,Low Risk
15270,United Kingdom,7,2379.49,1521,22,16,311,339.93,217.29,0.0224,1,0,0.1053,0,Low Risk
15271,United Kingdom,15,2507.07,1262,184,8,366,167.14,84.13,0.0409,1,0,0.0461,0,Low Risk
15272,United Kingdom,2,721.94,310,63,58,87,360.97,155.0,0.0227,1,0,0.0149,0,Low Risk
15274,United Kingdom,2,716.57,619,44,5,19,358.28,309.5,0.1,1,0,0.0105,0,Low Risk
15275,United Kingdom,1,615.14,498,41,38,38,615.14,498.0,0.0256,1,0,0.0028,0,Low Risk
15276,United Kingdom,1,135.31,64,49,67,67,135.31,64.0,0.0147,1,0,0.0088,0,Low Risk
15277,United Kingdom,1,255.9,205,12,47,47,255.9,205.0,0.0208,1,0,0.0011,0,Low Risk
15279,United Kingdom,1,290.51,189,19,355,355,290.51,189.0,0.0028,1,1,0.9973,1,High Risk
15280,United Kingdom,1,113.12,154,16,173,173,113.12,154.0,0.0057,1,1,0.9926,1,High Risk
15281,United Kingdom,9,2332.15,1211,121,59,334,259.13,134.56,0.0269,1,0,0.0696,0,Low Risk
15286,United Kingdom,1,240.55,55,3,50,50,240.55,55.0,0.0196,1,0,0.011,0,Low Risk
15287,United Kingdom,2,486.69,433,17,23,71,243.34,216.5,0.0278,1,0,0.008,0,Low Risk
15288,United Kingdom,5,2306.52,775,80,44,366,461.3,155.0,0.0136,1,0,0.3291,0,Medium Risk
15289,United Kingdom,3,939.78,1008,43,30,250,313.26,336.0,0.012,1,0,0.3763,0,Medium Risk
15290,United Kingdom,18,7943.22,4501,93,5,360,441.29,250.06,0.0499,1,0,0.0256,0,Low Risk
15291,United Kingdom,15,4668.3,2103,62,26,374,311.22,140.2,0.04,1,0,0.0603,0,Low Risk
15292,United Kingdom,1,180.94,56,24,202,202,180.94,56.0,0.0049,1,1,0.992,1,High Risk
15296,United Kingdom,6,3672.86,1766,137,51,327,612.14,294.33,0.0183,1,0,0.1184,0,Low Risk
15297,United Kingdom,3,641.94,292,30,11,64,213.98,97.33,0.0462,1,0,0.0138,0,Low Risk
15298,United Kingdom,12,4799.9,3116,115,3,367,399.99,259.67,0.0326,1,0,0.0295,0,Low Risk
15299,United Kingdom,7,4507.01,2948,7,68,373,643.86,421.14,0.0187,1,0,0.1812,0,Low Risk
15300,United Kingdom,1,496.44,292,28,65,65,496.44,292.0,0.0152,1,0,0.0098,0,Low Risk
15301,United Kingdom,12,5070.35,2775,167,51,369,422.53,231.25,0.0324,1,0,0.0253,0,Low Risk
15303,United Kingdom,1,574.02,248,31,291,291,574.02,248.0,0.0034,1,1,0.9885,1,High Risk
15304,United Kingdom,8,694.4,104,8,61,369,86.8,13.0,0.0216,1,0,0.2999,0,Low Risk
15306,United Kingdom,3,1174.35,810,57,65,149,391.45,270.0,0.02,1,0,0.1337,0,Low Risk
15307,United Kingdom,1,205.3,37,12,96,96,205.3,37.0,0.0103,1,1,0.9722,1,High Risk
15308,United Kingdom,1,310.47,175,19,275,275,310.47,175.0,0.0036,1,1,0.9953,1,High Risk
15311,United Kingdom,91,60767.9,38194,567,1,374,667.78,419.71,0.2427,1,0,0.0232,0,Low Risk
15312,United Kingdom,4,924.85,516,42,76,355,231.21,129.0,0.0112,1,0,0.4332,0,Medium Risk
15313,United Kingdom,1,52.0,25,1,111,111,52.0,25.0,0.0089,1,1,0.9924,1,High Risk
15314,United Kingdom,1,327.97,313,24,200,200,327.97,313.0,0.005,1,1,0.9929,1,High Risk
15315,United Kingdom,2,570.5,862,35,65,117,285.25,431.0,0.0169,1,0,0.2888,0,Low Risk
15316,United Kingdom,1,165.0,100,1,327,327,165.0,100.0,0.003,1,1,0.9966,1,High Risk
15318,United Kingdom,1,312.62,642,33,4,4,312.62,642.0,0.2,1,0,0.0057,0,Low Risk
15319,United Kingdom,1,204.5,175,16,284,284,204.5,175.0,0.0035,1,1,0.9931,1,High Risk
15320,United Kingdom,1,267.13,326,36,45,45,267.13,326.0,0.0217,1,0,0.0023,0,Low Risk
15321,United Kingdom,3,2748.31,1181,83,71,292,916.1,393.67,0.0102,1,0,0.5638,1,Medium Risk
15322,United Kingdom,1,679.68,416,42,86,86,679.68,416.0,0.0115,1,0,0.0246,0,Low Risk
15325,United Kingdom,1,162.29,232,47,104,104,162.29,232.0,0.0095,1,1,0.9345,1,High Risk
15326,United Kingdom,1,311.71,386,29,334,334,311.71,386.0,0.003,1,1,0.9896,1,High Risk
15327,United Kingdom,1,208.75,116,10,53,53,208.75,116.0,0.0185,1,0,0.0096,0,Low Risk
15329,United Kingdom,3,1049.7,486,51,40,172,349.9,162.0,0.0173,1,0,0.2485,0,Low Risk
15330,United Kingdom,2,714.96,1312,10,33,61,357.48,656.0,0.0323,1,0,0.0378,0,Low Risk
15332,Lithuania,4,1661.06,652,29,367,370,415.26,163.0,0.0108,0,1,0.5756,1,Medium Risk
15333,United Kingdom,1,1028.56,344,16,209,209,1028.56,344.0,0.0048,1,1,0.9757,1,High Risk
15334,United Kingdom,3,351.67,274,67,157,174,117.22,91.33,0.0171,1,1,0.3909,0,Medium Risk
15335,United Kingdom,1,173.97,80,34,54,54,173.97,80.0,0.0182,1,0,0.0091,0,Low Risk
15339,United Kingdom,2,574.07,416,77,67,319,287.04,208.0,0.0062,1,0,0.6432,1,Medium Risk
15341,United Kingdom,1,2020.52,812,17,81,81,2020.52,812.0,0.0122,1,0,0.0114,0,Low Risk
15342,United Kingdom,1,406.09,283,24,130,130,406.09,283.0,0.0076,1,1,0.9867,1,High Risk
15343,United Kingdom,1,364.5,84,21,88,88,364.5,84.0,0.0112,1,0,0.006,0,Low Risk
15344,United Kingdom,3,563.94,116,21,1,75,187.98,38.67,0.0395,1,0,0.0214,0,Low Risk
15345,United Kingdom,1,393.54,81,20,46,46,393.54,81.0,0.0213,1,0,0.0024,0,Low Risk
15346,United Kingdom,1,252.42,144,17,333,333,252.42,144.0,0.003,1,1,0.9956,1,High Risk
15347,United Kingdom,1,201.6,130,5,367,367,201.6,130.0,0.0027,1,1,0.9957,1,High Risk
15348,United Kingdom,1,158.04,84,9,73,73,158.04,84.0,0.0135,1,0,0.0066,0,Low Risk
15349,United Kingdom,2,473.81,327,65,159,188,236.9,163.5,0.0106,1,1,0.6626,1,Medium Risk
15350,United Kingdom,1,115.65,51,5,374,374,115.65,51.0,0.0027,1,1,0.9936,1,High Risk
15351,United Kingdom,7,1960.11,753,157,13,370,280.02,107.57,0.0189,1,0,0.1419,0,Low Risk
15353,United Kingdom,2,777.02,343,59,255,368,388.51,171.5,0.0054,1,1,0.6323,1,Medium Risk
15355,United Kingdom,2,277.05,45,9,30,54,138.52,22.5,0.0364,1,0,0.0231,0,Low Risk
15356,United Kingdom,10,2766.5,1673,215,32,369,276.65,167.3,0.027,1,0,0.0562,0,Low Risk
15358,United Kingdom,22,8347.2,7050,292,5,366,379.42,320.45,0.0599,1,0,0.0166,0,Low Risk
15360,United Kingdom,1,427.93,223,13,40,40,427.93,223.0,0.0244,1,0,0.0024,0,Low Risk
15361,United Kingdom,1,418.92,336,7,362,362,418.92,336.0,0.0028,1,1,0.9934,1,High Risk
15363,United Kingdom,1,326.0,144,16,373,373,326.0,144.0,0.0027,1,1,0.9953,1,High Risk
15364,United Kingdom,2,913.19,493,29,96,255,456.6,246.5,0.0078,1,1,0.7063,1,High Risk
15365,United Kingdom,7,2314.32,1084,65,26,316,330.62,154.86,0.0221,1,0,0.0893,0,Low Risk
15366,United Kingdom,2,602.51,621,37,76,359,301.26,310.5,0.0056,1,0,0.6495,1,Medium Risk
15367,United Kingdom,4,1877.59,1057,91,58,276,469.4,264.25,0.0144,1,0,0.2425,0,Low Risk
15368,United Kingdom,1,446.94,230,4,22,22,446.94,230.0,0.0435,1,0,0.0054,0,Low Risk
15370,United Kingdom,7,2386.05,830,65,41,333,340.86,118.57,0.021,1,0,0.1123,0,Low Risk
15372,United Kingdom,1,2007.4,2924,27,138,138,2007.4,2924.0,0.0072,1,1,0.9532,1,High Risk
15373,United Kingdom,12,2415.91,500,74,9,372,201.33,41.67,0.0322,1,0,0.1684,0,Low Risk
15374,United Kingdom,1,168.0,126,3,129,129,168.0,126.0,0.0077,1,1,0.9938,1,High Risk
15376,United Kingdom,3,1233.36,619,100,41,223,411.12,206.33,0.0134,1,0,0.3074,0,Medium Risk
15379,United Kingdom,7,3703.29,2305,145,170,359,529.04,329.29,0.0194,1,1,0.1156,0,Low Risk
15380,United Kingdom,5,1690.26,376,22,9,366,338.05,75.2,0.0136,1,0,0.366,0,Medium Risk
15381,United Kingdom,2,596.85,171,8,214,269,298.42,85.5,0.0074,1,1,0.7197,1,High Risk
15382,United Kingdom,6,5955.71,4012,193,15,296,992.62,668.67,0.0202,1,0,0.0611,0,Low Risk
15384,United Kingdom,2,642.41,596,34,170,360,321.2,298.0,0.0055,1,1,0.6787,1,Medium Risk
15385,United Kingdom,1,316.88,161,12,41,41,316.88,161.0,0.0238,1,0,0.0011,0,Low Risk
15386,United Kingdom,1,394.14,446,31,187,187,394.14,446.0,0.0053,1,1,0.9806,1,High Risk
15388,Canada,1,140.54,88,10,271,271,140.54,88.0,0.0037,0,1,0.9962,1,High Risk
15389,United Kingdom,1,500.0,400,1,173,173,500.0,400.0,0.0057,1,1,0.98,1,High Risk
15392,United Kingdom,4,1535.53,1277,74,5,361,383.88,319.25,0.011,1,0,0.4077,0,Medium Risk
15393,United Kingdom,2,231.86,150,10,17,282,115.93,75.0,0.0071,1,0,0.7644,1,High Risk
15394,United Kingdom,4,2183.54,910,54,10,359,545.88,227.5,0.0111,1,0,0.4469,0,Medium Risk
15395,United Kingdom,1,107.45,17,7,326,326,107.45,17.0,0.0031,1,1,0.9979,1,High Risk
15396,United Kingdom,1,288.18,122,14,113,113,288.18,122.0,0.0088,1,1,0.9906,1,High Risk
15397,United Kingdom,1,94.0,20,6,290,290,94.0,20.0,0.0034,1,1,0.9979,1,High Risk
15398,United Kingdom,2,1345.53,769,60,17,79,672.76,384.5,0.025,1,0,0.0082,0,Low Risk
15399,United Kingdom,3,815.77,611,45,2,80,271.92,203.67,0.037,1,0,0.0077,0,Low Risk
15400,United Kingdom,5,716.2,390,10,93,279,143.24,78.0,0.0179,1,1,0.437,0,Medium Risk
15402,United Kingdom,2,626.77,694,35,149,197,313.38,347.0,0.0101,1,1,0.6328,1,Medium Risk
15405,United Kingdom,1,349.1,193,8,190,190,349.1,193.0,0.0052,1,1,0.9964,1,High Risk
15406,United Kingdom,2,510.71,254,51,32,302,255.36,127.0,0.0066,1,0,0.6201,1,Medium Risk
15407,United Kingdom,4,1056.44,558,142,34,306,264.11,139.5,0.013,1,0,0.3176,0,Medium Risk
15408,United Kingdom,1,267.18,106,34,265,265,267.18,106.0,0.0038,1,1,0.9911,1,High Risk
15410,United Kingdom,8,3450.84,1200,48,85,262,431.36,150.0,0.0304,1,0,0.0795,0,Low Risk
15411,United Kingdom,4,1358.88,530,86,27,183,339.72,132.5,0.0217,1,0,0.1046,0,Low Risk
15412,United Kingdom,1,190.53,108,10,172,172,190.53,108.0,0.0058,1,1,0.9885,1,High Risk
15414,United Kingdom,3,774.9,443,37,10,243,258.3,147.67,0.0123,1,0,0.4117,0,Medium Risk
15415,United Kingdom,1,572.81,575,46,314,314,572.81,575.0,0.0032,1,1,0.9738,1,High Risk
15416,United Kingdom,4,3984.32,2090,165,65,283,996.08,522.5,0.0141,1,0,0.1481,0,Low Risk
15417,United Kingdom,1,508.8,284,28,86,86,508.8,284.0,0.0115,1,0,0.0097,0,Low Risk
15419,United Kingdom,1,135.86,230,8,25,25,135.86,230.0,0.0385,1,0,0.0013,0,Low Risk
15421,United Kingdom,4,950.36,500,40,59,311,237.59,125.0,0.0128,1,0,0.3687,0,Medium Risk
15422,United Kingdom,2,97.7,38,6,324,324,48.85,19.0,0.0062,1,1,0.8074,1,High Risk
15423,United Kingdom,1,43.5,101,2,39,39,43.5,101.0,0.025,1,0,0.0063,0,Low Risk
15424,United Kingdom,2,383.34,554,17,255,255,191.67,277.0,0.0078,1,1,0.7153,1,High Risk
15426,United Kingdom,5,1447.39,674,217,20,370,289.48,134.8,0.0135,1,0,0.2977,0,Low Risk
15427,United Kingdom,3,1483.14,1013,233,34,48,494.38,337.67,0.0612,1,0,0.0201,0,Low Risk
15428,United Kingdom,1,93.78,102,6,16,16,93.78,102.0,0.0588,1,0,0.006,0,Low Risk
15429,United Kingdom,2,397.35,380,77,27,76,198.68,190.0,0.026,1,0,0.0125,0,Low Risk
15432,United Kingdom,1,171.19,65,10,24,24,171.19,65.0,0.04,1,0,0.0065,0,Low Risk
15433,United Kingdom,2,533.3,534,40,214,268,266.65,267.0,0.0074,1,1,0.6627,1,Medium Risk
15434,United Kingdom,5,1041.48,647,40,9,201,208.3,129.4,0.0248,1,0,0.1091,0,Low Risk
15435,United Kingdom,1,149.29,54,29,23,23,149.29,54.0,0.0417,1,0,0.0062,0,Low Risk
15436,United Kingdom,3,1122.53,613,243,13,235,374.18,204.33,0.0127,1,0,0.3109,0,Medium Risk
15437,United Kingdom,1,200.16,79,44,263,263,200.16,79.0,0.0038,1,1,0.9753,1,High Risk
15438,United Kingdom,1,156.58,59,25,132,132,156.58,59.0,0.0075,1,1,0.9913,1,High Risk
15440,United Kingdom,3,383.68,197,50,55,209,127.89,65.67,0.0143,1,0,0.4617,0,Medium Risk
15442,United Kingdom,1,594.0,120,2,249,249,594.0,120.0,0.004,1,1,0.9936,1,High Risk
15443,United Kingdom,7,3236.91,1663,237,2,321,462.42,237.57,0.0217,1,0,0.0757,0,Low Risk
15444,United Kingdom,2,1418.26,764,191,10,41,709.13,382.0,0.0476,1,0,0.0085,0,Low Risk
15445,United Kingdom,1,113.5,58,5,265,265,113.5,58.0,0.0038,1,1,0.9949,1,High Risk
15447,United Kingdom,1,155.17,85,9,331,331,155.17,85.0,0.003,1,1,0.9962,1,High Risk
15448,United Kingdom,1,494.64,232,28,313,313,494.64,232.0,0.0032,1,1,0.9902,1,High Risk
15449,United Kingdom,3,974.52,812,47,27,262,324.84,270.67,0.0114,1,0,0.4567,0,Medium Risk
15450,United Kingdom,1,429.84,376,30,31,31,429.84,376.0,0.0312,1,0,0.0021,0,Low Risk
15452,United Kingdom,3,538.73,283,47,30,265,179.58,94.33,0.0113,1,0,0.465,0,Medium Risk
15453,United Kingdom,7,1388.37,845,169,2,188,198.34,120.71,0.037,1,0,0.0548,0,Low Risk
15454,United Kingdom,1,179.1,86,23,363,363,179.1,86.0,0.0027,1,1,0.9944,1,High Risk
15456,United Kingdom,3,447.22,660,48,284,360,149.07,220.0,0.0083,1,1,0.6751,1,Medium Risk
15457,United Kingdom,1,237.07,132,56,263,263,237.07,132.0,0.0038,1,1,0.9866,1,High Risk
15458,United Kingdom,1,161.64,156,7,26,26,161.64,156.0,0.037,1,0,0.0015,0,Low Risk
15460,United Kingdom,1,216.76,109,53,355,355,216.76,109.0,0.0028,1,1,0.9731,1,High Risk
15462,United Kingdom,3,234.6,172,9,95,188,78.2,57.33,0.0159,1,1,0.643,1,Medium Risk
15463,United Kingdom,1,126.14,106,7,30,30,126.14,106.0,0.0323,1,0,0.0066,0,Low Risk
15464,United Kingdom,1,1048.85,350,155,339,339,1048.85,350.0,0.0029,1,1,0.9412,1,High Risk
15465,United Kingdom,18,7354.62,1257,43,20,370,408.59,69.83,0.0485,1,0,0.1028,0,Low Risk
15466,United Kingdom,1,334.53,246,56,86,86,334.53,246.0,0.0115,1,0,0.0093,0,Low Risk
15467,United Kingdom,3,524.88,310,41,10,153,174.96,103.33,0.0195,1,0,0.222,0,Low Risk
15468,United Kingdom,2,467.51,155,24,52,52,233.76,77.5,0.0377,1,0,0.0134,0,Low Risk
15469,United Kingdom,2,538.55,153,24,51,121,269.27,76.5,0.0164,1,0,0.291,0,Low Risk
15471,United Kingdom,1,469.48,266,67,3,3,469.48,266.0,0.25,1,0,0.0019,0,Low Risk
15472,United Kingdom,1,371.56,251,76,114,114,371.56,251.0,0.0087,1,1,0.9585,1,High Risk
15473,United Kingdom,7,1771.2,672,4,15,61,253.03,96.0,0.1129,1,0,0.0798,0,Low Risk
15475,United Kingdom,1,454.11,319,29,78,78,454.11,319.0,0.0127,1,0,0.0034,0,Low Risk
15478,United Kingdom,2,1441.42,585,34,41,57,720.71,292.5,0.0345,1,0,0.0054,0,Low Risk
15480,Malta,1,905.5,303,45,117,117,905.5,303.0,0.0085,0,1,0.958,1,High Risk
15482,United Kingdom,12,11054.96,5020,46,16,359,921.25,418.33,0.0333,1,0,0.0456,0,Low Risk
15483,United Kingdom,4,233.81,295,74,162,267,58.45,73.75,0.0149,1,1,0.4898,0,Medium Risk
15484,United Kingdom,4,3594.31,3152,135,2,79,898.58,788.0,0.05,1,0,0.0207,0,Low Risk
15485,United Kingdom,3,2575.0,1306,59,31,374,858.33,435.33,0.008,1,0,0.5468,1,Medium Risk
15488,United Kingdom,1,91.32,73,2,93,93,91.32,73.0,0.0106,1,1,0.9365,1,High Risk
15489,United Kingdom,3,1134.28,608,47,23,212,378.09,202.67,0.0141,1,0,0.3417,0,Medium Risk
15491,United Kingdom,6,3100.09,1646,108,96,236,516.68,274.33,0.0253,1,1,0.0888,0,Low Risk
15492,United Kingdom,2,659.46,483,32,29,75,329.73,241.5,0.0263,1,0,0.0065,0,Low Risk
15493,United Kingdom,5,2001.8,560,177,33,271,400.36,112.0,0.0184,1,0,0.1962,0,Low Risk
15494,United Kingdom,2,1299.23,1148,120,22,122,649.62,574.0,0.0163,1,0,0.1678,0,Low Risk
15497,United Kingdom,2,1262.2,624,13,18,320,631.1,312.0,0.0062,1,0,0.7313,1,High Risk
15498,United Kingdom,27,13316.4,6105,360,3,367,493.2,226.11,0.0734,1,0,0.017,0,Low Risk
15500,United Kingdom,4,1131.56,572,64,9,82,282.89,143.0,0.0482,1,0,0.0148,0,Low Risk
15502,United Kingdom,12,10384.93,4236,164,16,370,865.41,353.0,0.0323,1,0,0.0278,0,Low Risk
15503,United Kingdom,1,147.09,74,66,363,363,147.09,74.0,0.0027,1,1,0.9638,1,High Risk
15504,United Kingdom,1,52.83,33,13,82,82,52.83,33.0,0.012,1,0,0.0053,0,Low Risk
15505,United Kingdom,5,3610.96,2390,90,53,156,722.19,478.0,0.0318,1,0,0.0675,0,Low Risk
15506,United Kingdom,3,979.26,848,121,23,139,326.42,282.67,0.0214,1,0,0.1083,0,Low Risk
15507,United Kingdom,1,492.36,162,41,172,172,492.36,162.0,0.0058,1,1,0.9587,1,High Risk
15508,United Kingdom,6,1000.27,440,78,190,236,166.71,73.33,0.0253,1,1,0.1849,0,Low Risk
15510,United Kingdom,1,250.0,2,1,331,331,250.0,2.0,0.003,1,1,0.9946,1,High Risk
15511,United Kingdom,5,909.23,271,117,12,86,181.85,54.2,0.0575,1,0,0.0239,0,Low Risk
15512,United Kingdom,2,121.0,68,7,156,360,60.5,34.0,0.0055,1,1,0.8248,1,High Risk
15513,United Kingdom,19,14758.22,5709,183,34,374,776.75,300.47,0.0507,1,0,0.0236,0,Low Risk
15514,United Kingdom,11,4139.46,2160,96,13,365,376.31,196.36,0.0301,1,0,0.0342,0,Low Risk
15516,United Kingdom,3,62.43,27,15,45,47,20.81,9.0,0.0625,1,0,0.0625,0,Low Risk
15517,United Kingdom,1,267.03,293,27,234,234,267.03,293.0,0.0043,1,1,0.9935,1,High Risk
15518,United Kingdom,8,1942.45,1273,135,65,333,242.81,159.12,0.024,1,0,0.0715,0,Low Risk
15520,United Kingdom,1,343.5,314,18,2,2,343.5,314.0,0.3333,1,0,0.0017,0,Low Risk
15521,United Kingdom,8,3000.2,1836,116,41,255,375.02,229.5,0.0312,1,0,0.0505,0,Low Risk
15522,United Kingdom,2,398.84,573,47,33,88,199.42,286.5,0.0225,1,0,0.006,0,Low Risk
15523,United Kingdom,1,412.01,132,10,85,85,412.01,132.0,0.0116,1,0,0.0013,0,Low Risk
15524,United Kingdom,1,440.0,4,1,25,25,440.0,4.0,0.0385,1,0,0.0037,0,Low Risk
15525,United Kingdom,3,825.92,416,133,3,374,275.31,138.67,0.008,1,0,0.4587,0,Medium Risk
15526,United Kingdom,2,148.44,24,4,34,34,74.22,12.0,0.0571,1,0,0.0286,0,Low Risk
15527,United Kingdom,8,2429.78,992,127,19,355,303.72,124.0,0.0225,1,0,0.0783,0,Low Risk
15528,United Kingdom,1,229.33,123,26,255,255,229.33,123.0,0.0039,1,1,0.9962,1,High Risk
15529,United Kingdom,11,3995.23,3496,415,23,367,363.2,317.82,0.0299,1,0,0.0253,0,Low Risk
15530,United Kingdom,4,1502.35,950,90,22,247,375.59,237.5,0.0161,1,0,0.2196,0,Low Risk
15531,United Kingdom,2,2007.44,1105,196,9,31,1003.72,552.5,0.0625,1,0,0.0139,0,Low Risk
15532,United Kingdom,4,1580.93,521,205,26,359,395.23,130.25,0.0111,1,0,0.3625,0,Medium Risk
15533,United Kingdom,3,807.57,289,73,20,90,269.19,96.33,0.033,1,0,0.0194,0,Low Risk
15535,United Kingdom,4,536.4,143,55,174,328,134.1,35.75,0.0122,1,1,0.5711,1,Medium Risk
15537,United Kingdom,1,110.92,29,24,164,164,110.92,29.0,0.0061,1,1,0.9944,1,High Risk
15539,United Kingdom,1,538.46,410,41,8,8,538.46,410.0,0.1111,1,0,0.0023,0,Low Risk
15540,United Kingdom,1,213.3,200,15,12,12,213.3,200.0,0.0769,1,0,0.0009,0,Low Risk
15541,United Kingdom,1,85.13,49,29,115,115,85.13,49.0,0.0086,1,1,0.9834,1,High Risk
15543,United Kingdom,1,127.86,86,26,289,289,127.86,86.0,0.0034,1,1,0.9942,1,High Risk
15544,United Kingdom,9,3546.71,3109,122,10,373,394.08,345.44,0.0241,1,0,0.0576,0,Low Risk
15545,United Kingdom,2,292.72,163,78,55,372,146.36,81.5,0.0054,1,0,0.6305,1,Medium Risk
15547,United Kingdom,14,4954.84,4032,441,8,363,353.92,288.0,0.0385,1,0,0.0162,0,Low Risk
15549,United Kingdom,3,1693.26,698,104,78,317,564.42,232.67,0.0094,1,0,0.5692,1,Medium Risk
15550,United Kingdom,4,575.63,295,43,5,302,143.91,73.75,0.0132,1,0,0.452,0,Medium Risk
15551,United Kingdom,1,436.06,218,29,37,37,436.06,218.0,0.0263,1,0,0.0027,0,Low Risk
15552,United Kingdom,1,90.12,60,17,218,218,90.12,60.0,0.0046,1,1,0.9951,1,High Risk
15553,United Kingdom,1,437.23,451,51,61,61,437.23,451.0,0.0161,1,0,0.0084,0,Low Risk
15554,United Kingdom,1,217.2,74,14,278,278,217.2,74.0,0.0036,1,1,0.9925,1,High Risk
15555,United Kingdom,16,4805.17,4439,401,13,370,300.32,277.44,0.0431,1,0,0.0159,0,Low Risk
15556,United Kingdom,1,279.77,236,31,25,25,279.77,236.0,0.0385,1,0,0.0021,0,Low Risk
15557,United Kingdom,1,473.65,219,16,29,29,473.65,219.0,0.0333,1,0,0.001,0,Low Risk
15561,United Kingdom,4,800.59,267,27,12,216,200.15,66.75,0.0184,1,0,0.2707,0,Low Risk
15562,United Kingdom,1,134.55,39,1,352,352,134.55,39.0,0.0028,1,1,0.9972,1,High Risk
15563,United Kingdom,4,1400.44,1501,88,23,359,350.11,375.25,0.0111,1,0,0.3965,0,Medium Risk
15565,United Kingdom,2,173.16,60,8,51,71,86.58,30.0,0.0278,1,0,0.0222,0,Low Risk
15567,United Kingdom,1,186.01,223,7,19,19,186.01,223.0,0.05,1,0,0.0017,0,Low Risk
15568,United Kingdom,3,758.29,461,27,3,74,252.76,153.67,0.04,1,0,0.0088,0,Low Risk
15569,United Kingdom,5,1375.71,666,27,104,333,275.14,133.2,0.015,1,1,0.3463,0,Medium Risk
15570,United Kingdom,12,4165.52,2067,231,8,370,347.13,172.25,0.0323,1,0,0.0215,0,Low Risk
15571,United Kingdom,4,650.43,264,47,12,79,162.61,66.0,0.05,1,0,0.0157,0,Low Risk
15572,United Kingdom,7,2552.86,1229,166,5,279,364.69,175.57,0.025,1,0,0.067,0,Low Risk
15573,United Kingdom,2,607.45,363,88,32,86,303.73,181.5,0.023,1,0,0.0107,0,Low Risk
15574,United Kingdom,4,702.25,349,131,178,373,175.56,87.25,0.0107,1,1,0.515,1,Medium Risk
15576,United Kingdom,1,940.67,404,43,38,38,940.67,404.0,0.0256,1,0,0.0048,0,Low Risk
15577,United Kingdom,3,258.88,89,39,152,306,86.29,29.67,0.0098,1,1,0.7165,1,High Risk
15578,United Kingdom,1,127.1,52,13,163,163,127.1,52.0,0.0061,1,1,0.9894,1,High Risk
15579,United Kingdom,2,348.6,120,45,69,314,174.3,60.0,0.0063,1,0,0.7173,1,High Risk
15581,United Kingdom,13,3679.97,286,134,121,367,283.07,22.0,0.0353,1,1,0.2912,0,Low Risk
15582,United Kingdom,3,682.91,453,39,25,221,227.64,151.0,0.0135,1,0,0.3925,0,Medium Risk
15584,United Kingdom,4,725.11,314,89,24,163,181.28,78.5,0.0244,1,0,0.1277,0,Low Risk
15585,United Kingdom,1,455.3,320,31,177,177,455.3,320.0,0.0056,1,1,0.9822,1,High Risk
15587,United Kingdom,4,913.68,312,3,51,352,228.42,78.0,0.0113,1,0,0.4774,0,Medium Risk
15589,United Kingdom,3,478.53,243,28,256,311,159.51,81.0,0.0096,1,1,0.6917,1,Medium Risk
15592,United Kingdom,1,388.58,354,24,47,47,388.58,354.0,0.0208,1,0,0.0059,0,Low Risk
15593,United Kingdom,1,199.8,60,5,71,71,199.8,60.0,0.0139,1,0,0.006,0,Low Risk
15594,United Kingdom,5,1771.78,983,85,16,235,354.36,196.6,0.0212,1,0,0.1015,0,Low Risk
15596,United Kingdom,5,1406.59,561,51,101,366,281.32,112.2,0.0136,1,1,0.331,0,Medium Risk
15597,United Kingdom,1,324.57,279,22,36,36,324.57,279.0,0.027,1,0,0.0102,0,Low Risk
15598,United Kingdom,1,240.68,160,14,54,54,240.68,160.0,0.0182,1,0,0.0016,0,Low Risk
15599,United Kingdom,2,761.74,718,50,27,205,380.87,359.0,0.0097,1,0,0.5906,1,Medium Risk
15601,United Kingdom,14,6776.56,4983,230,12,373,484.04,355.93,0.0374,1,0,0.0165,0,Low Risk
15602,United Kingdom,9,1297.87,1137,30,9,369,144.21,126.33,0.0243,1,0,0.0946,0,Low Risk
15603,United Kingdom,1,48.48,96,2,79,79,48.48,96.0,0.0125,1,0,0.0176,0,Low Risk
15604,United Kingdom,1,216.39,159,17,53,53,216.39,159.0,0.0185,1,0,0.003,0,Low Risk
15605,United Kingdom,5,1198.23,441,61,37,374,239.65,88.2,0.0133,1,0,0.3924,0,Medium Risk
15606,United Kingdom,9,2920.16,892,48,62,325,324.46,99.11,0.0276,1,0,0.0856,0,Low Risk
15607,United Kingdom,1,104.76,202,13,337,337,104.76,202.0,0.003,1,1,0.993,1,High Risk
15608,United Kingdom,4,1093.68,714,59,29,121,273.42,178.5,0.0328,1,0,0.0721,0,Low Risk
15609,United Kingdom,1,298.48,148,16,185,185,298.48,148.0,0.0054,1,1,0.9918,1,High Risk
15610,United Kingdom,1,112.46,66,6,52,52,112.46,66.0,0.0189,1,0,0.0079,0,Low Risk
15611,United Kingdom,13,1591.45,504,23,10,335,122.42,38.77,0.0387,1,0,0.193,0,Low Risk
15612,United Kingdom,2,195.15,52,4,37,62,97.58,26.0,0.0317,1,0,0.018,0,Low Risk
15615,United Kingdom,23,10399.74,5508,184,11,360,452.16,239.48,0.0637,1,0,0.0171,0,Low Risk
15618,United Kingdom,4,776.85,454,39,33,137,194.21,113.5,0.029,1,0,0.1107,0,Low Risk
15619,United Kingdom,1,336.4,136,3,11,11,336.4,136.0,0.0833,1,0,0.0063,0,Low Risk
15620,United Kingdom,3,1553.18,915,92,57,359,517.73,305.0,0.0083,1,0,0.5714,1,Medium Risk
15621,United Kingdom,4,1293.03,501,11,5,22,323.26,125.25,0.1739,1,0,0.0234,0,Low Risk
15622,United Kingdom,9,3709.56,1674,169,44,283,412.17,186.0,0.0317,1,0,0.0765,0,Low Risk
15623,United Kingdom,1,301.03,125,19,142,142,301.03,125.0,0.007,1,1,0.9915,1,High Risk
15624,United Kingdom,4,588.13,357,26,117,257,147.03,89.25,0.0155,1,1,0.4544,0,Medium Risk
15625,United Kingdom,4,1534.26,1188,44,104,236,383.56,297.0,0.0169,1,1,0.254,0,Low Risk
15626,United Kingdom,2,675.8,766,49,75,330,337.9,383.0,0.006,1,0,0.654,1,Medium Risk
15628,United Kingdom,9,2870.24,1894,85,5,367,318.92,210.44,0.0245,1,0,0.0564,0,Low Risk
15630,United Kingdom,2,1186.35,800,57,46,205,593.17,400.0,0.0097,1,0,0.639,1,Medium Risk
15632,United Kingdom,8,3285.31,2109,107,16,275,410.66,263.62,0.029,1,0,0.0533,0,Low Risk
15634,United Kingdom,1,243.55,99,15,18,18,243.55,99.0,0.0526,1,0,0.0065,0,Low Risk
15636,United Kingdom,2,724.76,284,20,90,283,362.38,142.0,0.007,1,0,0.7217,1,High Risk
15637,United Kingdom,1,223.36,128,15,53,53,223.36,128.0,0.0185,1,0,0.0089,0,Low Risk
15639,United Kingdom,1,425.32,323,25,135,135,425.32,323.0,0.0074,1,1,0.9857,1,High Risk
15640,United Kingdom,15,12515.66,6607,240,5,373,834.38,440.47,0.0401,1,0,0.0229,0,Low Risk
15641,United Kingdom,4,1887.2,1562,102,106,360,471.8,390.5,0.0111,1,1,0.456,0,Medium Risk
15643,United Kingdom,3,664.0,246,31,192,283,221.33,82.0,0.0106,1,1,0.6477,1,Medium Risk
15644,United Kingdom,4,813.0,557,166,167,262,203.25,139.25,0.0152,1,1,0.2842,0,Low Risk
15645,United Kingdom,1,612.01,256,50,19,19,612.01,256.0,0.05,1,0,0.0025,0,Low Risk
15646,United Kingdom,3,447.64,394,35,158,373,149.21,131.33,0.008,1,1,0.6528,1,Medium Risk
15648,United Kingdom,2,657.35,221,23,205,268,328.68,110.5,0.0074,1,1,0.7062,1,High Risk
15649,United Kingdom,2,816.0,192,1,337,368,408.0,96.0,0.0054,1,1,0.7269,1,High Risk
15651,United Kingdom,3,646.3,479,27,37,261,215.43,159.67,0.0115,1,0,0.55,1,Medium Risk
15652,United Kingdom,1,337.74,208,21,92,92,337.74,208.0,0.0108,1,1,0.437,0,Medium Risk
15653,United Kingdom,2,877.44,1200,4,93,116,438.72,600.0,0.0171,1,1,0.395,0,Medium Risk
15654,United Kingdom,2,922.53,475,15,10,27,461.26,237.5,0.0714,1,0,0.0047,0,Low Risk
15655,United Kingdom,1,560.67,324,34,244,244,560.67,324.0,0.0041,1,1,0.9847,1,High Risk
15656,United Kingdom,4,748.5,343,46,46,285,187.12,85.75,0.014,1,0,0.3193,0,Medium Risk
15657,United Kingdom,1,30.0,24,1,23,23,30.0,24.0,0.0417,1,0,0.0037,0,Low Risk
15658,United Kingdom,5,1024.1,242,40,191,373,204.82,48.4,0.0134,1,1,0.4494,0,Medium Risk
15659,United Kingdom,1,306.45,111,11,44,44,306.45,111.0,0.0222,1,0,0.0067,0,Low Risk
15660,United Kingdom,9,1600.86,1050,55,26,366,177.87,116.67,0.0245,1,0,0.0757,0,Low Risk
15661,United Kingdom,2,309.8,236,4,318,339,154.9,118.0,0.0059,1,1,0.7011,1,High Risk
15663,United Kingdom,1,138.14,106,9,107,107,138.14,106.0,0.0093,1,1,0.9878,1,High Risk
15664,United Kingdom,1,386.43,157,17,51,51,386.43,157.0,0.0192,1,0,0.0013,0,Low Risk
15665,United Kingdom,2,2242.01,1666,92,169,244,1121.01,833.0,0.0082,1,1,0.6636,1,Medium Risk
15667,United Kingdom,1,301.32,240,13,40,40,301.32,240.0,0.0244,1,0,0.002,0,Low Risk
15668,United Kingdom,1,76.32,72,1,218,218,76.32,72.0,0.0046,1,1,0.9971,1,High Risk
15669,United Kingdom,4,684.34,342,31,41,264,171.08,85.5,0.0151,1,0,0.3552,0,Medium Risk
15670,United Kingdom,1,173.05,91,12,297,297,173.05,91.0,0.0034,1,1,0.9963,1,High Risk
15671,United Kingdom,7,2657.13,1699,52,19,271,379.59,242.71,0.0257,1,0,0.0742,0,Low Risk
15673,United Kingdom,4,2881.02,1514,107,89,328,720.26,378.5,0.0122,1,0,0.2631,0,Low Risk
15674,United Kingdom,5,2446.6,1275,88,74,255,489.32,255.0,0.0195,1,0,0.1243,0,Low Risk
15675,United Kingdom,3,323.69,527,20,82,281,107.9,175.67,0.0106,1,0,0.6457,1,Medium Risk
15676,United Kingdom,3,3435.76,2252,191,19,284,1145.25,750.67,0.0105,1,0,0.349,0,Medium Risk
15677,United Kingdom,1,657.23,319,33,50,50,657.23,319.0,0.0196,1,0,0.0058,0,Low Risk
15678,United Kingdom,1,352.7,184,12,53,53,352.7,184.0,0.0185,1,0,0.0017,0,Low Risk
15679,United Kingdom,4,781.28,1170,98,25,183,195.32,292.5,0.0217,1,0,0.1199,0,Low Risk
15680,United Kingdom,3,1333.68,952,61,10,367,444.56,317.33,0.0082,1,0,0.5492,1,Medium Risk
15681,United Kingdom,5,1426.16,816,32,26,281,285.23,163.2,0.0177,1,0,0.227,0,Low Risk
15683,United Kingdom,1,193.75,131,10,118,118,193.75,131.0,0.0084,1,1,0.9931,1,High Risk
15687,United Kingdom,9,2993.1,1310,119,9,331,332.57,145.56,0.0271,1,0,0.0683,0,Low Risk
15689,United Kingdom,2,254.1,84,8,120,362,127.05,42.0,0.0055,1,1,0.8083,1,High Risk
15690,United Kingdom,2,239.76,408,19,5,101,119.88,204.0,0.0196,1,0,0.1498,0,Low Risk
15691,United Kingdom,1,136.8,72,2,253,253,136.8,72.0,0.0039,1,1,0.9961,1,High Risk
15692,United Kingdom,1,191.04,138,12,29,29,191.04,138.0,0.0333,1,0,0.0092,0,Low Risk
15694,United Kingdom,14,6479.4,1677,42,1,373,462.81,119.79,0.0374,1,0,0.0647,0,Low Risk
15695,United Kingdom,2,409.98,212,22,267,267,204.99,106.0,0.0075,1,1,0.7283,1,High Risk
15696,United Kingdom,8,2736.46,1028,140,34,327,342.06,128.5,0.0244,1,0,0.0773,0,Low Risk
15699,United Kingdom,1,309.65,113,18,18,18,309.65,113.0,0.0526,1,0,0.0065,0,Low Risk
15700,United Kingdom,2,696.68,357,85,173,174,348.34,178.5,0.0114,1,1,0.512,1,Medium Risk
15701,United Kingdom,4,1542.14,923,193,3,111,385.54,230.75,0.0357,1,0,0.0633,0,Low Risk
15703,United Kingdom,1,211.5,66,5,265,265,211.5,66.0,0.0038,1,1,0.9931,1,High Risk
15704,United Kingdom,4,2293.62,1028,79,141,216,573.4,257.0,0.0184,1,1,0.2161,0,Low Risk
15705,United Kingdom,1,143.1,62,6,202,202,143.1,62.0,0.0049,1,1,0.9947,1,High Risk
15706,United Kingdom,4,1060.56,321,50,64,117,265.14,80.25,0.0339,1,0,0.0898,0,Low Risk
15707,United Kingdom,4,945.58,605,126,36,87,236.4,151.25,0.0455,1,0,0.0165,0,Low Risk
15708,United Kingdom,7,3364.24,1267,124,41,370,480.61,181.0,0.0189,1,0,0.1193,0,Low Risk
15709,United Kingdom,1,133.25,121,6,284,284,133.25,121.0,0.0035,1,1,0.9962,1,High Risk
15712,United Kingdom,5,1072.36,486,41,10,288,214.47,97.2,0.0173,1,0,0.2456,0,Low Risk
15713,United Kingdom,2,356.7,150,18,144,367,178.35,75.0,0.0054,1,1,0.8114,1,High Risk
15714,United Kingdom,2,330.88,187,34,12,78,165.44,93.5,0.0253,1,0,0.0137,0,Low Risk
15716,United Kingdom,4,1118.81,744,101,146,370,279.7,186.0,0.0108,1,1,0.4577,0,Medium Risk
15717,United Kingdom,1,150.3,70,7,235,235,150.3,70.0,0.0042,1,1,0.9964,1,High Risk
15719,United Kingdom,13,5045.61,2725,299,33,338,388.12,209.62,0.0383,1,0,0.0168,0,Low Risk
15720,United Kingdom,1,598.73,281,128,25,25,598.73,281.0,0.0385,1,0,0.003,0,Low Risk
15721,United Kingdom,1,507.08,409,80,12,12,507.08,409.0,0.0769,1,0,0.002,0,Low Risk
15722,United Kingdom,5,2222.56,1026,45,36,291,444.51,205.2,0.0171,1,0,0.2029,0,Low Risk
15723,United Kingdom,1,203.1,87,37,365,365,203.1,87.0,0.0027,1,1,0.9836,1,High Risk
15724,United Kingdom,2,218.25,73,11,202,285,109.12,36.5,0.007,1,1,0.7749,1,High Risk
15725,United Kingdom,1,415.25,221,32,16,16,415.25,221.0,0.0588,1,0,0.0021,0,Low Risk
15727,United Kingdom,7,5178.96,3065,213,17,360,739.85,437.86,0.0194,1,0,0.0712,0,Low Risk
15729,United Kingdom,1,85.0,28,5,213,213,85.0,28.0,0.0047,1,1,0.9977,1,High Risk
15730,United Kingdom,3,1120.88,689,68,66,207,373.63,229.67,0.0144,1,0,0.3267,0,Medium Risk
15732,United Kingdom,2,294.12,215,13,213,373,147.06,107.5,0.0053,1,1,0.7313,1,High Risk
15733,United Kingdom,1,162.3,62,10,283,283,162.3,62.0,0.0035,1,1,0.9945,1,High Risk
15734,United Kingdom,2,1339.45,346,25,115,201,669.72,173.0,0.0099,1,1,0.6974,1,Medium Risk
15737,United Kingdom,8,1205.12,599,60,15,243,150.64,74.88,0.0328,1,0,0.089,0,Low Risk
15738,United Kingdom,16,4812.42,2982,46,19,373,300.78,186.38,0.0428,1,0,0.0403,0,Low Risk
15739,United Kingdom,1,449.12,472,8,67,67,449.12,472.0,0.0147,1,0,0.0101,0,Low Risk
15740,United Kingdom,1,154.88,152,9,50,50,154.88,152.0,0.0196,1,0,0.0043,0,Low Risk
15743,United Kingdom,4,784.46,216,59,17,185,196.12,54.0,0.0215,1,0,0.1648,0,Low Risk
15744,United Kingdom,1,34.8,120,3,78,78,34.8,120.0,0.0127,1,0,0.017,0,Low Risk
15745,United Kingdom,4,1094.59,421,57,20,237,273.65,105.25,0.0168,1,0,0.2705,0,Low Risk
15746,United Kingdom,1,196.88,178,28,135,135,196.88,178.0,0.0074,1,1,0.9812,1,High Risk
15747,United Kingdom,3,974.04,480,52,13,173,324.68,160.0,0.0172,1,0,0.2573,0,Low Risk
15748,United Kingdom,1,149.31,51,19,41,41,149.31,51.0,0.0238,1,0,0.0077,0,Low Risk
15749,United Kingdom,3,44534.3,18028,5,236,333,14844.77,6009.33,0.009,1,1,0.5827,1,Medium Risk
15750,United Kingdom,8,2465.48,1786,214,3,367,308.18,223.25,0.0217,1,0,0.0588,0,Low Risk
15752,United Kingdom,7,2637.38,1978,236,40,373,376.77,282.57,0.0187,1,0,0.0856,0,Low Risk
15753,United Kingdom,1,79.2,144,1,305,305,79.2,144.0,0.0033,1,1,0.9927,1,High Risk
15754,United Kingdom,3,458.57,199,24,52,247,152.86,66.33,0.0121,1,0,0.5397,1,Medium Risk
15755,United Kingdom,6,2364.25,1427,127,11,295,394.04,237.83,0.0203,1,0,0.1038,0,Low Risk
15756,United Kingdom,4,532.96,242,160,62,250,133.24,60.5,0.0159,1,0,0.327,0,Medium Risk
15757,United Kingdom,2,714.42,491,43,66,218,357.21,245.5,0.0091,1,0,0.612,1,Medium Risk
15758,United Kingdom,1,205.25,47,9,25,25,205.25,47.0,0.0385,1,0,0.0053,0,Low Risk
15759,United Kingdom,3,253.04,60,5,219,359,84.35,20.0,0.0083,1,1,0.7546,1,High Risk
15762,United Kingdom,2,583.75,251,37,66,78,291.88,125.5,0.0253,1,0,0.0249,0,Low Risk
15763,United Kingdom,2,1086.92,271,58,32,78,543.46,135.5,0.0253,1,0,0.0141,0,Low Risk
15764,United Kingdom,6,3279.97,2050,150,89,277,546.66,341.67,0.0216,1,0,0.0755,0,Low Risk
15766,United Kingdom,1,315.06,170,11,65,65,315.06,170.0,0.0152,1,0,0.0008,0,Low Risk
15768,United Kingdom,3,621.83,244,23,116,226,207.28,81.33,0.0132,1,1,0.4922,0,Medium Risk
15769,United Kingdom,26,56252.72,29672,26,8,372,2163.57,1141.23,0.0697,1,0,0.0643,0,Low Risk
15773,United Kingdom,1,635.68,311,10,6,6,635.68,311.0,0.1429,1,0,0.0018,0,Low Risk
15774,United Kingdom,1,270.8,87,25,69,69,270.8,87.0,0.0143,1,0,0.0053,0,Low Risk
15775,United Kingdom,1,104.9,68,7,246,246,104.9,68.0,0.004,1,1,0.9962,1,High Risk
15776,United Kingdom,1,241.62,138,18,134,134,241.62,138.0,0.0074,1,1,0.9914,1,High Risk
15777,United Kingdom,4,1047.11,378,18,242,362,261.78,94.5,0.011,1,1,0.482,0,Medium Risk
15780,United Kingdom,3,475.28,220,26,184,358,158.43,73.33,0.0084,1,1,0.6933,1,Medium Risk
15781,United Kingdom,3,345.46,180,20,26,306,115.15,60.0,0.0098,1,0,0.6659,1,Medium Risk
15782,United Kingdom,3,2614.74,864,34,10,90,871.58,288.0,0.033,1,0,0.0205,0,Low Risk
15783,United Kingdom,1,246.3,212,14,11,11,246.3,212.0,0.0833,1,0,0.0009,0,Low Risk
15785,United Kingdom,5,2328.97,1612,58,33,296,465.79,322.4,0.0168,1,0,0.1948,0,Low Risk
15786,United Kingdom,3,4932.2,3364,257,47,115,1644.07,1121.33,0.0259,1,0,0.0577,0,Low Risk
15787,United Kingdom,3,948.05,540,156,27,62,316.02,180.0,0.0476,1,0,0.0124,0,Low Risk
15789,United Kingdom,1,351.3,438,25,359,359,351.3,438.0,0.0028,1,1,0.9906,1,High Risk
15790,United Kingdom,1,220.85,114,34,11,11,220.85,114.0,0.0833,1,0,0.0083,0,Low Risk
15791,United Kingdom,2,1612.69,731,66,44,205,806.34,365.5,0.0097,1,0,0.6654,1,Medium Risk
15793,United Kingdom,3,965.61,553,6,15,269,321.87,184.33,0.0111,1,0,0.56,1,Medium Risk
15795,United Kingdom,1,610.01,581,42,150,150,610.01,581.0,0.0066,1,1,0.9571,1,High Risk
15796,United Kingdom,8,2711.56,861,70,2,303,338.94,107.62,0.0263,1,0,0.0911,0,Low Risk
15797,United Kingdom,4,2207.4,873,8,114,320,551.85,218.25,0.0125,1,1,0.3913,0,Medium Risk
15799,United Kingdom,3,884.14,955,94,76,335,294.71,318.33,0.0089,1,0,0.5228,1,Medium Risk
15800,United Kingdom,2,699.08,335,116,108,247,349.54,167.5,0.0081,1,1,0.6437,1,Medium Risk
15801,United Kingdom,3,1063.95,570,61,47,110,354.65,190.0,0.027,1,0,0.0822,0,Low Risk
15802,United Kingdom,1,451.42,1,1,143,143,451.42,1.0,0.0069,1,1,0.9835,1,High Risk
15803,United Kingdom,1,415.82,290,8,52,52,415.82,290.0,0.0189,1,0,0.0029,0,Low Risk
15804,United Kingdom,13,4206.39,2565,170,1,199,323.57,197.31,0.065,1,0,0.0464,0,Low Risk
15805,United Kingdom,17,5528.48,3387,220,24,365,325.2,199.24,0.0464,1,0,0.0166,0,Low Risk
15806,United Kingdom,3,784.58,602,24,47,277,261.53,200.67,0.0108,1,0,0.5933,1,Medium Risk
15807,United Kingdom,3,903.9,430,48,51,78,301.3,143.33,0.038,1,0,0.0094,0,Low Risk
15808,United Kingdom,4,3734.97,1343,142,307,370,933.74,335.75,0.0108,1,1,0.467,0,Medium Risk
15809,United Kingdom,5,515.77,301,31,37,303,103.15,60.2,0.0164,1,0,0.3894,0,Medium Risk
15810,United Kingdom,4,1391.98,861,66,79,297,348.0,215.25,0.0134,1,0,0.3255,0,Medium Risk
15811,United Kingdom,6,2218.62,1071,117,23,366,369.77,178.5,0.0163,1,0,0.1712,0,Low Risk
15812,United Kingdom,5,1801.14,922,36,108,318,360.23,184.4,0.0157,1,1,0.2575,0,Low Risk
15813,United Kingdom,2,1303.91,603,40,208,240,651.96,301.5,0.0083,1,1,0.6852,1,Medium Risk
15814,United Kingdom,4,1945.33,1271,63,17,51,486.33,317.75,0.0769,1,0,0.0203,0,Low Risk
15815,United Kingdom,5,2100.6,1856,33,64,260,420.12,371.2,0.0192,1,0,0.1214,0,Low Risk
15819,United Kingdom,4,1905.45,1357,96,50,277,476.36,339.25,0.0144,1,0,0.2136,0,Low Risk
15820,United Kingdom,1,206.98,128,17,320,320,206.98,128.0,0.0031,1,1,0.996,1,High Risk
15821,United Kingdom,2,570.96,202,57,45,62,285.48,101.0,0.0317,1,0,0.0178,0,Low Risk
15822,United Kingdom,2,885.47,375,28,4,360,442.74,187.5,0.0055,1,0,0.7131,1,High Risk
15823,United Kingdom,1,15.0,1,1,373,373,15.0,1.0,0.0027,1,1,0.9946,1,High Risk
15825,United Kingdom,1,532.94,220,20,173,173,532.94,220.0,0.0057,1,1,0.9843,1,High Risk
15826,United Kingdom,3,1654.31,963,64,57,211,551.44,321.0,0.0142,1,0,0.282,0,Low Risk
15827,United Kingdom,14,1836.09,882,72,74,373,131.15,63.0,0.0374,1,0,0.1357,0,Low Risk
15829,United Kingdom,2,636.14,996,44,100,141,318.07,498.0,0.0141,1,1,0.5286,1,Medium Risk
15830,United Kingdom,1,576.0,415,39,38,38,576.0,415.0,0.0256,1,0,0.0028,0,Low Risk
15831,United Kingdom,3,801.76,1105,63,59,325,267.25,368.33,0.0092,1,0,0.5275,1,Medium Risk
15832,United Kingdom,1,836.79,465,54,255,255,836.79,465.0,0.0039,1,1,0.9733,1,High Risk
15834,United Kingdom,4,2233.75,965,242,71,278,558.44,241.25,0.0143,1,0,0.225,0,Low Risk
15835,United Kingdom,4,954.09,439,47,45,331,238.52,109.75,0.012,1,0,0.3508,0,Medium Risk
15836,United Kingdom,1,137.37,26,10,51,51,137.37,26.0,0.0192,1,0,0.002,0,Low Risk
15837,United Kingdom,1,391.98,189,24,65,65,391.98,189.0,0.0152,1,0,0.0007,0,Low Risk
15838,United Kingdom,19,33643.08,18368,54,12,368,1770.69,966.74,0.0515,1,0,0.0545,0,Low Risk
15839,United Kingdom,3,1048.49,675,56,34,149,349.5,225.0,0.02,1,0,0.1627,0,Low Risk
15840,United Kingdom,2,355.56,396,26,59,173,177.78,198.0,0.0115,1,0,0.5342,1,Medium Risk
15841,United Kingdom,4,1224.06,942,36,73,339,306.02,235.5,0.0118,1,0,0.3748,0,Medium Risk
15843,United Kingdom,1,118.95,27,8,304,304,118.95,27.0,0.0033,1,1,0.997,1,High Risk
15844,United Kingdom,1,130.74,134,11,47,47,130.74,134.0,0.0208,1,0,0.0072,0,Low Risk
15845,United Kingdom,8,3711.77,1926,97,18,338,463.97,240.75,0.0236,1,0,0.0747,0,Low Risk
15847,United Kingdom,2,389.27,449,22,39,289,194.64,224.5,0.0069,1,0,0.7028,1,High Risk
15850,United Kingdom,2,238.85,302,87,20,169,119.42,151.0,0.0118,1,0,0.4074,0,Medium Risk
15852,United Kingdom,2,160.71,48,22,187,198,80.36,24.0,0.0101,1,1,0.7252,1,High Risk
15853,United Kingdom,1,110.8,135,29,52,52,110.8,135.0,0.0189,1,0,0.0102,0,Low Risk
15854,United Kingdom,12,2974.65,939,105,5,362,247.89,78.25,0.0331,1,0,0.0636,0,Low Risk
15855,United Kingdom,5,712.24,470,59,137,264,142.45,94.0,0.0189,1,1,0.3344,0,Medium Risk
15856,United Kingdom,27,16387.57,11005,295,5,366,606.95,407.59,0.0736,1,0,0.0166,0,Low Risk
15857,United Kingdom,1,297.0,308,14,19,19,297.0,308.0,0.05,1,0,0.0017,0,Low Risk
15858,United Kingdom,5,1438.85,1167,145,16,368,287.77,233.4,0.0136,1,0,0.2561,0,Low Risk
15860,United Kingdom,8,977.21,440,105,41,369,122.15,55.0,0.0216,1,0,0.2115,0,Low Risk
15861,United Kingdom,8,3165.36,2544,339,13,268,395.67,318.0,0.0297,1,0,0.0442,0,Low Risk
15862,United Kingdom,4,832.88,585,142,9,374,208.22,146.25,0.0107,1,0,0.4278,0,Medium Risk
15863,United Kingdom,2,68.84,19,18,26,193,34.42,9.5,0.0103,1,0,0.5446,1,Medium Risk
15864,United Kingdom,6,1936.32,1192,16,23,317,322.72,198.67,0.0189,1,0,0.1829,0,Low Risk
15865,United Kingdom,3,895.13,368,37,41,214,298.38,122.67,0.014,1,0,0.3332,0,Medium Risk
15866,United Kingdom,1,230.53,126,43,102,102,230.53,126.0,0.0097,1,1,0.9628,1,High Risk
15867,United Kingdom,15,3812.64,2054,302,6,370,254.18,136.93,0.0404,1,0,0.0213,0,Low Risk
15869,United Kingdom,2,149.64,175,13,278,278,74.82,87.5,0.0072,1,1,0.7555,1,High Risk
15870,United Kingdom,1,354.09,335,68,33,33,354.09,335.0,0.0294,1,0,0.0015,0,Low Risk
15872,United Kingdom,2,360.93,212,101,15,15,180.46,106.0,0.125,1,0,0.0086,0,Low Risk
15874,United Kingdom,7,4405.88,2534,110,64,285,629.41,362.0,0.0245,1,0,0.0441,0,Low Risk
15877,United Kingdom,2,493.28,371,122,2,18,246.64,185.5,0.1053,1,0,0.0063,0,Low Risk
15880,United Kingdom,1,343.28,211,95,370,370,343.28,211.0,0.0027,1,1,0.9631,1,High Risk
15881,United Kingdom,5,501.39,260,26,313,365,100.28,52.0,0.0137,1,1,0.6309,1,Medium Risk
15882,United Kingdom,4,516.36,276,23,199,369,129.09,69.0,0.0108,1,1,0.7013,1,High Risk
15883,United Kingdom,2,396.48,223,42,3,34,198.24,111.5,0.0571,1,0,0.0092,0,Low Risk
15885,United Kingdom,3,379.35,111,18,93,310,126.45,37.0,0.0096,1,1,0.7387,1,High Risk
15886,United Kingdom,1,181.09,147,12,61,61,181.09,147.0,0.0161,1,0,0.0041,0,Low Risk
15888,United Kingdom,1,168.31,76,11,81,81,168.31,76.0,0.0122,1,0,0.006,0,Low Risk
15889,United Kingdom,2,446.87,215,79,157,370,223.44,107.5,0.0054,1,1,0.6494,1,Medium Risk
15891,United Kingdom,1,524.52,442,60,227,227,524.52,442.0,0.0044,1,1,0.9777,1,High Risk
15894,United Kingdom,2,263.55,168,35,254,370,131.78,84.0,0.0054,1,1,0.6854,1,Medium Risk
15895,United Kingdom,1,179.17,94,11,150,150,179.17,94.0,0.0066,1,1,0.9885,1,High Risk
15897,United Kingdom,2,222.05,261,17,195,195,111.02,130.5,0.0102,1,1,0.6436,1,Medium Risk
15898,United Kingdom,5,1388.88,570,70,2,369,277.78,114.0,0.0135,1,0,0.3199,0,Medium Risk
15899,United Kingdom,1,56.25,39,4,369,369,56.25,39.0,0.0027,1,1,0.9975,1,High Risk
15900,United Kingdom,1,351.11,221,44,24,24,351.11,221.0,0.04,1,0,0.0021,0,Low Risk
15901,United Kingdom,3,363.88,384,102,17,155,121.29,128.0,0.0192,1,0,0.2679,0,Low Risk
15903,United Kingdom,7,5126.76,2410,46,10,296,732.39,344.29,0.0236,1,0,0.0576,0,Low Risk
15904,United Kingdom,1,164.68,84,30,9,9,164.68,84.0,0.1,1,0,0.0058,0,Low Risk
15906,United Kingdom,7,1567.69,544,113,20,256,223.96,77.71,0.0272,1,0,0.0859,0,Low Risk
15907,United Kingdom,3,967.45,509,175,4,211,322.48,169.67,0.0142,1,0,0.2639,0,Low Risk
15909,United Kingdom,1,191.94,98,7,174,174,191.94,98.0,0.0057,1,1,0.988,1,High Risk
15910,United Kingdom,8,1232.18,1015,215,1,317,154.02,126.88,0.0252,1,0,0.0707,0,Low Risk
15912,United Kingdom,2,264.62,185,19,179,234,132.31,92.5,0.0085,1,1,0.71,1,High Risk
15916,United Kingdom,8,1528.09,757,124,17,367,191.01,94.62,0.0217,1,0,0.0898,0,Low Risk
15917,United Kingdom,1,123.1,42,12,248,248,123.1,42.0,0.004,1,1,0.9939,1,High Risk
15918,United Kingdom,2,334.23,153,33,191,272,167.12,76.5,0.0073,1,1,0.7623,1,High Risk
15919,United Kingdom,2,639.89,545,103,20,369,319.94,272.5,0.0054,1,0,0.6065,1,Medium Risk
15920,United Kingdom,4,167.5,99,53,155,155,41.88,24.75,0.0256,1,1,0.4727,0,Medium Risk
15921,United Kingdom,1,336.03,166,24,173,173,336.03,166.0,0.0057,1,1,0.9886,1,High Risk
15922,United Kingdom,1,369.5,138,11,374,374,369.5,138.0,0.0027,1,1,0.9926,1,High Risk
15923,United Kingdom,1,127.08,122,21,373,373,127.08,122.0,0.0027,1,1,0.9933,1,High Risk
15925,United Kingdom,1,207.15,93,12,195,195,207.15,93.0,0.0051,1,1,0.9956,1,High Risk
15930,United Kingdom,1,426.63,139,21,68,68,426.63,139.0,0.0145,1,0,0.0016,0,Low Risk
15932,United Kingdom,8,2495.87,2325,93,5,290,311.98,290.62,0.0275,1,0,0.0533,0,Low Risk
15933,United Kingdom,3,1107.46,885,63,22,87,369.15,295.0,0.0341,1,0,0.0119,0,Low Risk
15935,United Kingdom,2,416.86,115,12,240,242,208.43,57.5,0.0082,1,1,0.7906,1,High Risk
15937,United Kingdom,1,145.35,73,7,65,65,145.35,73.0,0.0152,1,0,0.0067,0,Low Risk
15938,United Kingdom,5,404.58,240,13,113,324,80.92,48.0,0.0154,1,1,0.6449,1,Medium Risk
15939,United Kingdom,15,6115.01,4728,28,90,332,407.67,315.2,0.045,1,0,0.0514,0,Low Risk
15940,United Kingdom,1,35.8,4,1,312,312,35.8,4.0,0.0032,1,1,0.9877,1,High Risk
15942,United Kingdom,1,337.44,232,14,134,134,337.44,232.0,0.0074,1,1,0.9841,1,High Risk
15944,United Kingdom,1,325.1,50,6,277,277,325.1,50.0,0.0036,1,1,0.9912,1,High Risk
15945,United Kingdom,1,181.0,52,2,366,366,181.0,52.0,0.0027,1,1,0.9936,1,High Risk
15947,United Kingdom,1,1708.24,898,29,83,83,1708.24,898.0,0.0119,1,0,0.0082,0,Low Risk
15948,United Kingdom,2,955.24,567,51,9,44,477.62,283.5,0.0444,1,0,0.005,0,Low Risk
15949,United Kingdom,2,364.72,284,12,17,72,182.36,142.0,0.0274,1,0,0.0124,0,Low Risk
15950,United Kingdom,4,1765.51,729,86,32,360,441.38,182.25,0.0111,1,0,0.4094,0,Medium Risk
15951,United Kingdom,2,708.22,313,36,9,286,354.11,156.5,0.007,1,0,0.6996,1,Medium Risk
15952,United Kingdom,4,806.57,399,65,34,226,201.64,99.75,0.0176,1,0,0.2538,0,Low Risk
15953,United Kingdom,8,1659.38,892,63,16,370,207.42,111.5,0.0216,1,0,0.103,0,Low Risk
15955,United Kingdom,14,4416.26,2135,137,25,373,315.45,152.5,0.0374,1,0,0.0223,0,Low Risk
15957,United Kingdom,1,428.89,211,40,32,32,428.89,211.0,0.0303,1,0,0.0017,0,Low Risk
15958,United Kingdom,1,104.35,33,7,75,75,104.35,33.0,0.0132,1,0,0.001,0,Low Risk
15963,United Kingdom,2,470.76,298,26,20,46,235.38,149.0,0.0426,1,0,0.015,0,Low Risk
15965,United Kingdom,4,845.64,453,88,18,368,211.41,113.25,0.0108,1,0,0.4422,0,Medium Risk
15967,United Kingdom,2,418.83,211,73,24,319,209.42,105.5,0.0062,1,0,0.6741,1,Medium Risk
15969,United Kingdom,3,666.1,124,20,3,186,222.03,41.33,0.016,1,0,0.4222,0,Medium Risk
15970,United Kingdom,1,314.1,116,11,304,304,314.1,116.0,0.0033,1,1,0.9955,1,High Risk
15971,United Kingdom,12,4199.85,1717,10,18,312,349.99,143.08,0.0383,1,0,0.0941,0,Low Risk
15973,United Kingdom,1,307.82,106,4,367,367,307.82,106.0,0.0027,1,1,0.995,1,High Risk
15974,United Kingdom,7,3442.15,2262,141,40,289,491.74,323.14,0.0241,1,0,0.0555,0,Low Risk
15975,United Kingdom,1,371.01,243,24,85,85,371.01,243.0,0.0116,1,0,0.0055,0,Low Risk
15976,United Kingdom,2,430.94,277,83,166,221,215.47,138.5,0.009,1,1,0.6584,1,Medium Risk
15977,United Kingdom,2,1054.73,1016,48,18,40,527.36,508.0,0.0488,1,0,0.0121,0,Low Risk
15978,United Kingdom,1,1098.78,888,49,78,78,1098.78,888.0,0.0127,1,0,0.0084,0,Low Risk
15980,United Kingdom,3,2398.86,1560,40,89,255,799.62,520.0,0.0117,1,0,0.38,0,Medium Risk
15981,United Kingdom,8,3408.48,1866,53,25,312,426.06,233.25,0.0256,1,0,0.0648,0,Low Risk
15983,United Kingdom,4,1475.02,892,82,23,374,368.76,223.0,0.0107,1,0,0.5096,1,Medium Risk
15984,United Kingdom,10,2837.67,1843,217,3,369,283.77,184.3,0.027,1,0,0.044,0,Low Risk
15985,United Kingdom,2,1142.42,1086,29,124,237,571.21,543.0,0.0084,1,1,0.6908,1,Medium Risk
15986,United Kingdom,1,168.12,268,14,31,31,168.12,268.0,0.0312,1,0,0.0009,0,Low Risk
15987,United Kingdom,7,1451.28,1556,110,13,369,207.33,222.29,0.0189,1,0,0.1283,0,Low Risk
15988,United Kingdom,1,158.03,181,26,20,20,158.03,181.0,0.0476,1,0,0.0008,0,Low Risk
15990,United Kingdom,2,792.11,443,52,45,288,396.06,221.5,0.0069,1,0,0.6456,1,Medium Risk
15992,United Kingdom,1,41.99,17,3,4,4,41.99,17.0,0.2,1,0,0.0074,0,Low Risk
15993,United Kingdom,7,2797.57,2051,335,9,45,399.65,293.0,0.1522,1,0,0.0172,0,Low Risk
15994,United Kingdom,1,427.07,177,31,55,55,427.07,177.0,0.0179,1,0,0.009,0,Low Risk
15996,United Kingdom,6,1060.68,384,103,89,367,176.78,64.0,0.0163,1,0,0.2397,0,Low Risk
15998,United Kingdom,5,3089.97,2041,370,37,363,617.99,408.2,0.0137,1,0,0.1592,0,Low Risk
16000,United Kingdom,3,12393.7,5110,9,3,3,4131.23,1703.33,0.75,1,0,0.0266,0,Low Risk
16003,United Kingdom,5,2735.37,1185,82,30,360,547.07,237.0,0.0139,1,0,0.2186,0,Low Risk
16005,United Kingdom,4,615.39,300,173,13,271,153.85,75.0,0.0147,1,0,0.3431,0,Medium Risk
16006,United Kingdom,1,101.4,84,8,212,212,101.4,84.0,0.0047,1,1,0.9953,1,High Risk
16007,United Kingdom,4,1701.94,1393,221,48,216,425.48,348.25,0.0184,1,0,0.1489,0,Low Risk
16008,United Kingdom,3,478.78,323,29,24,205,159.59,107.67,0.0146,1,0,0.4472,0,Medium Risk
16009,United Kingdom,4,992.71,378,68,23,160,248.18,94.5,0.0248,1,0,0.1327,0,Low Risk
16010,United Kingdom,3,407.5,210,62,246,363,135.83,70.0,0.0082,1,1,0.6924,1,Medium Risk
16011,United Kingdom,16,3362.71,2042,99,9,367,210.17,127.62,0.0435,1,0,0.0382,0,Low Risk
16012,United Kingdom,3,1415.29,799,87,36,156,471.76,266.33,0.0191,1,0,0.1501,0,Low Risk
16013,United Kingdom,47,37130.6,15536,30,4,372,790.01,330.55,0.126,1,0,0.0641,0,Low Risk
16014,United Kingdom,3,662.38,265,123,38,292,220.79,88.33,0.0102,1,0,0.5134,1,Medium Risk
16015,United Kingdom,3,705.39,909,146,4,50,235.13,303.0,0.0588,1,0,0.0135,0,Low Risk
16016,United Kingdom,8,1508.76,620,156,4,367,188.6,77.5,0.0217,1,0,0.0954,0,Low Risk
16017,United Kingdom,1,211.88,102,26,48,48,211.88,102.0,0.0204,1,0,0.006,0,Low Risk
16018,United Kingdom,2,408.9,190,26,40,181,204.45,95.0,0.011,1,0,0.5221,1,Medium Risk
16019,United Kingdom,9,3786.24,1733,133,47,365,420.69,192.56,0.0246,1,0,0.0564,0,Low Risk
16020,United Kingdom,3,851.01,487,42,17,66,283.67,162.33,0.0448,1,0,0.0079,0,Low Risk
16022,United Kingdom,1,628.28,261,68,261,261,628.28,261.0,0.0038,1,1,0.9775,1,High Risk
16023,United Kingdom,3,719.81,358,90,47,267,239.94,119.33,0.0112,1,0,0.4112,0,Medium Risk
16024,United Kingdom,1,251.24,398,61,13,13,251.24,398.0,0.0714,1,0,0.001,0,Low Risk
16025,United Kingdom,1,439.66,338,28,30,30,439.66,338.0,0.0323,1,0,0.0057,0,Low Risk
16026,United Kingdom,1,236.09,243,30,44,44,236.09,243.0,0.0222,1,0,0.0017,0,Low Risk
16027,United Kingdom,6,934.62,1147,11,92,303,155.77,191.17,0.0197,1,1,0.3238,0,Medium Risk
16029,United Kingdom,63,81024.84,40208,44,39,374,1286.11,638.22,0.168,1,0,0.0862,0,Low Risk
16030,United Kingdom,1,331.24,283,28,310,310,331.24,283.0,0.0032,1,1,0.9937,1,High Risk
16031,United Kingdom,2,548.94,423,91,93,248,274.47,211.5,0.008,1,1,0.6126,1,Medium Risk
16033,United Kingdom,20,8816.4,3539,538,6,370,440.82,176.95,0.0539,1,0,0.018,0,Low Risk
16034,United Kingdom,3,437.7,242,18,197,333,145.9,80.67,0.009,1,1,0.7183,1,High Risk
16036,United Kingdom,2,758.92,716,55,88,264,379.46,358.0,0.0075,1,0,0.6222,1,Medium Risk
16037,United Kingdom,3,855.02,428,37,270,359,285.01,142.67,0.0083,1,1,0.6024,1,Medium Risk
16038,United Kingdom,3,471.78,244,24,8,202,157.26,81.33,0.0148,1,0,0.4404,0,Medium Risk
16040,United Kingdom,3,1313.55,684,57,66,269,437.85,228.0,0.0111,1,0,0.4801,0,Medium Risk
16041,United Kingdom,3,3166.4,1584,6,31,142,1055.47,528.0,0.021,1,0,0.2159,0,Low Risk
16042,United Kingdom,5,1197.27,755,68,23,333,239.45,151.0,0.015,1,0,0.2701,0,Low Risk
16043,United Kingdom,4,773.99,503,30,38,318,193.5,125.75,0.0125,1,0,0.3944,0,Medium Risk
16045,United Kingdom,4,1340.7,897,71,120,291,335.18,224.25,0.0137,1,1,0.3373,0,Medium Risk
16048,United Kingdom,2,256.44,144,8,374,374,128.22,72.0,0.0053,1,1,0.7911,1,High Risk
16049,United Kingdom,3,1111.79,793,248,41,76,370.6,264.33,0.039,1,0,0.0092,0,Low Risk
16050,United Kingdom,1,137.9,278,10,174,174,137.9,278.0,0.0057,1,1,0.992,1,High Risk
16052,United Kingdom,1,362.06,282,34,55,55,362.06,282.0,0.0179,1,0,0.0043,0,Low Risk
16053,United Kingdom,2,1511.95,1793,81,33,123,755.98,896.5,0.0161,1,0,0.1915,0,Low Risk
16054,United Kingdom,1,783.9,380,70,146,146,783.9,380.0,0.0068,1,1,0.9481,1,High Risk
16055,United Kingdom,1,134.8,22,8,221,221,134.8,22.0,0.0045,1,1,0.9973,1,High Risk
16056,United Kingdom,1,664.85,347,66,46,46,664.85,347.0,0.0213,1,0,0.0038,0,Low Risk
16057,United Kingdom,7,2263.12,863,109,17,285,323.3,123.29,0.0245,1,0,0.0841,0,Low Risk
16059,United Kingdom,6,1459.86,643,126,66,368,243.31,107.17,0.0163,1,0,0.2038,0,Low Risk
16062,United Kingdom,4,1153.62,800,50,10,365,288.4,200.0,0.0109,1,0,0.4197,0,Medium Risk
16063,United Kingdom,1,335.32,262,23,261,261,335.32,262.0,0.0038,1,1,0.9943,1,High Risk
16065,United Kingdom,1,372.09,231,71,366,366,372.09,231.0,0.0027,1,1,0.9702,1,High Risk
16066,United Kingdom,5,1521.87,936,77,17,125,304.37,187.2,0.0397,1,0,0.0547,0,Low Risk
16070,United Kingdom,2,852.15,457,32,23,33,426.08,228.5,0.0588,1,0,0.0052,0,Low Risk
16071,United Kingdom,1,326.24,180,21,45,45,326.24,180.0,0.0217,1,0,0.0011,0,Low Risk
16072,United Kingdom,1,584.32,140,23,289,289,584.32,140.0,0.0034,1,1,0.9934,1,High Risk
16073,United Kingdom,1,122.4,48,1,298,298,122.4,48.0,0.0033,1,1,0.9931,1,High Risk
16076,United Kingdom,10,2234.73,1435,71,4,209,223.47,143.5,0.0476,1,0,0.0654,0,Low Risk
16078,United Kingdom,1,79.2,16,1,284,284,79.2,16.0,0.0035,1,1,0.998,1,High Risk
16079,United Kingdom,3,1352.0,864,18,17,41,450.67,288.0,0.0714,1,0,0.0138,0,Low Risk
16080,United Kingdom,2,217.16,128,10,82,275,108.58,64.0,0.0072,1,0,0.7477,1,High Risk
16081,United Kingdom,5,2806.9,1477,175,57,367,561.38,295.4,0.0136,1,0,0.2117,0,Low Risk
16083,United Kingdom,2,1317.62,908,31,101,361,658.81,454.0,0.0055,1,1,0.725,1,High Risk
16084,United Kingdom,1,436.18,216,38,300,300,436.18,216.0,0.0033,1,1,0.9832,1,High Risk
16085,United Kingdom,5,981.51,636,123,24,321,196.3,127.2,0.0155,1,0,0.2441,0,Low Risk
16086,United Kingdom,5,1121.39,511,24,60,368,224.28,102.2,0.0136,1,0,0.3448,0,Medium Risk
16091,United Kingdom,2,315.06,154,16,155,199,157.53,77.0,0.01,1,1,0.7072,1,High Risk
16092,United Kingdom,3,817.86,628,37,115,255,272.62,209.33,0.0117,1,1,0.5111,1,Medium Risk
16093,United Kingdom,1,17.0,20,1,107,107,17.0,20.0,0.0093,1,1,0.989,1,High Risk
16094,United Kingdom,4,1078.23,647,48,12,220,269.56,161.75,0.0181,1,0,0.2472,0,Low Risk
16096,United Kingdom,1,320.62,155,12,265,265,320.62,155.0,0.0038,1,1,0.9969,1,High Risk
16097,United Kingdom,1,185.05,87,10,241,241,185.05,87.0,0.0041,1,1,0.9953,1,High Risk
16098,United Kingdom,7,2005.63,613,34,88,374,286.52,87.57,0.0187,1,0,0.2528,0,Low Risk
16099,United Kingdom,3,731.9,434,29,51,226,243.97,144.67,0.0132,1,0,0.4335,0,Medium Risk
16101,United Kingdom,1,1290.7,757,76,71,71,1290.7,757.0,0.0139,1,0,0.0152,0,Low Risk
16102,United Kingdom,3,1842.14,942,41,43,129,614.05,314.0,0.0231,1,0,0.0768,0,Low Risk
16103,United Kingdom,6,1429.64,558,30,8,234,238.27,93.0,0.0255,1,0,0.1149,0,Low Risk
16104,United Kingdom,1,302.36,123,28,62,62,302.36,123.0,0.0159,1,0,0.0058,0,Low Risk
16105,United Kingdom,1,336.96,330,13,249,249,336.96,330.0,0.004,1,1,0.9898,1,High Risk
16106,United Kingdom,1,108.38,74,6,66,66,108.38,74.0,0.0149,1,0,0.0067,0,Low Risk
16107,United Kingdom,7,3204.16,1176,16,18,184,457.74,168.0,0.0378,1,0,0.1006,0,Low Risk
16108,United Kingdom,1,842.5,615,48,85,85,842.5,615.0,0.0116,1,0,0.0119,0,Low Risk
16109,United Kingdom,2,611.88,612,18,219,309,305.94,306.0,0.0065,1,1,0.7298,1,High Risk
16110,United Kingdom,3,1337.48,733,283,46,312,445.83,244.33,0.0096,1,0,0.4249,0,Medium Risk
16112,United Kingdom,4,195.74,574,15,144,339,48.94,143.5,0.0118,1,1,0.6792,1,Medium Risk
16113,United Kingdom,1,161.38,176,30,184,184,161.38,176.0,0.0054,1,1,0.9787,1,High Risk
16114,United Kingdom,1,135.75,43,8,171,171,135.75,43.0,0.0058,1,1,0.9903,1,High Risk
16115,United Kingdom,8,1667.97,1001,169,10,293,208.5,125.12,0.0272,1,0,0.0731,0,Low Risk
16116,United Kingdom,1,612.78,248,34,212,212,612.78,248.0,0.0047,1,1,0.9847,1,High Risk
16117,United Kingdom,1,232.21,130,30,190,190,232.21,130.0,0.0052,1,1,0.9956,1,High Risk
16119,United Kingdom,2,423.36,240,14,9,73,211.68,120.0,0.027,1,0,0.0135,0,Low Risk
16120,United Kingdom,4,1309.14,878,26,60,60,327.29,219.5,0.0656,1,0,0.0204,0,Low Risk
16121,United Kingdom,2,867.11,586,170,58,216,433.56,293.0,0.0092,1,0,0.4462,0,Medium Risk
16122,United Kingdom,4,684.42,1128,26,74,367,171.1,282.0,0.0109,1,0,0.4661,0,Medium Risk
16123,United Kingdom,1,307.78,170,16,52,52,307.78,170.0,0.0189,1,0,0.0016,0,Low Risk
16124,United Kingdom,1,249.0,48,11,318,318,249.0,48.0,0.0031,1,1,0.9903,1,High Risk
16125,United Kingdom,1,289.35,124,13,368,368,289.35,124.0,0.0027,1,1,0.9955,1,High Risk
16126,United Kingdom,4,6287.77,2125,57,30,297,1571.94,531.25,0.0134,1,0,0.2056,0,Low Risk
16127,United Kingdom,1,656.25,323,40,40,40,656.25,323.0,0.0244,1,0,0.0027,0,Low Risk
16128,United Kingdom,5,1880.22,988,76,18,283,376.04,197.6,0.0176,1,0,0.1819,0,Low Risk
16131,United Kingdom,6,3506.54,1802,55,52,240,584.42,300.33,0.0249,1,0,0.0738,0,Low Risk
16133,United Kingdom,33,14589.04,8887,219,4,319,442.09,269.3,0.1031,1,0,0.0172,0,Low Risk
16134,United Kingdom,2,618.09,371,34,22,360,309.04,185.5,0.0055,1,0,0.6855,1,Medium Risk
16135,United Kingdom,1,517.55,209,21,263,263,517.55,209.0,0.0038,1,1,0.9914,1,High Risk
16136,United Kingdom,3,709.38,440,35,60,278,236.46,146.67,0.0108,1,0,0.5972,1,Medium Risk
16139,United Kingdom,3,635.41,330,25,19,207,211.8,110.0,0.0144,1,0,0.448,0,Medium Risk
16140,United Kingdom,2,725.18,730,32,66,372,362.59,365.0,0.0054,1,0,0.6585,1,Medium Risk
16141,United Kingdom,1,620.4,238,30,89,89,620.4,238.0,0.0111,1,0,0.0308,0,Low Risk
16142,United Kingdom,1,535.34,422,37,250,250,535.34,422.0,0.004,1,1,0.9859,1,High Risk
16143,United Kingdom,6,2424.94,919,75,4,370,404.16,153.17,0.0162,1,0,0.2214,0,Low Risk
16144,United Kingdom,1,175.2,16,1,247,247,175.2,16.0,0.004,1,1,0.9972,1,High Risk
16145,United Kingdom,11,3799.49,3123,134,9,360,345.41,283.91,0.0305,1,0,0.0415,0,Low Risk
16146,United Kingdom,3,734.13,427,26,158,233,244.71,142.33,0.0128,1,1,0.4609,0,Medium Risk
16147,United Kingdom,1,375.0,246,22,134,134,375.0,246.0,0.0074,1,1,0.9868,1,High Risk
16148,United Kingdom,1,76.32,72,1,297,297,76.32,72.0,0.0034,1,1,0.9968,1,High Risk
16149,United Kingdom,2,280.52,308,18,5,143,140.26,154.0,0.0139,1,0,0.4512,0,Medium Risk
16150,United Kingdom,5,2053.02,1047,91,43,373,410.6,209.4,0.0134,1,0,0.3252,0,Medium Risk
16152,United Kingdom,1,1829.04,642,29,269,269,1829.04,642.0,0.0037,1,1,0.9734,1,High Risk
16153,United Kingdom,5,1824.23,1073,78,50,355,364.85,214.6,0.014,1,0,0.2517,0,Low Risk
16156,United Kingdom,9,3122.04,1308,108,9,311,346.89,145.33,0.0288,1,0,0.0692,0,Low Risk
16157,United Kingdom,3,656.69,347,12,16,73,218.9,115.67,0.0405,1,0,0.0172,0,Low Risk
16159,United Kingdom,1,348.2,236,14,282,282,348.2,236.0,0.0035,1,1,0.9961,1,High Risk
16160,United Kingdom,2,1025.44,1162,20,66,86,512.72,581.0,0.023,1,0,0.0128,0,Low Risk
16161,United Kingdom,19,5575.56,2599,286,2,369,293.45,136.79,0.0514,1,0,0.0176,0,Low Risk
16162,United Kingdom,1,37.4,4,2,253,253,37.4,4.0,0.0039,1,1,0.9976,1,High Risk
16163,United Kingdom,2,856.6,192,5,233,366,428.3,96.0,0.0054,1,1,0.7372,1,High Risk
16164,United Kingdom,3,822.48,433,27,18,43,274.16,144.33,0.0682,1,0,0.009,0,Low Risk
16168,United Kingdom,27,3787.6,1892,57,11,370,140.28,70.07,0.0728,1,0,0.0679,0,Low Risk
16169,United Kingdom,4,1822.97,1325,71,9,76,455.74,331.25,0.0519,1,0,0.0196,0,Low Risk
16170,United Kingdom,6,1885.05,1770,106,51,249,314.18,295.0,0.024,1,0,0.0613,0,Low Risk
16171,United Kingdom,1,73.2,24,3,60,60,73.2,24.0,0.0164,1,0,0.0079,0,Low Risk
16172,United Kingdom,5,1140.21,787,52,96,242,228.04,157.4,0.0206,1,1,0.1555,0,Low Risk
16173,United Kingdom,6,1418.32,575,70,16,99,236.39,95.83,0.06,1,0,0.0452,0,Low Risk
16174,United Kingdom,3,1009.55,651,19,127,152,336.52,217.0,0.0196,1,1,0.255,0,Low Risk
16175,United Kingdom,4,1037.59,533,45,95,241,259.4,133.25,0.0165,1,1,0.3131,0,Medium Risk
16177,United Kingdom,1,331.95,95,15,51,51,331.95,95.0,0.0192,1,0,0.0115,0,Low Risk
16178,United Kingdom,1,197.9,94,8,139,139,197.9,94.0,0.0071,1,1,0.9872,1,High Risk
16179,United Kingdom,1,215.83,99,11,61,61,215.83,99.0,0.0161,1,0,0.0069,0,Low Risk
16180,United Kingdom,8,10254.18,5867,90,101,253,1281.77,733.38,0.0315,1,1,0.1141,0,Low Risk
16181,United Kingdom,1,305.54,152,11,74,74,305.54,152.0,0.0133,1,0,0.0007,0,Low Risk
16182,United Kingdom,4,6617.65,3791,17,73,295,1654.41,947.75,0.0135,1,0,0.2187,0,Low Risk
16183,United Kingdom,1,338.71,113,15,68,68,338.71,113.0,0.0145,1,0,0.006,0,Low Risk
16184,United Kingdom,6,1158.79,561,26,65,212,193.13,93.5,0.0282,1,0,0.1132,0,Low Risk
16185,United Kingdom,2,529.41,260,31,17,233,264.7,130.0,0.0085,1,0,0.6715,1,Medium Risk
16186,United Kingdom,12,4006.94,3020,87,23,373,333.91,251.67,0.0321,1,0,0.0418,0,Low Risk
16187,United Kingdom,15,6911.44,5048,160,32,285,460.76,336.53,0.0524,1,0,0.0197,0,Low Risk
16188,United Kingdom,4,981.86,782,65,45,243,245.46,195.5,0.0164,1,0,0.2566,0,Low Risk
16189,United Kingdom,2,215.48,134,9,16,86,107.74,67.0,0.023,1,0,0.0184,0,Low Risk
16190,United Kingdom,1,215.08,88,6,41,41,215.08,88.0,0.0238,1,0,0.0063,0,Low Risk
16191,United Kingdom,13,5180.52,3351,65,3,361,398.5,257.77,0.0359,1,0,0.0337,0,Low Risk
16193,United Kingdom,1,314.45,219,19,237,237,314.45,219.0,0.0042,1,1,0.997,1,High Risk
16198,United Kingdom,1,400.68,129,15,76,76,400.68,129.0,0.013,1,0,0.0016,0,Low Risk
16200,United Kingdom,2,1080.62,523,149,5,165,540.31,261.5,0.012,1,0,0.3578,0,Medium Risk
16201,United Kingdom,4,1863.47,1286,74,4,110,465.87,321.5,0.036,1,0,0.0593,0,Low Risk
16202,United Kingdom,1,365.27,191,18,361,361,365.27,191.0,0.0028,1,1,0.9965,1,High Risk
16203,United Kingdom,4,592.9,262,27,59,373,148.22,65.5,0.0107,1,0,0.6715,1,Medium Risk
16204,United Kingdom,1,405.71,231,45,24,24,405.71,231.0,0.04,1,0,0.0021,0,Low Risk
16205,United Kingdom,4,761.38,517,73,31,180,190.34,129.25,0.0221,1,0,0.113,0,Low Risk
16206,United Kingdom,4,537.06,272,52,55,328,134.26,68.0,0.0122,1,0,0.5017,1,Medium Risk
16207,United Kingdom,1,394.38,140,19,26,26,394.38,140.0,0.037,1,0,0.0019,0,Low Risk
16208,United Kingdom,2,664.26,333,61,45,290,332.13,166.5,0.0069,1,0,0.6534,1,Medium Risk
16209,United Kingdom,5,2262.62,1179,37,89,247,452.52,235.8,0.0202,1,0,0.1261,0,Low Risk
16210,United Kingdom,18,21086.3,7559,74,2,374,1171.46,419.94,0.048,1,0,0.0589,0,Low Risk
16211,United Kingdom,1,547.02,154,23,89,89,547.02,154.0,0.0111,1,0,0.0152,0,Low Risk
16212,United Kingdom,2,690.34,244,40,20,284,345.17,122.0,0.007,1,0,0.6622,1,Medium Risk
16213,United Kingdom,1,159.0,48,6,79,79,159.0,48.0,0.0125,1,0,0.005,0,Low Risk
16214,United Kingdom,3,1062.75,420,36,171,270,354.25,140.0,0.0111,1,1,0.5208,1,Medium Risk
16215,United Kingdom,1,242.35,104,14,81,81,242.35,104.0,0.0122,1,0,0.006,0,Low Risk
16216,United Kingdom,1,914.93,254,37,268,268,914.93,254.0,0.0037,1,1,0.9734,1,High Risk
16217,United Kingdom,2,304.25,91,13,236,283,152.12,45.5,0.007,1,1,0.7872,1,High Risk
16218,United Kingdom,7,3084.68,2088,56,30,374,440.67,298.29,0.0187,1,0,0.154,0,Low Risk
16221,United Kingdom,3,864.86,717,90,37,368,288.29,239.0,0.0081,1,0,0.4813,0,Medium Risk
16222,United Kingdom,1,846.72,365,120,319,319,846.72,365.0,0.0031,1,1,0.9437,1,High Risk
16224,United Kingdom,4,1295.3,1116,90,58,250,323.82,279.0,0.0159,1,0,0.2298,0,Low Risk
16225,United Kingdom,5,1096.32,493,109,45,278,219.26,98.6,0.0179,1,0,0.2046,0,Low Risk
16226,United Kingdom,3,255.12,192,6,204,236,85.04,64.0,0.0127,1,1,0.7015,1,High Risk
16227,United Kingdom,1,314.22,90,6,226,226,314.22,90.0,0.0044,1,1,0.9946,1,High Risk
16229,United Kingdom,2,1010.6,318,46,88,213,505.3,159.0,0.0093,1,0,0.661,1,Medium Risk
16230,United Kingdom,2,542.03,365,32,190,221,271.02,182.5,0.009,1,1,0.6777,1,Medium Risk
16232,United Kingdom,4,990.88,550,24,44,216,247.72,137.5,0.0184,1,0,0.2668,0,Low Risk
16233,United Kingdom,3,536.68,174,22,72,367,178.89,58.0,0.0082,1,0,0.6663,1,Medium Risk
16235,United Kingdom,5,867.31,330,42,41,333,173.46,66.0,0.015,1,0,0.3171,0,Medium Risk
16236,United Kingdom,1,432.2,184,20,79,79,432.2,184.0,0.0125,1,0,0.0007,0,Low Risk
16239,United Kingdom,2,414.2,228,18,57,190,207.1,114.0,0.0105,1,0,0.6202,1,Medium Risk
16240,United Kingdom,2,3718.8,1641,126,25,78,1859.4,820.5,0.0253,1,0,0.027,0,Low Risk
16241,United Kingdom,13,2607.87,1453,347,10,370,200.61,111.77,0.035,1,0,0.0496,0,Low Risk
16242,United Kingdom,7,3603.21,1982,184,9,278,514.74,283.14,0.0251,1,0,0.0473,0,Low Risk
16243,United Kingdom,2,409.1,110,49,34,55,204.55,55.0,0.0357,1,0,0.0166,0,Low Risk
16244,United Kingdom,2,1522.75,855,88,212,373,761.38,427.5,0.0053,1,1,0.7113,1,High Risk
16245,United Kingdom,3,1413.66,1014,80,24,257,471.22,338.0,0.0116,1,0,0.4319,0,Medium Risk
16247,United Kingdom,1,114.56,182,16,171,171,114.56,182.0,0.0058,1,1,0.9832,1,High Risk
16248,United Kingdom,1,152.94,78,7,62,62,152.94,78.0,0.0159,1,0,0.0067,0,Low Risk
16249,United Kingdom,5,1800.07,950,67,53,240,360.01,190.0,0.0207,1,0,0.1054,0,Low Risk
16250,United Kingdom,2,389.44,208,22,262,374,194.72,104.0,0.0053,1,1,0.7038,1,High Risk
16253,United Kingdom,2,3683.86,3233,114,67,256,1841.93,1616.5,0.0078,1,0,0.5822,1,Medium Risk
16255,United Kingdom,8,2619.91,1767,146,17,366,327.49,220.88,0.0218,1,0,0.0652,0,Low Risk
16256,United Kingdom,1,752.43,581,13,267,267,752.43,581.0,0.0037,1,1,0.9854,1,High Risk
16257,United Kingdom,1,46.95,2,2,177,177,46.95,2.0,0.0056,1,1,0.9948,1,High Risk
16258,United Kingdom,5,5203.51,2994,111,46,220,1040.7,598.8,0.0226,1,0,0.0501,0,Low Risk
16260,United Kingdom,1,1035.45,311,18,51,51,1035.45,311.0,0.0192,1,0,0.007,0,Low Risk
16261,United Kingdom,4,746.83,306,98,18,247,186.71,76.5,0.0161,1,0,0.2193,0,Low Risk
16265,United Kingdom,9,5447.0,2646,164,10,365,605.22,294.0,0.0246,1,0,0.0373,0,Low Risk
16266,United Kingdom,7,861.89,398,44,74,207,123.13,56.86,0.0337,1,0,0.1406,0,Low Risk
16268,United Kingdom,2,667.65,533,45,72,72,333.82,266.5,0.0274,1,0,0.0067,0,Low Risk
16270,United Kingdom,1,1141.24,688,54,354,354,1141.24,688.0,0.0028,1,1,0.9704,1,High Risk
16271,United Kingdom,5,1429.24,1038,89,3,359,285.85,207.6,0.0139,1,0,0.2285,0,Low Risk
16272,United Kingdom,1,411.7,224,25,117,117,411.7,224.0,0.0085,1,1,0.9821,1,High Risk
16274,United Kingdom,1,357.95,155,64,374,374,357.95,155.0,0.0027,1,1,0.984,1,High Risk
16275,United Kingdom,1,559.87,336,33,197,197,559.87,336.0,0.0051,1,1,0.982,1,High Risk
16276,United Kingdom,1,810.6,420,6,177,177,810.6,420.0,0.0056,1,1,0.9778,1,High Risk
16278,United Kingdom,1,566.38,114,23,101,101,566.38,114.0,0.0098,1,1,0.9578,1,High Risk
16279,United Kingdom,3,1509.58,1054,102,22,177,503.19,351.33,0.0169,1,0,0.174,0,Low Risk
16281,United Kingdom,1,2062.06,934,17,73,73,2062.06,934.0,0.0135,1,0,0.0111,0,Low Risk
16282,United Kingdom,1,168.3,114,11,340,340,168.3,114.0,0.0029,1,1,0.9963,1,High Risk
16283,United Kingdom,5,1570.81,1236,117,6,209,314.16,247.2,0.0238,1,0,0.0748,0,Low Risk
16284,United Kingdom,2,823.97,544,87,32,51,411.98,272.0,0.0385,1,0,0.0053,0,Low Risk
16287,United Kingdom,1,142.5,298,8,170,170,142.5,298.0,0.0058,1,1,0.9913,1,High Risk
16292,United Kingdom,1,302.25,191,17,122,122,302.25,191.0,0.0081,1,1,0.9891,1,High Risk
16293,United Kingdom,10,2248.99,982,102,22,368,224.9,98.2,0.0271,1,0,0.0701,0,Low Risk
16295,United Kingdom,4,1328.55,841,70,10,65,332.14,210.25,0.0606,1,0,0.0193,0,Low Risk
16297,United Kingdom,1,301.9,206,20,269,269,301.9,206.0,0.0037,1,1,0.997,1,High Risk
16298,United Kingdom,3,598.2,198,22,23,187,199.4,66.0,0.016,1,0,0.4213,0,Medium Risk
16302,United Kingdom,1,233.22,158,11,127,127,233.22,158.0,0.0078,1,1,0.9906,1,High Risk
16303,United Kingdom,3,5360.63,2659,119,26,334,1786.88,886.33,0.009,1,0,0.4848,0,Medium Risk
16305,United Kingdom,1,361.22,256,22,139,139,361.22,256.0,0.0071,1,1,0.9882,1,High Risk
16306,United Kingdom,6,632.27,487,36,214,368,105.38,81.17,0.0163,1,1,0.481,0,Medium Risk
16308,United Kingdom,4,2560.0,8000,1,38,262,640.0,2000.0,0.0152,1,0,0.2835,0,Low Risk
16309,United Kingdom,2,706.57,467,39,107,241,353.28,233.5,0.0083,1,1,0.6765,1,Medium Risk
16311,United Kingdom,2,616.26,394,35,18,50,308.13,197.0,0.0392,1,0,0.0144,0,Low Risk
16313,United Kingdom,2,274.15,165,16,4,50,137.07,82.5,0.0392,1,0,0.0105,0,Low Risk
16315,United Kingdom,1,226.37,75,14,331,331,226.37,75.0,0.003,1,1,0.9925,1,High Risk
16316,United Kingdom,8,2938.91,1484,120,65,359,367.36,185.5,0.0222,1,0,0.0906,0,Low Risk
16317,United Kingdom,3,1341.65,890,64,120,298,447.22,296.67,0.01,1,1,0.6121,1,Medium Risk
16318,United Kingdom,1,328.15,199,19,36,36,328.15,199.0,0.027,1,0,0.0009,0,Low Risk
16319,United Kingdom,1,404.4,72,3,218,218,404.4,72.0,0.0046,1,1,0.9878,1,High Risk
16320,Unspecified,2,1038.46,732,56,173,214,519.23,366.0,0.0093,0,1,0.6523,1,Medium Risk
16321,Australia,5,373.65,135,7,73,324,74.73,27.0,0.0154,0,0,0.6354,1,Medium Risk
16322,United Kingdom,2,326.75,231,28,2,37,163.38,115.5,0.0526,1,0,0.0101,0,Low Risk
16323,United Kingdom,1,207.5,50,1,197,197,207.5,50.0,0.0051,1,1,0.9924,1,High Risk
16324,United Kingdom,3,428.68,282,100,129,178,142.89,94.0,0.0168,1,1,0.277,0,Low Risk
16325,United Kingdom,3,594.24,194,14,47,246,198.08,64.67,0.0121,1,0,0.5299,1,Medium Risk
16326,United Kingdom,14,3110.96,709,158,6,335,222.21,50.64,0.0417,1,0,0.1427,0,Low Risk
16327,United Kingdom,6,3844.22,2571,142,15,370,640.7,428.5,0.0162,1,0,0.1117,0,Low Risk
16330,United Kingdom,3,251.91,147,39,18,113,83.97,49.0,0.0263,1,0,0.1971,0,Low Risk
16332,United Kingdom,7,1593.2,801,125,29,306,227.6,114.43,0.0228,1,0,0.0855,0,Low Risk
16333,United Kingdom,22,26626.8,32184,9,8,310,1210.31,1462.91,0.0707,1,0,0.1034,0,Low Risk
16337,United Kingdom,1,151.05,87,10,37,37,151.05,87.0,0.0263,1,0,0.0073,0,Low Risk
16338,United Kingdom,1,214.8,94,11,158,158,214.8,94.0,0.0063,1,1,0.9847,1,High Risk
16339,United Kingdom,1,109.95,23,17,285,285,109.95,23.0,0.0035,1,1,0.9976,1,High Risk
16340,United Kingdom,1,549.07,501,124,108,108,549.07,501.0,0.0092,1,1,0.9363,1,High Risk
16341,United Kingdom,4,1971.87,1398,60,25,202,492.97,349.5,0.0197,1,0,0.151,0,Low Risk
16342,United Kingdom,4,322.41,157,10,76,180,80.6,39.25,0.0221,1,0,0.3136,0,Medium Risk
16343,United Kingdom,2,370.48,195,29,17,17,185.24,97.5,0.1111,1,0,0.0071,0,Low Risk
16344,United Kingdom,1,101.1,18,1,159,159,101.1,18.0,0.0062,1,1,0.9913,1,High Risk
16345,United Kingdom,1,575.41,289,35,45,45,575.41,289.0,0.0217,1,0,0.0027,0,Low Risk
16347,United Kingdom,2,887.65,353,61,12,37,443.82,176.5,0.0526,1,0,0.0103,0,Low Risk
16348,United Kingdom,7,1469.45,819,157,33,241,209.92,117.0,0.0289,1,0,0.072,0,Low Risk
16349,United Kingdom,1,53.5,9,9,291,291,53.5,9.0,0.0034,1,1,0.9958,1,High Risk
16350,United Kingdom,4,1116.47,545,40,22,334,279.12,136.25,0.0119,1,0,0.392,0,Medium Risk
16351,United Kingdom,1,153.9,90,8,333,333,153.9,90.0,0.003,1,1,0.9963,1,High Risk
16352,United Kingdom,2,494.44,300,28,18,38,247.22,150.0,0.0513,1,0,0.015,0,Low Risk
16353,United Kingdom,23,6675.71,2006,51,4,370,290.25,87.22,0.062,1,0,0.036,0,Low Risk
16354,United Kingdom,2,395.8,150,38,64,74,197.9,75.0,0.0267,1,0,0.0111,0,Low Risk
16356,United Kingdom,3,211.77,93,20,198,278,70.59,31.0,0.0108,1,1,0.6964,1,Medium Risk
16357,United Kingdom,3,658.88,246,31,34,214,219.63,82.0,0.014,1,0,0.3702,0,Medium Risk
16358,United Kingdom,4,2027.5,1302,82,2,185,506.88,325.5,0.0215,1,0,0.0957,0,Low Risk
16359,United Kingdom,9,1750.92,1183,39,8,332,194.55,131.44,0.027,1,0,0.0827,0,Low Risk
16360,United Kingdom,6,3512.53,2144,365,5,89,585.42,357.33,0.0667,1,0,0.0168,0,Low Risk
16361,United Kingdom,4,896.66,421,87,10,72,224.16,105.25,0.0548,1,0,0.0161,0,Low Risk
16362,United Kingdom,5,734.77,351,58,33,92,146.95,70.2,0.0538,1,0,0.0271,0,Low Risk
16363,United Kingdom,1,109.36,52,5,54,54,109.36,52.0,0.0182,1,0,0.0083,0,Low Risk
16364,United Kingdom,2,707.04,280,48,12,138,353.52,140.0,0.0144,1,0,0.3856,0,Medium Risk
16365,United Kingdom,9,1540.42,504,45,18,368,171.16,56.0,0.0244,1,0,0.1521,0,Low Risk
16366,United Kingdom,1,327.3,256,18,19,19,327.3,256.0,0.05,1,0,0.0017,0,Low Risk
16367,United Kingdom,2,804.49,647,123,38,363,402.24,323.5,0.0055,1,0,0.6059,1,Medium Risk
16368,United Kingdom,2,497.43,260,58,3,29,248.72,130.0,0.0667,1,0,0.0063,0,Low Risk
16369,United Kingdom,3,1553.66,1035,91,19,197,517.89,345.0,0.0152,1,0,0.2126,0,Low Risk
16370,United Kingdom,4,1320.56,647,143,83,226,330.14,161.75,0.0176,1,0,0.2127,0,Low Risk
16372,United Kingdom,2,367.93,166,86,34,34,183.96,83.0,0.0571,1,0,0.0074,0,Low Risk
16374,United Kingdom,2,473.03,240,101,67,263,236.52,120.0,0.0076,1,0,0.5394,1,Medium Risk
16376,United Kingdom,2,987.01,694,104,9,18,493.5,347.0,0.1053,1,0,0.0108,0,Low Risk
16377,United Kingdom,1,676.2,1500,5,268,268,676.2,1500.0,0.0037,1,1,0.9724,1,High Risk
16378,United Kingdom,3,362.95,267,22,248,311,120.98,89.0,0.0096,1,1,0.6658,1,Medium Risk
16379,United Kingdom,4,2157.4,1410,87,5,79,539.35,352.5,0.05,1,0,0.0166,0,Low Risk
16380,United Kingdom,1,1780.59,1524,28,62,62,1780.59,1524.0,0.0159,1,0,0.0214,0,Low Risk
16383,United Kingdom,2,668.36,475,80,75,269,334.18,237.5,0.0074,1,0,0.6408,1,Medium Risk
16384,United Kingdom,2,584.5,260,33,90,264,292.25,130.0,0.0075,1,0,0.6575,1,Medium Risk
16385,United Kingdom,3,555.89,261,52,61,367,185.3,87.0,0.0082,1,0,0.5608,1,Medium Risk
16386,United Kingdom,2,317.2,224,76,29,254,158.6,112.0,0.0078,1,0,0.5769,1,Medium Risk
16387,United Kingdom,1,94.36,44,4,323,323,94.36,44.0,0.0031,1,1,0.9936,1,High Risk
16389,United Kingdom,4,1382.07,1242,33,54,284,345.52,310.5,0.014,1,0,0.2721,0,Low Risk
16392,United Kingdom,1,221.19,203,41,270,270,221.19,203.0,0.0037,1,1,0.9802,1,High Risk
16393,United Kingdom,13,3046.21,1576,120,3,370,234.32,121.23,0.035,1,0,0.0605,0,Low Risk
16394,United Kingdom,5,1555.34,2604,61,57,290,311.07,520.8,0.0172,1,0,0.1673,0,Low Risk
16395,United Kingdom,5,1486.9,1476,150,61,331,297.38,295.2,0.0151,1,0,0.1958,0,Low Risk
16398,United Kingdom,2,1705.8,758,75,155,254,852.9,379.0,0.0078,1,1,0.7222,1,High Risk
16399,United Kingdom,2,408.57,264,68,20,236,204.28,132.0,0.0084,1,0,0.6565,1,Medium Risk
16400,United Kingdom,1,303.93,172,28,95,95,303.93,172.0,0.0104,1,1,0.952,1,High Risk
16401,United Kingdom,12,4098.32,3882,66,2,328,341.53,323.5,0.0365,1,0,0.0389,0,Low Risk
16402,United Kingdom,2,299.6,149,55,265,370,149.8,74.5,0.0054,1,1,0.7556,1,High Risk
16403,United Kingdom,1,177.5,114,10,313,313,177.5,114.0,0.0032,1,1,0.9963,1,High Risk
16404,United Kingdom,1,443.05,157,23,71,71,443.05,157.0,0.0139,1,0,0.0,0,Low Risk
16405,United Kingdom,2,167.25,187,3,303,311,83.62,93.5,0.0064,1,1,0.7364,1,High Risk
16406,United Kingdom,1,163.07,122,54,19,19,163.07,122.0,0.05,1,0,0.0063,0,Low Risk
16407,United Kingdom,10,2126.93,1124,99,13,313,212.69,112.4,0.0318,1,0,0.071,0,Low Risk
16409,United Kingdom,5,2028.88,1306,145,37,318,405.78,261.2,0.0157,1,0,0.1848,0,Low Risk
16411,United Kingdom,2,214.65,132,41,20,370,107.32,66.0,0.0054,1,0,0.7143,1,High Risk
16412,United Kingdom,1,151.83,73,25,54,54,151.83,73.0,0.0182,1,0,0.0073,0,Low Risk
16413,United Kingdom,1,262.2,148,30,57,57,262.2,148.0,0.0172,1,0,0.0024,0,Low Risk
16414,United Kingdom,2,126.25,27,5,22,281,63.12,13.5,0.0071,1,0,0.7756,1,High Risk
16415,United Kingdom,1,210.35,187,45,45,45,210.35,187.0,0.0217,1,0,0.002,0,Low Risk
16416,United Kingdom,3,1051.4,672,59,27,57,350.47,224.0,0.0517,1,0,0.0087,0,Low Risk
16418,United Kingdom,3,675.27,288,76,45,227,225.09,96.0,0.0132,1,0,0.3294,0,Medium Risk
16419,United Kingdom,6,972.23,436,36,113,312,162.04,72.67,0.0192,1,1,0.2732,0,Low Risk
16422,United Kingdom,51,34684.4,33704,68,18,370,680.09,660.86,0.1375,1,0,0.0493,0,Low Risk
16423,United Kingdom,1,346.12,230,18,25,25,346.12,230.0,0.0385,1,0,0.0017,0,Low Risk
16424,United Kingdom,1,133.56,88,5,192,192,133.56,88.0,0.0052,1,1,0.9964,1,High Risk
16425,United Kingdom,1,302.7,199,21,303,303,302.7,199.0,0.0033,1,1,0.997,1,High Risk
16426,United Kingdom,10,1908.25,1243,211,3,277,190.82,124.3,0.036,1,0,0.0491,0,Low Risk
16427,United Kingdom,2,241.06,156,8,264,285,120.53,78.0,0.007,1,1,0.7728,1,High Risk
16429,United Kingdom,1,284.55,9,2,107,107,284.55,9.0,0.0093,1,1,0.9864,1,High Risk
16430,United Kingdom,1,300.85,103,6,58,58,300.85,103.0,0.0169,1,0,0.0067,0,Low Risk
16431,United Kingdom,3,642.81,453,51,214,298,214.27,151.0,0.01,1,1,0.6077,1,Medium Risk
16432,United Kingdom,1,287.4,276,8,65,65,287.4,276.0,0.0152,1,0,0.0017,0,Low Risk
16433,United Kingdom,1,184.26,106,17,29,29,184.26,106.0,0.0333,1,0,0.0092,0,Low Risk
16434,United Kingdom,7,1522.25,767,88,30,300,217.46,109.57,0.0233,1,0,0.0869,0,Low Risk
16438,United Kingdom,5,798.35,463,74,6,83,159.67,92.6,0.0595,1,0,0.0309,0,Low Risk
16440,United Kingdom,5,3640.67,2018,186,8,215,728.13,403.6,0.0231,1,0,0.052,0,Low Risk
16441,United Kingdom,2,381.2,173,22,68,292,190.6,86.5,0.0068,1,0,0.7082,1,High Risk
16442,United Kingdom,3,616.79,446,161,2,361,205.6,148.67,0.0083,1,0,0.4271,0,Medium Risk
16444,United Kingdom,4,654.67,407,68,47,265,163.67,101.75,0.015,1,0,0.3387,0,Medium Risk
16445,United Kingdom,1,230.51,111,62,34,34,230.51,111.0,0.0286,1,0,0.006,0,Low Risk
16446,United Kingdom,2,168472.5,80997,3,1,206,84236.25,40498.5,0.0097,1,0,0.6423,1,Medium Risk
16447,United Kingdom,1,259.01,223,34,136,136,259.01,223.0,0.0073,1,1,0.9675,1,High Risk
16448,United Kingdom,1,188.89,78,19,199,199,188.89,78.0,0.005,1,1,0.9927,1,High Risk
16449,United Kingdom,2,707.69,367,40,198,281,353.84,183.5,0.0071,1,1,0.6949,1,Medium Risk
16450,United Kingdom,1,311.92,200,11,150,150,311.92,200.0,0.0066,1,1,0.9891,1,High Risk
16451,United Kingdom,1,266.97,120,14,88,88,266.97,120.0,0.0112,1,0,0.006,0,Low Risk
16454,United Kingdom,2,6.9,3,2,45,65,3.45,1.5,0.0303,1,0,0.028,0,Low Risk
16455,United Kingdom,7,1841.18,988,69,64,372,263.03,141.14,0.0188,1,0,0.1525,0,Low Risk
16456,United Kingdom,5,2158.37,1148,80,100,374,431.67,229.6,0.0133,1,1,0.4031,0,Medium Risk
16457,United Kingdom,1,208.36,140,9,219,219,208.36,140.0,0.0045,1,1,0.9957,1,High Risk
16458,United Kingdom,18,3482.74,2154,52,3,361,193.49,119.67,0.0497,1,0,0.0422,0,Low Risk
16460,United Kingdom,3,814.72,879,128,29,82,271.57,293.0,0.0361,1,0,0.0142,0,Low Risk
16461,United Kingdom,1,151.42,49,31,178,178,151.42,49.0,0.0056,1,1,0.983,1,High Risk
16462,United Kingdom,3,136.0,16,1,74,284,45.33,5.33,0.0105,1,0,0.5738,1,Medium Risk
16463,United Kingdom,4,1422.4,1163,74,22,205,355.6,290.75,0.0194,1,0,0.164,0,Low Risk
16464,United Kingdom,3,1314.68,963,152,20,143,438.23,321.0,0.0208,1,0,0.0796,0,Low Risk
16466,United Kingdom,7,1603.46,789,103,34,293,229.07,112.71,0.0238,1,0,0.0829,0,Low Risk
16468,United Kingdom,1,74.9,31,2,75,75,74.9,31.0,0.0132,1,0,0.0053,0,Low Risk
16469,United Kingdom,4,650.43,273,148,24,247,162.61,68.25,0.0161,1,0,0.2652,0,Low Risk
16470,United Kingdom,4,762.39,531,120,52,359,190.6,132.75,0.0111,1,0,0.4038,0,Medium Risk
16471,United Kingdom,1,223.95,141,13,275,275,223.95,141.0,0.0036,1,1,0.9958,1,High Risk
16473,United Kingdom,3,316.11,196,18,165,337,105.37,65.33,0.0089,1,1,0.7057,1,High Risk
16474,United Kingdom,7,1871.5,943,237,8,146,267.36,134.71,0.0476,1,0,0.0426,0,Low Risk
16475,United Kingdom,4,544.3,319,23,89,274,136.07,79.75,0.0145,1,0,0.4585,0,Medium Risk
16477,United Kingdom,7,2494.46,1415,111,64,372,356.35,202.14,0.0188,1,0,0.1167,0,Low Risk
16478,United Kingdom,3,331.0,224,15,26,66,110.33,74.67,0.0448,1,0,0.0118,0,Low Risk
16479,United Kingdom,2,300.83,102,35,11,11,150.42,51.0,0.1667,1,0,0.0236,0,Low Risk
16480,United Kingdom,1,769.29,455,51,76,76,769.29,455.0,0.013,1,0,0.0101,0,Low Risk
16482,United Kingdom,1,220.62,346,18,16,16,220.62,346.0,0.0588,1,0,0.0017,0,Low Risk
16483,United Kingdom,1,139.35,44,19,193,193,139.35,44.0,0.0052,1,1,0.9934,1,High Risk
16484,United Kingdom,2,404.3,200,25,174,191,202.15,100.0,0.0104,1,1,0.615,1,Medium Risk
16485,United Kingdom,1,363.65,235,41,78,78,363.65,235.0,0.0127,1,0,0.0034,0,Low Risk
16488,United Kingdom,3,498.8,728,28,34,149,166.27,242.67,0.02,1,0,0.2103,0,Low Risk
16491,United Kingdom,1,731.5,478,39,47,47,731.5,478.0,0.0208,1,0,0.0054,0,Low Risk
16493,United Kingdom,4,1351.63,1164,40,80,330,337.91,291.0,0.0121,1,0,0.3305,0,Medium Risk
16494,United Kingdom,1,826.53,675,47,297,297,826.53,675.0,0.0034,1,1,0.9734,1,High Risk
16495,United Kingdom,3,684.41,337,78,4,277,228.14,112.33,0.0108,1,0,0.5095,1,Medium Risk
16496,United Kingdom,3,1599.52,1111,92,9,317,533.17,370.33,0.0094,1,0,0.5822,1,Medium Risk
16497,United Kingdom,6,2965.69,1396,128,50,334,494.28,232.67,0.0179,1,0,0.1474,0,Low Risk
16498,United Kingdom,2,100.97,45,15,162,163,50.48,22.5,0.0122,1,1,0.6841,1,Medium Risk
16499,United Kingdom,2,365.45,127,18,361,365,182.72,63.5,0.0055,1,1,0.7971,1,High Risk
16500,United Kingdom,6,400.86,123,8,5,331,66.81,20.5,0.0181,1,0,0.4624,0,Medium Risk
16503,United Kingdom,4,1431.93,569,71,107,361,357.98,142.25,0.011,1,1,0.4497,0,Medium Risk
16504,United Kingdom,1,484.38,524,76,26,26,484.38,524.0,0.037,1,0,0.002,0,Low Risk
16505,United Kingdom,1,777.6,576,4,32,32,777.6,576.0,0.0303,1,0,0.0054,0,Low Risk
16506,United Kingdom,2,90.3,42,3,20,41,45.15,21.0,0.0476,1,0,0.0297,0,Low Risk
16509,United Kingdom,1,363.7,64,13,297,297,363.7,64.0,0.0034,1,1,0.9919,1,High Risk
16510,United Kingdom,1,248.1,92,13,373,373,248.1,92.0,0.0027,1,1,0.9949,1,High Risk
16511,United Kingdom,3,950.26,417,135,22,267,316.75,139.0,0.0112,1,0,0.4026,0,Medium Risk
16513,United Kingdom,4,874.59,407,33,5,44,218.65,101.75,0.0889,1,0,0.0141,0,Low Risk
16515,United Kingdom,5,1627.13,833,89,53,312,325.43,166.6,0.016,1,0,0.232,0,Low Risk
16516,United Kingdom,1,101.7,58,6,31,31,101.7,58.0,0.0312,1,0,0.0064,0,Low Risk
16517,United Kingdom,1,162.7,96,17,278,278,162.7,96.0,0.0036,1,1,0.9963,1,High Risk
16518,United Kingdom,2,484.32,327,36,62,285,242.16,163.5,0.007,1,0,0.6721,1,Medium Risk
16519,United Kingdom,2,215.08,54,13,26,366,107.54,27.0,0.0054,1,0,0.7995,1,High Risk
16520,United Kingdom,3,1046.57,558,129,187,366,348.86,186.0,0.0082,1,1,0.5614,1,Medium Risk
16523,United Kingdom,21,9418.47,4265,151,2,316,448.5,203.1,0.0662,1,0,0.0217,0,Low Risk
16525,United Kingdom,26,13027.45,7397,75,3,367,501.06,284.5,0.0707,1,0,0.0328,0,Low Risk
16526,United Kingdom,1,290.36,106,15,172,172,290.36,106.0,0.0058,1,1,0.9888,1,High Risk
16527,United Kingdom,1,228.06,106,14,82,82,228.06,106.0,0.012,1,0,0.006,0,Low Risk
16528,United Kingdom,1,244.41,171,17,4,4,244.41,171.0,0.2,1,0,0.0009,0,Low Risk
16529,United Kingdom,1,455.25,198,30,191,191,455.25,198.0,0.0052,1,1,0.9893,1,High Risk
16531,United Kingdom,7,1244.59,915,68,23,361,177.8,130.71,0.0193,1,0,0.141,0,Low Risk
16532,United Kingdom,3,6748.8,2016,2,18,339,2249.6,672.0,0.0088,1,0,0.5864,1,Medium Risk
16533,United Kingdom,3,1095.56,612,112,20,69,365.19,204.0,0.0429,1,0,0.0122,0,Low Risk
16535,United Kingdom,1,593.75,356,31,6,6,593.75,356.0,0.1429,1,0,0.0021,0,Low Risk
16536,United Kingdom,1,548.97,251,49,111,111,548.97,251.0,0.0089,1,1,0.97,1,High Risk
16539,United Kingdom,4,1388.81,477,36,3,374,347.2,119.25,0.0107,1,0,0.5441,1,Medium Risk
16542,United Kingdom,1,119.62,46,5,54,54,119.62,46.0,0.0182,1,0,0.0067,0,Low Risk
16545,United Kingdom,1,339.3,78,3,165,165,339.3,78.0,0.006,1,1,0.9871,1,High Risk
16546,United Kingdom,2,787.15,549,25,291,373,393.58,274.5,0.0053,1,1,0.6726,1,Medium Risk
16549,United Kingdom,10,4154.64,2365,445,11,335,415.46,236.5,0.0298,1,0,0.027,0,Low Risk
16550,United Kingdom,5,2298.97,1540,162,109,369,459.79,308.0,0.0135,1,1,0.2701,0,Low Risk
16551,United Kingdom,3,922.12,970,26,96,337,307.37,323.33,0.0089,1,1,0.6038,1,Medium Risk
16552,United Kingdom,2,379.73,219,17,243,374,189.86,109.5,0.0053,1,1,0.7124,1,High Risk
16553,United Kingdom,12,5719.82,4600,62,164,361,476.65,383.33,0.0331,1,1,0.0411,0,Low Risk
16554,United Kingdom,3,837.1,402,51,43,332,279.03,134.0,0.009,1,0,0.5702,1,Medium Risk
16555,United Kingdom,2,285.89,175,15,36,110,142.94,87.5,0.018,1,0,0.2619,0,Low Risk
16556,United Kingdom,7,3313.79,1890,144,67,361,473.4,270.0,0.0193,1,0,0.0951,0,Low Risk
16557,United Kingdom,2,281.85,111,11,25,138,140.93,55.5,0.0144,1,0,0.4631,0,Medium Risk
16558,United Kingdom,20,8338.49,5377,264,1,367,416.92,268.85,0.0543,1,0,0.017,0,Low Risk
16560,United Kingdom,2,841.41,500,52,27,359,420.7,250.0,0.0056,1,0,0.6596,1,Medium Risk
16561,United Kingdom,2,511.12,244,29,6,60,255.56,122.0,0.0328,1,0,0.006,0,Low Risk
16563,United Kingdom,1,1077.74,486,19,54,54,1077.74,486.0,0.0182,1,0,0.0072,0,Low Risk
16565,United Kingdom,1,173.7,46,3,365,365,173.7,46.0,0.0027,1,1,0.9924,1,High Risk
16566,United Kingdom,5,614.66,362,14,16,293,122.93,72.4,0.017,1,0,0.4204,0,Medium Risk
16567,United Kingdom,2,865.6,996,34,195,337,432.8,498.0,0.0059,1,1,0.6875,1,Medium Risk
16569,United Kingdom,1,124.2,93,5,4,4,124.2,93.0,0.2,1,0,0.0066,0,Low Risk
16570,United Kingdom,10,3738.4,2112,68,16,312,373.84,211.2,0.0319,1,0,0.0563,0,Low Risk
16571,United Kingdom,3,1421.69,1239,73,27,282,473.9,413.0,0.0106,1,0,0.567,1,Medium Risk
16572,United Kingdom,3,1009.6,532,40,128,276,336.53,177.33,0.0108,1,1,0.5911,1,Medium Risk
16573,United Kingdom,2,663.61,360,40,85,291,331.8,180.0,0.0068,1,0,0.6745,1,Medium Risk
16574,United Kingdom,1,451.44,416,28,72,72,451.44,416.0,0.0137,1,0,0.0093,0,Low Risk
16581,United Kingdom,1,105.84,134,9,183,183,105.84,134.0,0.0054,1,1,0.996,1,High Risk
16582,United Kingdom,1,313.62,164,6,114,114,313.62,164.0,0.0087,1,1,0.9868,1,High Risk
16583,United Kingdom,1,233.45,111,14,374,374,233.45,111.0,0.0027,1,1,0.9959,1,High Risk
16584,United Kingdom,2,936.08,646,25,81,255,468.04,323.0,0.0078,1,0,0.6858,1,Medium Risk
16586,United Kingdom,1,463.95,95,8,249,249,463.95,95.0,0.004,1,1,0.9945,1,High Risk
16587,United Kingdom,1,225.15,71,13,233,233,225.15,71.0,0.0043,1,1,0.9941,1,High Risk
16589,United Kingdom,3,459.24,368,31,72,162,153.08,122.67,0.0184,1,0,0.359,0,Medium Risk
16591,United Kingdom,1,213.5,41,10,69,69,213.5,41.0,0.0143,1,0,0.0004,0,Low Risk
16592,United Kingdom,16,4113.68,2927,142,5,288,257.1,182.94,0.0554,1,0,0.0221,0,Low Risk
16593,United Kingdom,3,330.03,116,24,51,328,110.01,38.67,0.0091,1,0,0.7337,1,High Risk
16594,United Kingdom,1,181.09,64,53,76,76,181.09,64.0,0.013,1,0,0.0092,0,Low Risk
16595,United Kingdom,1,360.16,335,83,62,62,360.16,335.0,0.0159,1,0,0.0027,0,Low Risk
16596,United Kingdom,2,250.15,97,12,16,367,125.08,48.5,0.0054,1,0,0.7917,1,High Risk
16597,United Kingdom,1,90.04,184,7,5,5,90.04,184.0,0.1667,1,0,0.0007,0,Low Risk
16598,United Kingdom,1,145.05,73,10,286,286,145.05,73.0,0.0035,1,1,0.9961,1,High Risk
16600,United Kingdom,6,813.52,1145,50,5,339,135.59,190.83,0.0176,1,0,0.2413,0,Low Risk
16601,United Kingdom,1,244.8,134,29,41,41,244.8,134.0,0.0238,1,0,0.0061,0,Low Risk
16602,United Kingdom,1,528.08,336,29,37,37,528.08,336.0,0.0263,1,0,0.0027,0,Low Risk
16603,United Kingdom,2,482.47,480,34,75,92,241.24,240.0,0.0215,1,0,0.0151,0,Low Risk
16607,United Kingdom,14,3347.71,2859,140,18,359,239.12,204.21,0.0389,1,0,0.034,0,Low Risk
16609,United Kingdom,7,5493.46,2420,155,16,253,784.78,345.71,0.0276,1,0,0.0411,0,Low Risk
16610,United Kingdom,1,75.66,66,6,220,220,75.66,66.0,0.0045,1,1,0.9964,1,High Risk
16611,United Kingdom,1,129.49,47,9,187,187,129.49,47.0,0.0053,1,1,0.9904,1,High Risk
16612,United Kingdom,4,1187.66,506,48,33,312,296.92,126.5,0.0128,1,0,0.3587,0,Medium Risk
16613,United Kingdom,1,618.59,293,30,71,71,618.59,293.0,0.0139,1,0,0.0054,0,Low Risk
16614,United Kingdom,1,506.19,223,26,183,183,506.19,223.0,0.0054,1,1,0.9824,1,High Risk
16616,United Kingdom,2,500.42,370,31,16,158,250.21,185.0,0.0126,1,0,0.556,1,Medium Risk
16617,United Kingdom,1,151.85,91,5,236,236,151.85,91.0,0.0042,1,1,0.9965,1,High Risk
16618,United Kingdom,5,2647.59,1363,79,32,323,529.52,272.6,0.0154,1,0,0.2138,0,Low Risk
16619,United Kingdom,1,226.21,133,14,264,264,226.21,133.0,0.0038,1,1,0.9958,1,High Risk
16620,United Kingdom,2,178.96,88,9,4,261,89.48,44.0,0.0076,1,0,0.7623,1,High Risk
16621,United Kingdom,4,813.48,302,22,52,278,203.37,75.5,0.0143,1,0,0.3466,0,Medium Risk
16623,United Kingdom,1,129.45,39,5,246,246,129.45,39.0,0.004,1,1,0.9948,1,High Risk
16624,United Kingdom,2,810.57,488,44,81,198,405.28,244.0,0.0101,1,0,0.5833,1,Medium Risk
16625,United Kingdom,1,333.08,164,23,275,275,333.08,164.0,0.0036,1,1,0.997,1,High Risk
16626,United Kingdom,17,4413.1,2690,86,1,267,259.59,158.24,0.0634,1,0,0.0324,0,Low Risk
16627,United Kingdom,1,322.8,162,20,80,80,322.8,162.0,0.0123,1,0,0.0046,0,Low Risk
16628,United Kingdom,5,2188.05,1205,79,30,235,437.61,241.0,0.0212,1,0,0.1119,0,Low Risk
16629,United Kingdom,2,417.73,493,58,74,97,208.86,246.5,0.0204,1,0,0.0978,0,Low Risk
16633,United Kingdom,6,2883.1,1138,115,18,235,480.52,189.67,0.0254,1,0,0.0872,0,Low Risk
16634,United Kingdom,2,217.9,82,9,223,373,108.95,41.0,0.0053,1,1,0.7932,1,High Risk
16637,United Kingdom,4,1154.47,927,66,33,226,288.62,231.75,0.0176,1,0,0.2414,0,Low Risk
16638,United Kingdom,10,1680.72,1255,92,23,369,168.07,125.5,0.027,1,0,0.0772,0,Low Risk
16639,United Kingdom,3,1257.51,510,48,32,236,419.17,170.0,0.0127,1,0,0.3826,0,Medium Risk
16641,United Kingdom,1,231.1,256,12,106,106,231.1,256.0,0.0093,1,1,0.9863,1,High Risk
16642,United Kingdom,2,688.33,479,32,5,208,344.16,239.5,0.0096,1,0,0.6425,1,Medium Risk
16643,United Kingdom,1,487.51,269,27,246,246,487.51,269.0,0.004,1,1,0.9902,1,High Risk
16644,United Kingdom,2,833.78,826,62,178,213,416.89,413.0,0.0093,1,1,0.6275,1,Medium Risk
16647,United Kingdom,2,214.06,146,12,170,205,107.03,73.0,0.0097,1,1,0.6812,1,Medium Risk
16648,United Kingdom,1,290.66,281,19,43,43,290.66,281.0,0.0227,1,0,0.002,0,Low Risk
16650,United Kingdom,1,518.42,372,24,72,72,518.42,372.0,0.0137,1,0,0.0097,0,Low Risk
16652,United Kingdom,7,6773.97,3283,74,59,274,967.71,469.0,0.0255,1,0,0.055,0,Low Risk
16653,United Kingdom,2,1212.66,733,67,17,72,606.33,366.5,0.0274,1,0,0.0079,0,Low Risk
16654,United Kingdom,4,601.27,282,29,142,369,150.32,70.5,0.0108,1,1,0.6617,1,Medium Risk
16655,United Kingdom,6,3794.52,2367,208,18,332,632.42,394.5,0.018,1,0,0.0931,0,Low Risk
16656,United Kingdom,15,8625.8,8894,14,23,365,575.05,592.93,0.041,1,0,0.0691,0,Low Risk
16657,United Kingdom,4,933.62,1229,158,10,255,233.4,307.25,0.0156,1,0,0.2049,0,Low Risk
16658,United Kingdom,1,123.24,40,8,369,369,123.24,40.0,0.0027,1,1,0.997,1,High Risk
16659,United Kingdom,1,39.12,72,2,190,190,39.12,72.0,0.0052,1,1,0.9968,1,High Risk
16660,United Kingdom,4,1267.65,571,16,17,320,316.91,142.75,0.0125,1,0,0.4081,0,Medium Risk
16665,United Kingdom,1,135.4,59,9,363,363,135.4,59.0,0.0027,1,1,0.9945,1,High Risk
16666,United Kingdom,1,118.98,233,32,20,20,118.98,233.0,0.0476,1,0,0.002,0,Low Risk
16667,United Kingdom,2,570.13,237,52,69,285,285.06,118.5,0.007,1,0,0.5884,1,Medium Risk
16668,United Kingdom,6,306.72,318,9,16,285,51.12,53.0,0.021,1,0,0.3072,0,Medium Risk
16669,United Kingdom,3,1374.87,888,141,24,79,458.29,296.0,0.0375,1,0,0.0131,0,Low Risk
16670,United Kingdom,11,4095.9,2556,179,17,359,372.35,232.36,0.0306,1,0,0.027,0,Low Risk
16671,United Kingdom,3,1692.27,875,3,29,165,564.09,291.67,0.0181,1,0,0.3299,0,Medium Risk
16672,United Kingdom,20,8134.94,2832,22,3,267,406.75,141.6,0.0746,1,0,0.0775,0,Low Risk
16674,United Kingdom,2,319.61,188,89,55,99,159.8,94.0,0.02,1,0,0.1088,0,Low Risk
16676,United Kingdom,4,1592.12,636,75,34,338,398.03,159.0,0.0118,1,0,0.3922,0,Medium Risk
16678,United Kingdom,12,3109.99,2397,92,3,283,259.17,199.75,0.0423,1,0,0.0388,0,Low Risk
16679,United Kingdom,1,129.75,29,3,367,367,129.75,29.0,0.0027,1,1,0.997,1,High Risk
16680,United Kingdom,1,183.7,94,10,44,44,183.7,94.0,0.0222,1,0,0.0094,0,Low Risk
16681,United Kingdom,6,1770.34,1407,18,73,254,295.06,234.5,0.0235,1,0,0.0983,0,Low Risk
16682,United Kingdom,5,1028.0,1040,15,5,188,205.6,208.0,0.0265,1,0,0.1024,0,Low Risk
16684,United Kingdom,28,66653.56,50255,119,5,359,2380.48,1794.82,0.0778,1,0,0.0306,0,Low Risk
16685,United Kingdom,2,324.24,396,60,62,62,162.12,198.0,0.0317,1,0,0.0117,0,Low Risk
16686,United Kingdom,7,3062.83,2030,406,48,356,437.55,290.0,0.0196,1,0,0.0817,0,Low Risk
16688,United Kingdom,4,1260.86,804,52,2,61,315.21,201.0,0.0645,1,0,0.0193,0,Low Risk
16689,United Kingdom,2,422.6,330,12,76,83,211.3,165.0,0.0238,1,0,0.0201,0,Low Risk
16690,United Kingdom,2,225.58,138,10,73,202,112.79,69.0,0.0099,1,0,0.6703,1,Medium Risk
16692,United Kingdom,2,1276.0,152,2,257,290,638.0,76.0,0.0069,1,1,0.7752,1,High Risk
16693,United Kingdom,2,482.01,204,58,69,272,241.0,102.0,0.0073,1,0,0.5999,1,Medium Risk
16696,United Kingdom,4,657.9,146,7,136,249,164.48,36.5,0.016,1,1,0.4731,0,Medium Risk
16697,United Kingdom,1,112.75,27,20,242,242,112.75,27.0,0.0041,1,1,0.9976,1,High Risk
16698,United Kingdom,2,1998.0,840,4,227,254,999.0,420.0,0.0078,1,1,0.7604,1,High Risk
16700,United Kingdom,13,5076.55,4024,159,9,367,390.5,309.54,0.0353,1,0,0.0201,0,Low Risk
16701,United Kingdom,13,5398.3,6393,99,9,362,415.25,491.77,0.0358,1,0,0.0451,0,Low Risk
16705,United Kingdom,20,14034.99,5476,133,1,359,701.75,273.8,0.0556,1,0,0.0226,0,Low Risk
16706,United Kingdom,3,531.35,249,108,38,115,177.12,83.0,0.0259,1,0,0.0791,0,Low Risk
16708,United Kingdom,1,656.63,285,27,46,46,656.63,285.0,0.0213,1,0,0.0076,0,Low Risk
16709,United Kingdom,5,3029.87,851,64,85,282,605.97,170.2,0.0177,1,0,0.2163,0,Low Risk
16710,United Kingdom,10,2483.04,1836,268,20,369,248.3,183.6,0.027,1,0,0.044,0,Low Risk
16711,United Kingdom,5,1651.03,833,18,4,358,330.21,166.6,0.0139,1,0,0.3135,0,Medium Risk
16712,United Kingdom,11,3645.43,1749,259,10,277,331.4,159.0,0.0396,1,0,0.0392,0,Low Risk
16713,United Kingdom,15,6923.13,4276,338,19,367,461.54,285.07,0.0408,1,0,0.017,0,Low Risk
16714,United Kingdom,3,1161.53,610,77,219,318,387.18,203.33,0.0094,1,1,0.5628,1,Medium Risk
16715,United Kingdom,1,301.72,642,19,79,79,301.72,642.0,0.0125,1,0,0.0142,0,Low Risk
16716,United Kingdom,2,901.2,120,1,267,312,450.6,60.0,0.0064,1,1,0.7741,1,High Risk
16717,United Kingdom,6,3858.38,1866,176,24,367,643.06,311.0,0.0163,1,0,0.1091,0,Low Risk
16718,United Kingdom,1,623.75,413,41,370,370,623.75,413.0,0.0027,1,1,0.9781,1,High Risk
16719,United Kingdom,7,1790.42,1204,107,15,369,255.77,172.0,0.0189,1,0,0.1244,0,Low Risk
16720,United Kingdom,1,155.24,182,25,27,27,155.24,182.0,0.0357,1,0,0.0008,0,Low Risk
16721,United Kingdom,1,292.47,172,37,263,263,292.47,172.0,0.0038,1,1,0.9895,1,High Risk
16722,United Kingdom,13,4730.81,5001,96,18,369,363.91,384.69,0.0351,1,0,0.0246,0,Low Risk
16723,United Kingdom,2,589.15,399,37,92,108,294.58,199.5,0.0183,1,1,0.3159,0,Medium Risk
16725,United Kingdom,7,781.02,294,110,303,372,111.57,42.0,0.0188,1,1,0.3829,0,Medium Risk
16726,United Kingdom,5,1382.02,977,121,27,362,276.4,195.4,0.0138,1,0,0.2336,0,Low Risk
16727,United Kingdom,1,272.82,177,41,365,365,272.82,177.0,0.0027,1,1,0.9848,1,High Risk
16728,United Kingdom,4,1054.67,677,218,47,265,263.67,169.25,0.015,1,0,0.2528,0,Low Risk
16729,United Kingdom,21,7239.92,5783,234,39,242,344.76,275.38,0.0864,1,0,0.0228,0,Low Risk
16730,United Kingdom,3,743.11,994,75,53,320,247.7,331.33,0.0093,1,0,0.5324,1,Medium Risk
16732,United Kingdom,1,603.75,317,28,32,32,603.75,317.0,0.0303,1,0,0.0057,0,Low Risk
16734,United Kingdom,3,650.51,346,44,53,115,216.84,115.33,0.0259,1,0,0.0992,0,Low Risk
16735,United Kingdom,5,2300.56,1573,88,79,335,460.11,314.6,0.0149,1,0,0.2008,0,Low Risk
16737,United Kingdom,1,417.6,288,1,54,54,417.6,288.0,0.0182,1,0,0.0046,0,Low Risk
16738,United Kingdom,1,3.75,3,1,298,298,3.75,3.0,0.0033,1,1,0.9973,1,High Risk
16739,United Kingdom,1,323.0,172,13,177,177,323.0,172.0,0.0056,1,1,0.988,1,High Risk
16742,United Kingdom,1,464.9,1,1,47,47,464.9,1.0,0.0208,1,0,0.0098,0,Low Risk
16743,United Kingdom,7,2238.09,2047,89,30,359,319.73,292.43,0.0194,1,0,0.093,0,Low Risk
16744,United Kingdom,7,1304.76,805,198,12,174,186.39,115.0,0.04,1,0,0.0561,0,Low Risk
16745,United Kingdom,17,7194.3,6735,148,87,312,423.19,396.18,0.0543,1,0,0.0196,0,Low Risk
16746,United Kingdom,18,6697.66,4665,234,5,359,372.09,259.17,0.05,1,0,0.017,0,Low Risk
16747,United Kingdom,2,836.06,583,34,38,68,418.03,291.5,0.029,1,0,0.0051,0,Low Risk
16748,United Kingdom,5,1515.9,880,42,18,335,303.18,176.0,0.0149,1,0,0.2847,0,Low Risk
16750,United Kingdom,5,623.93,214,74,45,233,124.79,42.8,0.0214,1,0,0.2004,0,Low Risk
16751,United Kingdom,1,1764.72,1031,24,31,31,1764.72,1031.0,0.0312,1,0,0.0083,0,Low Risk
16752,United Kingdom,1,207.5,54,9,373,373,207.5,54.0,0.0027,1,1,0.9915,1,High Risk
16753,United Kingdom,1,223.92,189,34,59,59,223.92,189.0,0.0167,1,0,0.0024,0,Low Risk
16754,United Kingdom,1,2002.4,4280,2,373,373,2002.4,4280.0,0.0027,1,1,0.9751,1,High Risk
16755,United Kingdom,3,1496.83,1064,133,115,316,498.94,354.67,0.0095,1,1,0.59,1,Medium Risk
16756,United Kingdom,1,239.4,106,13,215,215,239.4,106.0,0.0046,1,1,0.9958,1,High Risk
16757,United Kingdom,1,106.83,81,7,319,319,106.83,81.0,0.0031,1,1,0.9966,1,High Risk
16758,United Kingdom,1,369.34,203,22,66,66,369.34,203.0,0.0149,1,0,0.0014,0,Low Risk
16759,United Kingdom,3,789.79,609,40,8,31,263.26,203.0,0.0938,1,0,0.0076,0,Low Risk
16761,United Kingdom,1,316.62,341,13,97,97,316.62,341.0,0.0102,1,1,0.9755,1,High Risk
16762,United Kingdom,3,1501.38,618,51,20,145,500.46,206.0,0.0205,1,0,0.1187,0,Low Risk
16763,United Kingdom,1,611.85,319,23,199,199,611.85,319.0,0.005,1,1,0.9881,1,High Risk
16764,United Kingdom,13,2799.25,1259,209,4,144,215.33,96.85,0.0897,1,0,0.0421,0,Low Risk
16765,United Kingdom,1,34.0,4,1,295,295,34.0,4.0,0.0034,1,1,0.9944,1,High Risk
16766,United Kingdom,2,1145.6,536,17,274,274,572.8,268.0,0.0073,1,1,0.7394,1,High Risk
16767,United Kingdom,11,5580.6,4435,148,31,317,507.33,403.18,0.0346,1,0,0.0245,0,Low Risk
16768,United Kingdom,3,478.09,196,47,48,272,159.36,65.33,0.011,1,0,0.5228,1,Medium Risk
16769,United Kingdom,1,380.39,83,33,261,261,380.39,83.0,0.0038,1,1,0.9853,1,High Risk
16770,United Kingdom,5,770.1,464,116,58,373,154.02,92.8,0.0134,1,0,0.372,0,Medium Risk
16771,United Kingdom,5,2246.81,1489,200,34,339,449.36,297.8,0.0147,1,0,0.1962,0,Low Risk
16773,United Kingdom,1,171.59,171,23,58,58,171.59,171.0,0.0169,1,0,0.0011,0,Low Risk
16774,United Kingdom,4,661.52,322,36,68,179,165.38,80.5,0.0222,1,0,0.1702,0,Low Risk
16775,United Kingdom,11,1695.66,440,84,11,368,154.15,40.0,0.0298,1,0,0.1743,0,Low Risk
16776,United Kingdom,1,388.28,262,61,61,61,388.28,262.0,0.0161,1,0,0.0059,0,Low Risk
16777,United Kingdom,2,226.35,64,45,81,258,113.18,32.0,0.0077,1,0,0.6852,1,Medium Risk
16778,United Kingdom,2,245.94,194,16,75,275,122.97,97.0,0.0072,1,0,0.7033,1,High Risk
16779,United Kingdom,22,10629.72,5325,161,3,367,483.17,242.05,0.0598,1,0,0.0203,0,Low Risk
16780,United Kingdom,2,425.19,271,51,101,260,212.6,135.5,0.0077,1,1,0.696,1,Medium Risk
16781,United Kingdom,1,311.25,113,17,373,373,311.25,113.0,0.0027,1,1,0.9955,1,High Risk
16782,United Kingdom,13,2279.9,712,103,11,366,175.38,54.77,0.0354,1,0,0.0974,0,Low Risk
16784,United Kingdom,1,107.6,24,3,20,20,107.6,24.0,0.0476,1,0,0.0014,0,Low Risk
16788,United Kingdom,2,597.48,311,138,124,255,298.74,155.5,0.0078,1,1,0.599,1,Medium Risk
16789,United Kingdom,1,80.8,32,5,9,9,80.8,32.0,0.1,1,0,0.0041,0,Low Risk
16790,United Kingdom,6,1545.62,898,88,4,38,257.6,149.67,0.1538,1,0,0.0216,0,Low Risk
16791,United Kingdom,7,1721.78,763,218,30,333,245.97,109.0,0.021,1,0,0.0917,0,Low Risk
16792,United Kingdom,2,110.38,44,11,283,283,55.19,22.0,0.007,1,1,0.8034,1,High Risk
16793,United Kingdom,1,243.84,146,16,58,58,243.84,146.0,0.0169,1,0,0.0016,0,Low Risk
16794,United Kingdom,10,1222.71,937,142,2,181,122.27,93.7,0.0549,1,0,0.0783,0,Low Risk
16795,United Kingdom,1,414.88,239,64,366,366,414.88,239.0,0.0027,1,1,0.9733,1,High Risk
16796,United Kingdom,1,305.62,186,18,90,90,305.62,186.0,0.011,1,0,0.0007,0,Low Risk
16800,United Kingdom,1,1201.49,540,148,12,12,1201.49,540.0,0.0769,1,0,0.0097,0,Low Risk
16801,United Kingdom,4,1619.73,499,72,164,274,404.93,124.75,0.0145,1,1,0.3282,0,Medium Risk
16803,United Kingdom,1,332.3,245,24,66,66,332.3,245.0,0.0149,1,0,0.0056,0,Low Risk
16804,United Kingdom,3,536.99,246,59,24,271,179.0,82.0,0.011,1,0,0.4764,0,Medium Risk
16805,United Kingdom,2,460.59,539,94,174,361,230.3,269.5,0.0055,1,1,0.6684,1,Medium Risk
16806,United Kingdom,4,801.49,378,68,104,240,200.37,94.5,0.0166,1,1,0.2557,0,Low Risk
16807,United Kingdom,3,1121.59,778,57,143,271,373.86,259.33,0.011,1,1,0.4706,0,Medium Risk
16808,United Kingdom,2,288.42,196,21,100,275,144.21,98.0,0.0072,1,1,0.7166,1,High Risk
16809,United Kingdom,5,914.69,652,79,24,263,182.94,130.4,0.0189,1,0,0.2022,0,Low Risk
16810,United Kingdom,1,309.54,114,15,193,193,309.54,114.0,0.0052,1,1,0.9939,1,High Risk
16811,United Kingdom,2,547.07,477,26,5,18,273.54,238.5,0.1053,1,0,0.0132,0,Low Risk
16812,United Kingdom,1,479.35,81,15,361,361,479.35,81.0,0.0028,1,1,0.9907,1,High Risk
16813,United Kingdom,10,1692.98,1525,248,9,205,169.3,152.5,0.0485,1,0,0.0525,0,Low Risk
16814,United Kingdom,21,6509.1,2769,122,15,370,309.96,131.86,0.0566,1,0,0.0245,0,Low Risk
16816,United Kingdom,4,417.06,274,28,104,359,104.26,68.5,0.0111,1,1,0.6318,1,Medium Risk
16817,United Kingdom,9,1604.75,822,73,3,369,178.31,91.33,0.0243,1,0,0.0833,0,Low Risk
16818,United Kingdom,11,3349.57,2164,172,11,206,304.51,196.73,0.0531,1,0,0.0448,0,Low Risk
16820,United Kingdom,1,497.61,307,26,96,96,497.61,307.0,0.0103,1,1,0.9553,1,High Risk
16823,United Kingdom,1,358.38,136,34,228,228,358.38,136.0,0.0044,1,1,0.9895,1,High Risk
16824,United Kingdom,2,460.64,236,23,16,165,230.32,118.0,0.012,1,0,0.5127,1,Medium Risk
16825,United Kingdom,2,775.18,566,27,39,186,387.59,283.0,0.0107,1,0,0.6583,1,Medium Risk
16826,United Kingdom,1,341.7,158,22,52,52,341.7,158.0,0.0189,1,0,0.0016,0,Low Risk
16828,United Kingdom,2,128.5,59,8,94,113,64.25,29.5,0.0175,1,1,0.511,1,Medium Risk
16829,United Kingdom,1,197.22,99,11,157,157,197.22,99.0,0.0063,1,1,0.9913,1,High Risk
16830,United Kingdom,1,325.91,264,23,39,39,325.91,264.0,0.025,1,0,0.0059,0,Low Risk
16832,United Kingdom,3,199.15,33,11,185,218,66.38,11.0,0.0137,1,1,0.6603,1,Medium Risk
16833,United Kingdom,4,1106.53,440,46,2,335,276.63,110.0,0.0119,1,0,0.361,0,Medium Risk
16834,United Kingdom,1,413.46,358,24,228,228,413.46,358.0,0.0044,1,1,0.9877,1,High Risk
16835,United Kingdom,2,180.85,61,10,129,374,90.42,30.5,0.0053,1,1,0.8018,1,High Risk
16836,United Kingdom,2,251.87,165,11,40,117,125.94,82.5,0.0169,1,0,0.2958,0,Low Risk
16837,United Kingdom,11,3170.98,1563,123,32,246,288.27,142.09,0.0445,1,0,0.0575,0,Low Risk
16838,United Kingdom,2,588.85,185,24,198,289,294.42,92.5,0.0069,1,1,0.7117,1,High Risk
16839,United Kingdom,34,16594.35,8975,114,9,370,488.07,263.97,0.0916,1,0,0.0245,0,Low Risk
16841,United Kingdom,6,1869.82,2250,101,37,288,311.64,375.0,0.0208,1,0,0.0808,0,Low Risk
16842,United Kingdom,3,1264.19,693,45,101,303,421.4,231.0,0.0099,1,1,0.5942,1,Medium Risk
16843,United Kingdom,16,10196.57,10159,226,43,328,637.29,634.94,0.0486,1,0,0.0249,0,Low Risk
16846,United Kingdom,1,214.32,135,11,51,51,214.32,135.0,0.0192,1,0,0.0093,0,Low Risk
16847,United Kingdom,1,193.44,78,12,44,44,193.44,78.0,0.0222,1,0,0.0094,0,Low Risk
16848,United Kingdom,1,281.42,182,14,53,53,281.42,182.0,0.0185,1,0,0.0017,0,Low Risk
16849,United Kingdom,1,124.57,33,8,187,187,124.57,33.0,0.0053,1,1,0.9947,1,High Risk
16850,United Kingdom,1,332.41,249,19,334,334,332.41,249.0,0.003,1,1,0.9964,1,High Risk
16851,United Kingdom,3,342.45,271,17,5,52,114.15,90.33,0.0566,1,0,0.0144,0,Low Risk
16852,United Kingdom,2,144.91,56,9,11,177,72.46,28.0,0.0112,1,0,0.6417,1,Medium Risk
16855,United Kingdom,2,328.4,164,19,24,44,164.2,82.0,0.0444,1,0,0.0142,0,Low Risk
16856,United Kingdom,1,35.4,12,2,15,15,35.4,12.0,0.0625,1,0,0.0037,0,Low Risk
16858,United Kingdom,1,375.69,91,9,369,369,375.69,91.0,0.0027,1,1,0.9939,1,High Risk
16859,United Kingdom,2,747.81,827,50,145,262,373.9,413.5,0.0076,1,1,0.6502,1,Medium Risk
16861,United Kingdom,2,173.76,140,6,60,159,86.88,70.0,0.0125,1,0,0.667,1,Medium Risk
16863,United Kingdom,2,502.8,409,25,32,367,251.4,204.5,0.0054,1,0,0.6965,1,Medium Risk
16866,United Kingdom,3,207.74,60,10,141,162,69.25,20.0,0.0184,1,1,0.5927,1,Medium Risk
16869,United Kingdom,4,825.42,585,113,23,176,206.36,146.25,0.0226,1,0,0.0949,0,Low Risk
16871,United Kingdom,6,2812.34,1253,131,23,271,468.72,208.83,0.0221,1,0,0.09,0,Low Risk
16872,United Kingdom,3,680.02,600,5,78,185,226.67,200.0,0.0161,1,0,0.4003,0,Medium Risk
16873,United Kingdom,6,7123.62,3840,179,5,365,1187.27,640.0,0.0164,1,0,0.0945,0,Low Risk
16875,United Kingdom,5,2095.53,1069,93,68,340,419.11,213.8,0.0147,1,0,0.2332,0,Low Risk
16877,United Kingdom,6,853.72,463,111,13,209,142.29,77.17,0.0286,1,0,0.1262,0,Low Risk
16878,United Kingdom,1,13.3,12,3,85,85,13.3,12.0,0.0116,1,0,0.0049,0,Low Risk
16880,United Kingdom,7,1519.08,753,121,31,190,217.01,107.57,0.0366,1,0,0.0566,0,Low Risk
16881,United Kingdom,1,432.0,600,1,67,67,432.0,600.0,0.0147,1,0,0.0221,0,Low Risk
16882,United Kingdom,3,705.12,424,39,67,318,235.04,141.33,0.0094,1,0,0.6165,1,Medium Risk
16883,United Kingdom,2,276.73,104,33,188,372,138.36,52.0,0.0054,1,1,0.7582,1,High Risk
16884,United Kingdom,2,429.84,320,26,38,38,214.92,160.0,0.0513,1,0,0.015,0,Low Risk
16885,United Kingdom,3,471.51,184,82,16,358,157.17,61.33,0.0084,1,0,0.513,1,Medium Risk
16887,United Kingdom,1,194.88,157,35,36,36,194.88,157.0,0.027,1,0,0.0011,0,Low Risk
16889,United Kingdom,3,1578.67,925,112,195,337,526.22,308.33,0.0089,1,1,0.5729,1,Medium Risk
16891,United Kingdom,5,809.7,283,166,2,372,161.94,56.6,0.0134,1,0,0.3245,0,Medium Risk
16892,United Kingdom,5,525.54,239,87,2,184,105.11,47.8,0.027,1,0,0.2133,0,Low Risk
16893,United Kingdom,1,145.93,62,44,367,367,145.93,62.0,0.0027,1,1,0.9657,1,High Risk
16895,United Kingdom,1,219.14,102,57,65,65,219.14,102.0,0.0152,1,0,0.0159,0,Low Risk
16897,United Kingdom,2,289.78,73,37,300,314,144.89,36.5,0.0063,1,1,0.7793,1,High Risk
16898,United Kingdom,3,508.81,419,150,27,369,169.6,139.67,0.0081,1,0,0.4459,0,Medium Risk
16899,United Kingdom,6,1281.56,522,80,8,361,213.59,87.0,0.0166,1,0,0.2129,0,Low Risk
16900,United Kingdom,3,887.11,833,78,17,64,295.7,277.67,0.0462,1,0,0.0136,0,Low Risk
16902,United Kingdom,1,1706.88,629,43,117,117,1706.88,629.0,0.0085,1,1,0.9557,1,High Risk
16903,United Kingdom,1,373.24,262,50,30,30,373.24,262.0,0.0323,1,0,0.0021,0,Low Risk
16904,United Kingdom,16,3754.27,2034,387,5,368,234.64,127.12,0.0434,1,0,0.0245,0,Low Risk
16905,United Kingdom,7,3102.43,1408,117,6,372,443.2,201.14,0.0188,1,0,0.1192,0,Low Risk
16906,United Kingdom,4,579.77,281,74,82,249,144.94,70.25,0.016,1,0,0.3265,0,Medium Risk
16907,United Kingdom,5,981.65,298,89,30,366,196.33,59.6,0.0136,1,0,0.2985,0,Low Risk
16909,United Kingdom,1,379.14,436,18,73,73,379.14,436.0,0.0135,1,0,0.0101,0,Low Risk
16910,United Kingdom,8,1510.06,886,318,5,92,188.76,110.75,0.086,1,0,0.021,0,Low Risk
16912,United Kingdom,11,2575.38,1029,88,29,324,234.13,93.55,0.0338,1,0,0.0613,0,Low Risk
16913,United Kingdom,1,113.44,82,8,291,291,113.44,82.0,0.0034,1,1,0.9966,1,High Risk
16914,United Kingdom,1,208.46,121,25,37,37,208.46,121.0,0.0263,1,0,0.0063,0,Low Risk
16915,United Kingdom,6,621.68,132,46,10,284,103.61,22.0,0.0211,1,0,0.3372,0,Medium Risk
16916,United Kingdom,2,576.26,440,129,24,373,288.13,220.0,0.0053,1,0,0.589,1,Medium Risk
16917,United Kingdom,1,391.52,232,9,277,277,391.52,232.0,0.0036,1,1,0.9949,1,High Risk
16918,United Kingdom,6,1068.82,721,97,50,318,178.14,120.17,0.0188,1,0,0.1712,0,Low Risk
16919,United Kingdom,11,2596.45,1413,141,157,369,236.04,128.45,0.0297,1,1,0.0793,0,Low Risk
16921,United Kingdom,1,169.79,171,50,62,62,169.79,171.0,0.0159,1,0,0.0024,0,Low Risk
16923,United Kingdom,19,7247.61,3417,313,13,363,381.45,179.84,0.0522,1,0,0.0166,0,Low Risk
16924,United Kingdom,3,846.75,493,69,22,85,282.25,164.33,0.0349,1,0,0.0085,0,Low Risk
16926,United Kingdom,1,230.25,35,14,372,372,230.25,35.0,0.0027,1,1,0.9949,1,High Risk
16927,United Kingdom,3,543.05,993,5,116,362,181.02,331.0,0.0083,1,1,0.6718,1,Medium Risk
16928,United Kingdom,17,2847.6,2114,69,81,374,167.51,124.35,0.0453,1,0,0.0728,0,Low Risk
16929,United Kingdom,7,1295.39,929,51,4,156,185.06,132.71,0.0446,1,0,0.0708,0,Low Risk
16930,United Kingdom,3,380.55,341,47,27,69,126.85,113.67,0.0429,1,0,0.0076,0,Low Risk
16931,United Kingdom,21,4604.22,3158,448,6,370,219.25,150.38,0.0566,1,0,0.0183,0,Low Risk
16932,United Kingdom,1,161.94,87,44,54,54,161.94,87.0,0.0182,1,0,0.0123,0,Low Risk
16933,United Kingdom,2,563.23,288,42,2,240,281.62,144.0,0.0083,1,0,0.597,1,Medium Risk
16934,United Kingdom,2,950.93,399,59,55,55,475.46,199.5,0.0357,1,0,0.0101,0,Low Risk
16936,United Kingdom,1,262.68,173,56,26,26,262.68,173.0,0.037,1,0,0.001,0,Low Risk
16938,United Kingdom,4,2736.38,2540,212,9,309,684.1,635.0,0.0129,1,0,0.1844,0,Low Risk
16940,United Kingdom,3,3049.88,2169,226,53,290,1016.63,723.0,0.0103,1,0,0.3478,0,Medium Risk
16942,United Kingdom,9,1920.59,811,159,13,228,213.4,90.11,0.0393,1,0,0.0671,0,Low Risk
16943,United Kingdom,3,816.73,145,23,212,319,272.24,48.33,0.0094,1,1,0.6683,1,Medium Risk
16945,United Kingdom,19,4345.5,2725,137,22,359,228.71,143.42,0.0528,1,0,0.0241,0,Low Risk
16947,United Kingdom,1,406.48,312,21,236,236,406.48,312.0,0.0042,1,1,0.9925,1,High Risk
16948,United Kingdom,3,435.02,1614,15,139,326,145.01,538.0,0.0092,1,1,0.7337,1,High Risk
16949,United Kingdom,6,1286.27,791,57,4,317,214.38,131.83,0.0189,1,0,0.1825,0,Low Risk
16950,United Kingdom,3,1178.56,644,39,57,368,392.85,214.67,0.0081,1,0,0.5666,1,Medium Risk
16951,United Kingdom,3,1277.75,1318,73,135,305,425.92,439.33,0.0098,1,1,0.6158,1,Medium Risk
16952,United Kingdom,2,167.61,92,16,110,110,83.8,46.0,0.018,1,1,0.5548,1,Medium Risk
16953,United Kingdom,1,20.8,10,1,31,31,20.8,10.0,0.0312,1,0,0.0037,0,Low Risk
16954,United Kingdom,9,2085.08,1054,40,1,360,231.68,117.11,0.0249,1,0,0.082,0,Low Risk
16955,United Kingdom,4,518.67,266,18,185,374,129.67,66.5,0.0107,1,1,0.6986,1,Medium Risk
16956,United Kingdom,1,308.74,114,16,18,18,308.74,114.0,0.0526,1,0,0.0065,0,Low Risk
16957,United Kingdom,2,416.64,172,15,240,282,208.32,86.0,0.0071,1,1,0.7604,1,High Risk
16959,United Kingdom,1,117.35,49,7,88,88,117.35,49.0,0.0112,1,0,0.0213,0,Low Risk
16960,United Kingdom,3,507.05,304,92,39,253,169.02,101.33,0.0118,1,0,0.3594,0,Medium Risk
16961,United Kingdom,1,234.17,125,14,117,117,234.17,125.0,0.0085,1,1,0.9915,1,High Risk
16963,United Kingdom,1,110.55,35,7,188,188,110.55,35.0,0.0053,1,1,0.9952,1,High Risk
16965,United Kingdom,1,201.19,291,26,227,227,201.19,291.0,0.0044,1,1,0.9865,1,High Risk
16966,United Kingdom,7,2154.97,1981,8,9,241,307.85,283.0,0.0289,1,0,0.0918,0,Low Risk
16967,United Kingdom,1,319.02,333,21,190,190,319.02,333.0,0.0052,1,1,0.9942,1,High Risk
16968,United Kingdom,2,439.43,326,31,5,108,219.72,163.0,0.0183,1,0,0.2411,0,Low Risk
16969,United Kingdom,3,650.41,816,42,40,192,216.8,272.0,0.0155,1,0,0.3527,0,Medium Risk
16971,United Kingdom,1,357.21,72,40,39,39,357.21,72.0,0.025,1,0,0.0112,0,Low Risk
16976,United Kingdom,1,251.52,88,2,268,268,251.52,88.0,0.0037,1,1,0.9938,1,High Risk
16978,United Kingdom,1,344.33,166,39,78,78,344.33,166.0,0.0127,1,0,0.0077,0,Low Risk
16979,United Kingdom,6,1852.0,865,64,4,298,308.67,144.17,0.0201,1,0,0.13,0,Low Risk
16980,United Kingdom,2,1078.96,788,71,256,292,539.48,394.0,0.0068,1,1,0.7029,1,High Risk
16982,United Kingdom,1,384.06,182,22,61,61,384.06,182.0,0.0161,1,0,0.0019,0,Low Risk
16983,United Kingdom,7,1931.25,1379,112,13,370,275.89,197.0,0.0189,1,0,0.1161,0,Low Risk
16984,United Kingdom,2,4481.35,2423,354,89,131,2240.68,1211.5,0.0152,1,0,0.1387,0,Low Risk
16985,United Kingdom,10,5464.12,1832,62,18,359,546.41,183.2,0.0278,1,0,0.0517,0,Low Risk
16986,United Kingdom,2,1873.2,1040,3,30,31,936.6,520.0,0.0625,1,0,0.0235,0,Low Risk
16987,United Kingdom,7,1625.05,402,74,4,206,232.15,57.43,0.0338,1,0,0.1204,0,Low Risk
16988,United Kingdom,1,126.12,43,7,6,6,126.12,43.0,0.1429,1,0,0.0054,0,Low Risk
16989,United Kingdom,6,1133.25,1233,7,8,151,188.88,205.5,0.0395,1,0,0.1454,0,Low Risk
16990,United Kingdom,1,179.0,100,1,219,219,179.0,100.0,0.0045,1,1,0.9969,1,High Risk
16992,United Kingdom,5,1614.31,860,84,11,285,322.86,172.0,0.0175,1,0,0.1967,0,Low Risk
16996,United Kingdom,6,1456.96,544,13,31,354,242.83,90.67,0.0169,1,0,0.2767,0,Low Risk
16997,United Kingdom,3,702.0,360,7,289,326,234.0,120.0,0.0092,1,1,0.6293,1,Medium Risk
16998,United Kingdom,4,295.0,76,1,150,305,73.75,19.0,0.0131,1,1,0.6933,1,Medium Risk
16999,United Kingdom,2,484.82,294,21,24,75,242.41,147.0,0.0263,1,0,0.0165,0,Low Risk
17001,United Kingdom,11,3989.57,2164,75,1,359,362.69,196.73,0.0306,1,0,0.0451,0,Low Risk
17002,United Kingdom,3,1493.73,679,41,86,291,497.91,226.33,0.0103,1,0,0.5822,1,Medium Risk
17004,United Kingdom,2,1412.94,819,38,47,93,706.47,409.5,0.0213,1,0,0.0645,0,Low Risk
17006,United Kingdom,4,781.78,272,37,5,76,195.44,68.0,0.0519,1,0,0.0214,0,Low Risk
17007,United Kingdom,6,889.93,597,50,51,358,148.32,99.5,0.0167,1,0,0.2501,0,Low Risk
17010,United Kingdom,1,195.36,118,11,19,19,195.36,118.0,0.05,1,0,0.0092,0,Low Risk
17011,United Kingdom,1,270.9,186,15,31,31,270.9,186.0,0.0312,1,0,0.0009,0,Low Risk
17014,United Kingdom,3,586.33,245,63,9,67,195.44,81.67,0.0441,1,0,0.0178,0,Low Risk
17015,United Kingdom,3,1842.56,1981,182,29,186,614.19,660.33,0.016,1,0,0.1266,0,Low Risk
17017,United Kingdom,20,8694.26,6673,88,3,373,434.71,333.65,0.0535,1,0,0.0275,0,Low Risk
17018,United Kingdom,2,920.1,176,15,41,326,460.05,88.0,0.0061,1,0,0.7212,1,High Risk
17019,United Kingdom,4,1272.61,827,166,12,369,318.15,206.75,0.0108,1,0,0.3537,0,Medium Risk
17022,United Kingdom,1,71.0,108,7,32,32,71.0,108.0,0.0303,1,0,0.006,0,Low Risk
17024,United Kingdom,3,95.85,69,2,46,158,31.95,23.0,0.0189,1,0,0.4774,0,Medium Risk
17025,United Kingdom,3,357.77,235,8,61,374,119.26,78.33,0.008,1,0,0.6395,1,Medium Risk
17026,United Kingdom,2,154.83,97,4,186,370,77.42,48.5,0.0054,1,1,0.8008,1,High Risk
17027,United Kingdom,6,890.29,421,110,79,318,148.38,70.17,0.0188,1,0,0.2328,0,Low Risk
17029,United Kingdom,2,716.0,400,1,111,237,358.0,200.0,0.0084,1,1,0.7294,1,High Risk
17030,United Kingdom,1,146.87,146,11,64,64,146.87,146.0,0.0154,1,0,0.0014,0,Low Risk
17031,United Kingdom,2,380.35,235,19,12,155,190.18,117.5,0.0128,1,0,0.4657,0,Medium Risk
17033,United Kingdom,3,1030.14,750,24,87,360,343.38,250.0,0.0083,1,0,0.6162,1,Medium Risk
17034,United Kingdom,3,745.52,410,28,17,288,248.51,136.67,0.0104,1,0,0.6234,1,Medium Risk
17035,United Kingdom,2,433.53,229,27,246,312,216.76,114.5,0.0064,1,1,0.7304,1,High Risk
17037,United Kingdom,1,1267.32,656,75,88,88,1267.32,656.0,0.0112,1,0,0.0452,0,Low Risk
17038,United Kingdom,1,112.4,28,22,31,31,112.4,28.0,0.0312,1,0,0.0033,0,Low Risk
17040,United Kingdom,1,449.73,181,15,138,138,449.73,181.0,0.0072,1,1,0.9863,1,High Risk
17041,United Kingdom,3,1081.57,951,59,27,361,360.52,317.0,0.0083,1,0,0.5511,1,Medium Risk
17042,United Kingdom,5,1044.38,994,74,3,248,208.88,198.8,0.0201,1,0,0.1233,0,Low Risk
17043,United Kingdom,4,1735.18,998,100,33,267,433.8,249.5,0.0149,1,0,0.239,0,Low Risk
17044,United Kingdom,1,948.48,504,6,26,26,948.48,504.0,0.037,1,0,0.0051,0,Low Risk
17045,United Kingdom,3,339.44,106,20,114,248,113.15,35.33,0.012,1,1,0.5974,1,Medium Risk
17046,United Kingdom,1,642.02,510,22,158,158,642.02,510.0,0.0063,1,1,0.9737,1,High Risk
17047,United Kingdom,3,1100.9,533,59,86,206,366.97,177.67,0.0145,1,0,0.3293,0,Medium Risk
17048,United Kingdom,3,925.35,485,41,118,332,308.45,161.67,0.009,1,1,0.6014,1,Medium Risk
17049,United Kingdom,9,5659.98,2676,201,3,276,628.89,297.33,0.0325,1,0,0.0257,0,Low Risk
17050,United Kingdom,6,3228.84,1614,169,97,300,538.14,269.0,0.0199,1,1,0.1312,0,Low Risk
17051,United Kingdom,1,247.14,184,40,195,195,247.14,184.0,0.0051,1,1,0.9825,1,High Risk
17052,United Kingdom,1,413.75,261,72,29,29,413.75,261.0,0.0333,1,0,0.0019,0,Low Risk
17053,United Kingdom,1,498.48,122,13,131,131,498.48,122.0,0.0076,1,1,0.983,1,High Risk
17054,United Kingdom,5,1356.33,804,64,29,246,271.27,160.8,0.0202,1,0,0.1335,0,Low Risk
17058,United Kingdom,3,1179.89,592,51,82,240,393.3,197.33,0.0124,1,0,0.3867,0,Medium Risk
17059,United Kingdom,5,3095.04,1855,292,30,370,619.01,371.0,0.0135,1,0,0.1659,0,Low Risk
17060,United Kingdom,1,234.24,216,5,267,267,234.24,216.0,0.0037,1,1,0.9967,1,High Risk
17061,United Kingdom,11,5232.23,1526,57,74,233,475.66,138.73,0.047,1,0,0.0742,0,Low Risk
17062,United Kingdom,4,538.37,430,52,314,370,134.59,107.5,0.0108,1,1,0.5856,1,Medium Risk
17063,United Kingdom,7,1461.14,770,66,22,290,208.73,110.0,0.0241,1,0,0.0774,0,Low Risk
17064,United Kingdom,3,859.35,318,53,59,328,286.45,106.0,0.0091,1,0,0.5604,1,Medium Risk
17068,United Kingdom,21,4552.14,2164,116,13,369,216.77,103.05,0.0568,1,0,0.0246,0,Low Risk
17069,United Kingdom,9,2709.7,1506,111,29,374,301.08,167.33,0.024,1,0,0.1402,0,Low Risk
17070,United Kingdom,1,312.14,133,62,115,115,312.14,133.0,0.0086,1,1,0.9757,1,High Risk
17071,United Kingdom,9,2429.03,1197,102,29,310,269.89,133.0,0.0289,1,0,0.0757,0,Low Risk
17073,United Kingdom,4,1446.09,759,142,18,110,361.52,189.75,0.036,1,0,0.0596,0,Low Risk
17075,United Kingdom,4,834.12,292,62,18,318,208.53,73.0,0.0125,1,0,0.343,0,Medium Risk
17076,United Kingdom,3,841.08,295,17,37,365,280.36,98.33,0.0082,1,0,0.6073,1,Medium Risk
17078,United Kingdom,2,378.2,788,28,37,37,189.1,394.0,0.0526,1,0,0.008,0,Low Risk
17079,United Kingdom,1,118.8,24,2,79,79,118.8,24.0,0.0125,1,0,0.001,0,Low Risk
17080,United Kingdom,2,287.62,166,8,23,270,143.81,83.0,0.0074,1,0,0.7177,1,High Risk
17081,United Kingdom,2,290.16,78,55,26,47,145.08,39.0,0.0417,1,0,0.0216,0,Low Risk
17082,United Kingdom,2,2003.85,1049,75,34,319,1001.92,524.5,0.0062,1,0,0.7084,1,High Risk
17083,United Kingdom,3,1405.78,772,24,110,304,468.59,257.33,0.0098,1,1,0.6542,1,Medium Risk
17084,United Kingdom,2,2949.75,1816,146,36,36,1474.88,908.0,0.0541,1,0,0.0223,0,Low Risk
17085,United Kingdom,5,1566.65,786,115,124,363,313.33,157.2,0.0137,1,1,0.3367,0,Medium Risk
17086,United Kingdom,6,2050.08,1859,76,8,64,341.68,309.83,0.0923,1,0,0.0296,0,Low Risk
17088,United Kingdom,4,1991.01,868,96,29,254,497.75,217.0,0.0157,1,0,0.2443,0,Low Risk
17090,United Kingdom,7,2043.95,921,45,5,355,291.99,131.57,0.0197,1,0,0.1477,0,Low Risk
17091,United Kingdom,9,3827.76,1746,119,3,368,425.31,194.0,0.0244,1,0,0.05,0,Low Risk
17092,United Kingdom,4,1777.78,1131,99,51,278,444.44,282.75,0.0143,1,0,0.2363,0,Low Risk
17094,United Kingdom,1,302.0,152,14,323,323,302.0,152.0,0.0031,1,1,0.9969,1,High Risk
17095,United Kingdom,3,1324.16,618,69,23,335,441.39,206.0,0.0089,1,0,0.5659,1,Medium Risk
17096,United Kingdom,4,1022.13,339,46,16,262,255.53,84.75,0.0152,1,0,0.3052,0,Medium Risk
17097,Spain,8,954.42,459,153,3,366,119.3,57.38,0.0218,0,0,0.2172,0,Low Risk
17100,United Kingdom,2,971.74,800,65,19,19,485.87,400.0,0.1,1,0,0.0058,0,Low Risk
17101,United Kingdom,4,1621.73,815,28,11,179,405.43,203.75,0.0222,1,0,0.1149,0,Low Risk
17102,United Kingdom,1,25.5,2,1,262,262,25.5,2.0,0.0038,1,1,0.9973,1,High Risk
17105,United Kingdom,2,665.78,693,80,160,307,332.89,346.5,0.0065,1,1,0.6621,1,Medium Risk
17107,United Kingdom,6,10815.43,4837,269,34,279,1802.57,806.17,0.0214,1,0,0.0652,0,Low Risk
17109,United Kingdom,6,885.04,589,107,30,233,147.51,98.17,0.0256,1,0,0.1059,0,Low Risk
17110,United Kingdom,1,163.3,50,12,166,166,163.3,50.0,0.006,1,1,0.9917,1,High Risk
17111,United Kingdom,1,248.61,302,29,48,48,248.61,302.0,0.0204,1,0,0.0017,0,Low Risk
17114,United Kingdom,8,808.62,219,85,6,335,101.08,27.38,0.0238,1,0,0.2318,0,Low Risk
17115,United Kingdom,3,837.5,372,33,9,234,279.17,124.0,0.0128,1,0,0.406,0,Medium Risk
17117,United Kingdom,1,116.2,68,9,289,289,116.2,68.0,0.0034,1,1,0.9957,1,High Risk
17118,United Kingdom,1,157.02,154,10,318,318,157.02,154.0,0.0031,1,1,0.9971,1,High Risk
17119,United Kingdom,2,606.91,334,35,4,60,303.46,167.0,0.0328,1,0,0.0143,0,Low Risk
17120,United Kingdom,1,307.46,120,18,234,234,307.46,120.0,0.0043,1,1,0.9958,1,High Risk
17122,United Kingdom,1,138.32,80,7,120,120,138.32,80.0,0.0083,1,1,0.9925,1,High Risk
17123,United Kingdom,1,345.3,246,9,162,162,345.3,246.0,0.0061,1,1,0.9907,1,High Risk
17124,United Kingdom,1,298.89,130,31,186,186,298.89,130.0,0.0053,1,1,0.9885,1,High Risk
17125,United Kingdom,1,259.35,291,34,51,51,259.35,291.0,0.0192,1,0,0.0035,0,Low Risk
17126,United Kingdom,5,1004.75,792,187,153,363,200.95,158.4,0.0137,1,1,0.2778,0,Low Risk
17128,United Kingdom,1,157.09,76,14,335,335,157.09,76.0,0.003,1,1,0.9962,1,High Risk
17131,United Kingdom,5,2463.17,983,78,6,76,492.63,196.6,0.0649,1,0,0.0299,0,Low Risk
17133,United Kingdom,7,4892.24,2730,13,16,267,698.89,390.0,0.0261,1,0,0.0756,0,Low Risk
17134,United Kingdom,2,425.0,102,21,107,265,212.5,51.0,0.0075,1,1,0.7811,1,High Risk
17135,United Kingdom,7,1139.73,1224,34,17,372,162.82,174.86,0.0188,1,0,0.1704,0,Low Risk
17138,United Kingdom,1,380.5,126,24,276,276,380.5,126.0,0.0036,1,1,0.9942,1,High Risk
17139,United Kingdom,12,10668.47,5182,309,16,289,889.04,431.83,0.0414,1,0,0.0213,0,Low Risk
17140,United Kingdom,1,465.32,302,16,248,248,465.32,302.0,0.004,1,1,0.9936,1,High Risk
17142,United Kingdom,1,579.0,81,15,240,240,579.0,81.0,0.0041,1,1,0.9911,1,High Risk
17144,United Kingdom,2,984.57,483,42,2,85,492.28,241.5,0.0233,1,0,0.0094,0,Low Risk
17146,United Kingdom,3,749.78,212,33,106,359,249.93,70.67,0.0083,1,1,0.6603,1,Medium Risk
17147,United Kingdom,4,1714.59,882,68,23,312,428.65,220.5,0.0128,1,0,0.3538,0,Medium Risk
17148,United Kingdom,1,124.88,82,9,52,52,124.88,82.0,0.0189,1,0,0.0079,0,Low Risk
17152,United Kingdom,3,1689.5,517,9,195,264,563.17,172.33,0.0113,1,1,0.5798,1,Medium Risk
17153,United Kingdom,1,213.78,104,14,25,25,213.78,104.0,0.0385,1,0,0.0065,0,Low Risk
17154,United Kingdom,1,329.34,490,23,76,76,329.34,490.0,0.013,1,0,0.0093,0,Low Risk
17155,United Kingdom,2,251.7,242,19,18,178,125.85,121.0,0.0112,1,0,0.4832,0,Medium Risk
17157,United Kingdom,2,319.0,172,11,8,177,159.5,86.0,0.0112,1,0,0.5138,1,Medium Risk
17158,United Kingdom,3,1266.97,778,53,33,361,422.32,259.33,0.0083,1,0,0.5678,1,Medium Risk
17159,United Kingdom,3,1538.88,1111,96,22,172,512.96,370.33,0.0173,1,0,0.1704,0,Low Risk
17160,United Kingdom,6,3518.03,2856,111,32,242,586.34,476.0,0.0247,1,0,0.0634,0,Low Risk
17162,United Kingdom,10,1715.46,1001,81,29,306,171.55,100.1,0.0326,1,0,0.0608,0,Low Risk
17163,United Kingdom,2,293.1,66,3,22,79,146.55,33.0,0.025,1,0,0.0301,0,Low Risk
17164,United Kingdom,7,2467.35,1501,92,33,274,352.48,214.43,0.0255,1,0,0.0713,0,Low Risk
17165,United Kingdom,1,158.68,100,10,285,285,158.68,100.0,0.0035,1,1,0.9963,1,High Risk
17166,United Kingdom,2,206.34,78,11,39,204,103.17,39.0,0.0098,1,0,0.6921,1,Medium Risk
17169,United Kingdom,2,835.78,526,51,58,184,417.89,263.0,0.0108,1,0,0.5576,1,Medium Risk
17171,United Kingdom,1,224.91,185,16,290,290,224.91,185.0,0.0034,1,1,0.9949,1,High Risk
17172,United Kingdom,1,317.76,480,15,79,79,317.76,480.0,0.0125,1,0,0.0054,0,Low Risk
17173,United Kingdom,8,3766.6,1122,36,6,132,470.82,140.25,0.0602,1,0,0.0738,0,Low Risk
17174,United Kingdom,1,59.9,41,4,218,218,59.9,41.0,0.0046,1,1,0.9977,1,High Risk
17175,United Kingdom,4,1443.69,866,42,45,297,360.92,216.5,0.0134,1,0,0.344,0,Medium Risk
17176,United Kingdom,1,306.13,170,15,202,202,306.13,170.0,0.0049,1,1,0.9969,1,High Risk
17179,United Kingdom,3,711.79,290,56,179,362,237.26,96.67,0.0083,1,1,0.5722,1,Medium Risk
17180,United Kingdom,4,796.03,683,91,57,317,199.01,170.75,0.0126,1,0,0.3045,0,Medium Risk
17181,United Kingdom,2,239.92,241,23,58,374,119.96,120.5,0.0053,1,0,0.6201,1,Medium Risk
17183,United Kingdom,6,3347.31,1296,42,8,106,557.88,216.0,0.0561,1,0,0.0499,0,Low Risk
17186,United Kingdom,2,144.0,200,1,47,61,72.0,100.0,0.0323,1,0,0.0188,0,Low Risk
17187,United Kingdom,1,203.95,144,10,227,227,203.95,144.0,0.0044,1,1,0.9952,1,High Risk
17188,United Kingdom,7,2474.23,1328,71,12,363,353.46,189.71,0.0192,1,0,0.1159,0,Low Risk
17189,United Kingdom,2,384.4,227,52,107,360,192.2,113.5,0.0055,1,1,0.6434,1,Medium Risk
17190,United Kingdom,2,444.74,161,19,59,208,222.37,80.5,0.0096,1,0,0.6748,1,Medium Risk
17191,United Kingdom,7,2095.13,1167,163,29,369,299.3,166.71,0.0189,1,0,0.1178,0,Low Risk
17193,United Kingdom,7,1699.3,1254,17,36,177,242.76,179.14,0.0393,1,0,0.0918,0,Low Risk
17194,United Kingdom,2,262.62,119,26,274,361,131.31,59.5,0.0055,1,1,0.7873,1,High Risk
17197,United Kingdom,1,1013.01,191,29,30,30,1013.01,191.0,0.0323,1,0,0.0085,0,Low Risk
17198,United Kingdom,3,692.22,357,89,24,372,230.74,119.0,0.008,1,0,0.49,0,Medium Risk
17201,United Kingdom,1,342.63,268,38,54,54,342.63,268.0,0.0182,1,0,0.0081,0,Low Risk
17203,United Kingdom,6,3563.85,2850,116,36,61,593.98,475.0,0.0968,1,0,0.0197,0,Low Risk
17204,United Kingdom,4,1564.56,646,44,176,264,391.14,161.5,0.0151,1,1,0.3653,0,Medium Risk
17205,United Kingdom,1,384.08,884,13,54,54,384.08,884.0,0.0182,1,0,0.0124,0,Low Risk
17206,United Kingdom,1,204.24,76,7,54,54,204.24,76.0,0.0182,1,0,0.0082,0,Low Risk
17211,United Kingdom,8,2317.22,1323,150,27,370,289.65,165.38,0.0216,1,0,0.0882,0,Low Risk
17212,United Kingdom,1,226.85,147,4,254,254,226.85,147.0,0.0039,1,1,0.996,1,High Risk
17213,United Kingdom,7,2781.23,1176,85,41,367,397.32,168.0,0.019,1,0,0.1147,0,Low Risk
17214,United Kingdom,6,1069.12,276,79,61,360,178.19,46.0,0.0166,1,0,0.2614,0,Low Risk
17217,United Kingdom,1,113.5,24,9,235,235,113.5,24.0,0.0042,1,1,0.9978,1,High Risk
17218,United Kingdom,10,1960.72,958,146,5,369,196.07,95.8,0.027,1,0,0.0712,0,Low Risk
17219,United Kingdom,1,114.23,89,24,32,32,114.23,89.0,0.0303,1,0,0.0059,0,Low Risk
17220,United Kingdom,14,3198.25,1905,303,25,365,228.45,136.07,0.0383,1,0,0.0306,0,Low Risk
17221,United Kingdom,2,335.13,288,59,8,37,167.56,144.0,0.0526,1,0,0.0053,0,Low Risk
17222,United Kingdom,1,354.15,128,27,66,66,354.15,128.0,0.0149,1,0,0.0058,0,Low Risk
17223,United Kingdom,2,426.79,112,43,311,369,213.4,56.0,0.0054,1,1,0.7638,1,High Risk
17226,United Kingdom,1,393.49,406,21,309,309,393.49,406.0,0.0032,1,1,0.9905,1,High Risk
17227,United Kingdom,6,939.32,741,28,19,369,156.55,123.5,0.0162,1,0,0.2483,0,Low Risk
17228,United Kingdom,8,1906.09,1532,140,16,373,238.26,191.5,0.0214,1,0,0.1019,0,Low Risk
17229,United Kingdom,2,318.76,185,39,97,143,159.38,92.5,0.0139,1,1,0.4632,0,Medium Risk
17230,United Kingdom,8,3638.41,1651,51,265,360,454.8,206.38,0.0222,1,1,0.1151,0,Low Risk
17231,United Kingdom,10,3174.32,1742,292,13,362,317.43,174.2,0.0275,1,0,0.0454,0,Low Risk
17232,United Kingdom,2,421.52,203,30,3,15,210.76,101.5,0.125,1,0,0.0079,0,Low Risk
17233,United Kingdom,1,190.88,131,25,36,36,190.88,131.0,0.027,1,0,0.0088,0,Low Risk
17234,United Kingdom,1,149.89,55,14,183,183,149.89,55.0,0.0054,1,1,0.9916,1,High Risk
17235,United Kingdom,2,550.06,224,24,26,373,275.03,112.0,0.0053,1,0,0.6621,1,Medium Risk
17236,United Kingdom,6,916.13,474,88,13,363,152.69,79.0,0.0165,1,0,0.234,0,Low Risk
17237,United Kingdom,2,314.69,105,18,12,23,157.34,52.5,0.0833,1,0,0.0195,0,Low Risk
17238,United Kingdom,17,3744.65,1822,297,3,372,220.27,107.18,0.0456,1,0,0.0257,0,Low Risk
17239,United Kingdom,1,382.5,150,15,313,313,382.5,150.0,0.0032,1,1,0.9952,1,High Risk
17242,United Kingdom,2,1135.04,611,30,109,181,567.52,305.5,0.011,1,1,0.5755,1,Medium Risk
17243,United Kingdom,26,8676.85,3370,180,2,370,333.72,129.62,0.0701,1,0,0.0209,0,Low Risk
17244,United Kingdom,1,954.9,616,31,54,54,954.9,616.0,0.0182,1,0,0.0076,0,Low Risk
17245,United Kingdom,1,171.45,75,9,205,205,171.45,75.0,0.0049,1,1,0.9947,1,High Risk
17247,United Kingdom,1,282.19,106,53,16,16,282.19,106.0,0.0588,1,0,0.006,0,Low Risk
17248,United Kingdom,1,318.65,213,68,121,121,318.65,213.0,0.0082,1,1,0.9682,1,High Risk
17250,United Kingdom,2,384.52,168,55,4,262,192.26,84.0,0.0076,1,0,0.6381,1,Medium Risk
17251,United Kingdom,1,283.28,110,37,363,363,283.28,110.0,0.0027,1,1,0.9911,1,High Risk
17252,United Kingdom,2,353.86,193,86,117,187,176.93,96.5,0.0106,1,1,0.5727,1,Medium Risk
17253,United Kingdom,1,178.26,43,18,19,19,178.26,43.0,0.05,1,0,0.0053,0,Low Risk
17254,United Kingdom,2,272.44,252,100,5,16,136.22,126.0,0.1176,1,0,0.0083,0,Low Risk
17255,United Kingdom,2,298.41,232,69,41,300,149.21,116.0,0.0066,1,0,0.6058,1,Medium Risk
17256,United Kingdom,2,240.0,141,12,108,313,120.0,70.5,0.0064,1,1,0.795,1,High Risk
17259,United Kingdom,2,603.37,410,104,149,369,301.68,205.0,0.0054,1,1,0.6274,1,Medium Risk
17262,United Kingdom,5,1253.36,367,9,53,367,250.67,73.4,0.0136,1,0,0.3561,0,Medium Risk
17263,United Kingdom,1,63.44,36,23,209,209,63.44,36.0,0.0048,1,1,0.9924,1,High Risk
17265,United Kingdom,2,562.9,394,106,139,181,281.45,197.0,0.011,1,1,0.5434,1,Medium Risk
17266,United Kingdom,3,310.64,161,60,3,148,103.55,53.67,0.0201,1,0,0.2403,0,Low Risk
17267,United Kingdom,2,317.62,159,37,128,128,158.81,79.5,0.0155,1,1,0.3854,0,Medium Risk
17268,United Kingdom,4,763.64,844,3,108,246,190.91,211.0,0.0162,1,1,0.4082,0,Medium Risk
17272,United Kingdom,4,2148.63,1778,70,43,263,537.16,444.5,0.0152,1,0,0.217,0,Low Risk
17274,United Kingdom,1,111.98,79,24,36,36,111.98,79.0,0.027,1,0,0.0059,0,Low Risk
17277,United Kingdom,2,1065.35,430,67,228,323,532.67,215.0,0.0062,1,1,0.7128,1,High Risk
17278,United Kingdom,1,246.04,179,15,242,242,246.04,179.0,0.0041,1,1,0.9973,1,High Risk
17279,United Kingdom,1,187.83,48,8,58,58,187.83,48.0,0.0169,1,0,0.0092,0,Low Risk
17282,United Kingdom,3,1703.41,1877,79,131,300,567.8,625.67,0.01,1,1,0.6221,1,Medium Risk
17284,United Kingdom,6,1652.58,1364,229,61,337,275.43,227.33,0.0178,1,0,0.1323,0,Low Risk
17286,United Kingdom,1,153.92,118,44,22,22,153.92,118.0,0.0435,1,0,0.006,0,Low Risk
17287,United Kingdom,7,1064.11,559,88,27,373,152.02,79.86,0.0187,1,0,0.2246,0,Low Risk
17288,United Kingdom,7,1419.73,1203,118,10,359,202.82,171.86,0.0194,1,0,0.124,0,Low Risk
17289,United Kingdom,3,944.41,520,86,32,181,314.8,173.33,0.0165,1,0,0.2353,0,Low Risk
17290,United Kingdom,2,525.24,404,92,4,17,262.62,202.0,0.1111,1,0,0.0108,0,Low Risk
17291,United Kingdom,1,550.8,72,1,309,309,550.8,72.0,0.0032,1,1,0.9915,1,High Risk
17293,United Kingdom,9,1875.11,1140,93,9,362,208.35,126.67,0.0248,1,0,0.0776,0,Low Risk
17295,United Kingdom,3,556.95,294,53,29,65,185.65,98.0,0.0455,1,0,0.0145,0,Low Risk
17297,United Kingdom,1,131.78,67,49,18,18,131.78,67.0,0.0526,1,0,0.0074,0,Low Risk
17298,United Kingdom,2,498.42,387,30,102,125,249.21,193.5,0.0159,1,1,0.4094,0,Medium Risk
17299,United Kingdom,4,669.11,678,50,12,174,167.28,169.5,0.0229,1,0,0.1511,0,Low Risk
17301,United Kingdom,1,197.63,149,59,22,22,197.63,149.0,0.0435,1,0,0.0011,0,Low Risk
17302,United Kingdom,5,1135.63,575,68,15,306,227.13,115.0,0.0163,1,0,0.247,0,Low Risk
17303,United Kingdom,1,250.04,144,53,362,362,250.04,144.0,0.0028,1,1,0.9842,1,High Risk
17306,United Kingdom,19,8631.31,11491,13,11,354,454.28,604.79,0.0535,1,0,0.0695,0,Low Risk
17309,United Kingdom,1,82.75,41,11,96,96,82.75,41.0,0.0103,1,1,0.9709,1,High Risk
17311,United Kingdom,2,1384.85,1005,55,79,317,692.42,502.5,0.0063,1,0,0.7027,1,High Risk
17312,United Kingdom,3,644.3,372,11,139,160,214.77,124.0,0.0186,1,1,0.4539,0,Medium Risk
17313,United Kingdom,1,2328.84,1402,24,32,32,2328.84,1402.0,0.0303,1,0,0.0128,0,Low Risk
17314,United Kingdom,8,2527.92,1896,120,25,313,315.99,237.0,0.0255,1,0,0.0532,0,Low Risk
17315,United Kingdom,38,6292.26,3888,256,2,358,165.59,102.32,0.1058,1,0,0.025,0,Low Risk
17317,United Kingdom,3,2600.34,1146,8,47,90,866.78,382.0,0.033,1,0,0.0175,0,Low Risk
17320,United Kingdom,3,1200.62,634,57,101,369,400.21,211.33,0.0081,1,1,0.5532,1,Medium Risk
17321,United Kingdom,2,700.86,373,94,9,68,350.43,186.5,0.029,1,0,0.0057,0,Low Risk
17323,United Kingdom,7,921.07,776,125,16,293,131.58,110.86,0.0238,1,0,0.1066,0,Low Risk
17324,United Kingdom,4,990.23,844,43,18,367,247.56,211.0,0.0109,1,0,0.4001,0,Medium Risk
17325,United Kingdom,1,96.8,60,6,281,281,96.8,60.0,0.0035,1,1,0.9949,1,High Risk
17329,United Kingdom,2,523.11,142,29,15,316,261.56,71.0,0.0063,1,0,0.7549,1,High Risk
17330,United Kingdom,2,363.9,120,5,23,68,181.95,60.0,0.029,1,0,0.0184,0,Low Risk
17331,United Kingdom,1,175.2,16,1,124,124,175.2,16.0,0.008,1,1,0.9924,1,High Risk
17333,United Kingdom,1,494.25,375,28,86,86,494.25,375.0,0.0115,1,0,0.0097,0,Low Risk
17334,United Kingdom,2,307.02,315,11,303,309,153.51,157.5,0.0065,1,1,0.74,1,High Risk
17337,United Kingdom,4,2027.87,1269,421,152,311,506.97,317.25,0.0128,1,1,0.2994,0,Low Risk
17338,United Kingdom,8,6643.93,3128,389,18,362,830.49,391.0,0.022,1,0,0.0478,0,Low Risk
17339,United Kingdom,2,243.36,152,9,95,366,121.68,76.0,0.0054,1,1,0.7971,1,High Risk
17340,United Kingdom,11,12353.29,5967,229,30,367,1123.03,542.45,0.0299,1,0,0.0324,0,Low Risk
17341,United Kingdom,3,781.36,489,147,157,367,260.45,163.0,0.0082,1,1,0.4916,0,Medium Risk
17343,United Kingdom,1,193.64,56,17,356,356,193.64,56.0,0.0028,1,1,0.9935,1,High Risk
17344,United Kingdom,1,160.57,66,31,47,47,160.57,66.0,0.0208,1,0,0.006,0,Low Risk
17345,United Kingdom,4,537.74,346,70,16,197,134.44,86.5,0.0202,1,0,0.2058,0,Low Risk
17346,United Kingdom,15,2676.56,1657,299,4,374,178.44,110.47,0.04,1,0,0.0758,0,Low Risk
17347,United Kingdom,1,228.96,216,1,87,87,228.96,216.0,0.0114,1,0,0.0,0,Low Risk
17348,United Kingdom,5,1159.52,1401,180,15,298,231.9,280.2,0.0167,1,0,0.1505,0,Low Risk
17349,United Kingdom,1,110.75,112,8,180,180,110.75,112.0,0.0055,1,1,0.9942,1,High Risk
17350,United Kingdom,4,1286.07,795,66,9,52,321.52,198.75,0.0755,1,0,0.0193,0,Low Risk
17351,United Kingdom,3,587.15,113,22,37,274,195.72,37.67,0.0109,1,0,0.5817,1,Medium Risk
17353,United Kingdom,2,1740.0,1200,5,130,155,870.0,600.0,0.0128,1,1,0.5397,1,Medium Risk
17354,United Kingdom,1,1393.06,1006,15,51,51,1393.06,1006.0,0.0192,1,0,0.0117,0,Low Risk
17356,United Kingdom,1,178.22,166,19,312,312,178.22,166.0,0.0032,1,1,0.9946,1,High Risk
17357,United Kingdom,2,388.14,153,41,25,25,194.07,76.5,0.0769,1,0,0.0119,0,Low Risk
17358,United Kingdom,2,365.85,202,55,304,356,182.92,101.0,0.0056,1,1,0.6649,1,Medium Risk
17359,United Kingdom,1,127.86,161,13,12,12,127.86,161.0,0.0769,1,0,0.0013,0,Low Risk
17360,United Kingdom,3,585.79,335,113,18,185,195.26,111.67,0.0161,1,0,0.2623,0,Low Risk
17361,United Kingdom,3,488.2,157,26,50,292,162.73,52.33,0.0102,1,0,0.6553,1,Medium Risk
17362,United Kingdom,2,312.23,191,30,240,310,156.12,95.5,0.0064,1,1,0.7176,1,High Risk
17364,United Kingdom,11,4481.18,2701,288,1,332,407.38,245.55,0.033,1,0,0.0205,0,Low Risk
17365,United Kingdom,8,4801.56,4777,278,13,333,600.2,597.12,0.024,1,0,0.0456,0,Low Risk
17367,United Kingdom,1,168.4,150,33,239,239,168.4,150.0,0.0042,1,1,0.9885,1,High Risk
17368,United Kingdom,8,1912.67,1391,93,24,338,239.08,173.88,0.0236,1,0,0.0747,0,Low Risk
17370,United Kingdom,4,446.18,540,31,73,170,111.54,135.0,0.0234,1,0,0.2406,0,Low Risk
17371,United Kingdom,3,423.89,152,83,18,362,141.3,50.67,0.0083,1,0,0.5954,1,Medium Risk
17372,United Kingdom,8,1342.68,749,215,41,363,167.84,93.62,0.022,1,0,0.0861,0,Low Risk
17373,United Kingdom,4,646.92,408,47,41,313,161.73,102.0,0.0127,1,0,0.4167,0,Medium Risk
17374,United Kingdom,2,495.77,85,24,219,282,247.88,42.5,0.0071,1,1,0.765,1,High Risk
17375,United Kingdom,3,400.1,367,63,200,362,133.37,122.33,0.0083,1,1,0.6527,1,Medium Risk
17376,United Kingdom,2,203.2,86,23,71,312,101.6,43.0,0.0064,1,0,0.7736,1,High Risk
17377,United Kingdom,20,4100.92,2076,190,24,374,205.05,103.8,0.0533,1,0,0.029,0,Low Risk
17379,United Kingdom,1,404.66,663,71,12,12,404.66,663.0,0.0769,1,0,0.0055,0,Low Risk
17381,United Kingdom,29,20275.61,25649,40,9,373,699.16,884.45,0.0775,1,0,0.0538,0,Low Risk
17382,United Kingdom,1,65.4,25,2,66,66,65.4,25.0,0.0149,1,0,0.0083,0,Low Risk
17383,United Kingdom,1,199.29,150,49,5,5,199.29,150.0,0.1667,1,0,0.0011,0,Low Risk
17384,United Kingdom,2,336.4,88,12,20,220,168.2,44.0,0.009,1,0,0.7661,1,High Risk
17385,United Kingdom,1,261.11,201,42,15,15,261.11,201.0,0.0625,1,0,0.001,0,Low Risk
17386,United Kingdom,6,2686.42,1902,23,8,166,447.74,317.0,0.0359,1,0,0.0857,0,Low Risk
17387,United Kingdom,2,784.11,542,71,20,34,392.06,271.0,0.0571,1,0,0.0043,0,Low Risk
17388,United Kingdom,4,1259.56,1068,13,78,288,314.89,267.0,0.0138,1,0,0.318,0,Medium Risk
17389,United Kingdom,34,31833.68,7612,45,1,332,936.28,223.88,0.1021,1,0,0.0517,0,Low Risk
17391,United Kingdom,2,508.8,480,2,164,165,254.4,240.0,0.012,1,1,0.6402,1,Medium Risk
17392,United Kingdom,2,457.91,320,53,307,359,228.96,160.0,0.0056,1,1,0.703,1,High Risk
17394,United Kingdom,1,203.87,241,4,220,220,203.87,241.0,0.0045,1,1,0.9928,1,High Risk
17396,United Kingdom,8,7330.8,2005,24,40,372,916.35,250.62,0.0214,1,0,0.0884,0,Low Risk
17397,United Kingdom,2,696.41,254,88,23,23,348.2,127.0,0.0833,1,0,0.011,0,Low Risk
17398,United Kingdom,3,653.38,310,30,115,256,217.79,103.33,0.0117,1,1,0.5168,1,Medium Risk
17400,United Kingdom,5,2129.96,1097,175,127,354,425.99,219.4,0.0141,1,1,0.2503,0,Low Risk
17402,United Kingdom,13,2633.85,701,33,5,370,202.6,53.92,0.035,1,0,0.1245,0,Low Risk
17403,United Kingdom,1,281.62,117,32,37,37,281.62,117.0,0.0263,1,0,0.006,0,Low Risk
17404,Sweden,15,31906.82,32748,111,5,361,2127.12,2183.2,0.0414,0,0,0.067,0,Low Risk
17405,United Kingdom,3,1031.41,726,77,2,151,343.8,242.0,0.0197,1,0,0.1676,0,Low Risk
17406,United Kingdom,3,2200.42,787,99,334,367,733.47,262.33,0.0082,1,1,0.5533,1,Medium Risk
17408,United Kingdom,1,32.65,3,2,164,164,32.65,3.0,0.0061,1,1,0.9849,1,High Risk
17409,United Kingdom,2,771.85,105,13,185,249,385.92,52.5,0.008,1,1,0.7376,1,High Risk
17410,United Kingdom,5,1214.72,616,57,17,216,242.94,123.2,0.023,1,0,0.103,0,Low Risk
17411,United Kingdom,3,778.94,306,39,13,262,259.65,102.0,0.0114,1,0,0.4762,0,Medium Risk
17412,United Kingdom,7,1258.06,738,48,3,373,179.72,105.43,0.0187,1,0,0.1919,0,Low Risk
17414,United Kingdom,2,778.0,2100,5,44,185,389.0,1050.0,0.0108,1,0,0.6589,1,Medium Risk
17415,United Kingdom,1,507.84,114,14,80,80,507.84,114.0,0.0123,1,0,0.0116,0,Low Risk
17416,United Kingdom,7,6893.42,4302,186,30,282,984.77,614.57,0.0247,1,0,0.0398,0,Low Risk
17418,United Kingdom,2,463.46,289,29,43,324,231.73,144.5,0.0062,1,0,0.6941,1,Medium Risk
17419,United Kingdom,12,4226.57,1876,155,12,368,352.21,156.33,0.0325,1,0,0.0257,0,Low Risk
17420,United Kingdom,3,598.83,265,28,51,374,199.61,88.33,0.008,1,0,0.5772,1,Medium Risk
17422,United Kingdom,6,1979.37,2253,93,17,297,329.9,375.5,0.0201,1,0,0.0819,0,Low Risk
17423,United Kingdom,2,698.41,459,26,47,218,349.2,229.5,0.0091,1,0,0.6576,1,Medium Risk
17425,United Kingdom,2,759.17,407,42,20,61,379.58,203.5,0.0323,1,0,0.0043,0,Low Risk
17426,United Kingdom,6,5037.26,3094,179,9,283,839.54,515.67,0.0211,1,0,0.0544,0,Low Risk
17427,United Kingdom,1,100.8,34,2,72,72,100.8,34.0,0.0137,1,0,0.0036,0,Low Risk
17428,United Kingdom,28,17256.85,9474,252,1,369,616.32,338.36,0.0757,1,0,0.0165,0,Low Risk
17429,United Kingdom,3,524.92,624,36,129,219,174.97,208.0,0.0136,1,1,0.5011,1,Medium Risk
17430,United Kingdom,2,265.76,190,14,33,366,132.88,95.0,0.0054,1,0,0.7331,1,High Risk
17431,United Kingdom,1,403.3,292,41,314,314,403.3,292.0,0.0032,1,1,0.9803,1,High Risk
17432,United Kingdom,2,365.76,207,44,19,38,182.88,103.5,0.0513,1,0,0.0092,0,Low Risk
17433,United Kingdom,1,303.16,185,53,89,89,303.16,185.0,0.0111,1,0,0.0234,0,Low Risk
17434,United Kingdom,7,2373.82,1693,100,3,86,339.12,241.86,0.0805,1,0,0.02,0,Low Risk
17436,United Kingdom,2,216.3,90,7,2,227,108.15,45.0,0.0088,1,0,0.722,1,High Risk
17438,United Kingdom,1,388.45,103,17,254,254,388.45,103.0,0.0039,1,1,0.9946,1,High Risk
17440,United Kingdom,3,186.42,246,3,157,248,62.14,82.0,0.012,1,1,0.6689,1,Medium Risk
17442,United Kingdom,6,2248.56,1496,96,37,291,374.76,249.33,0.0205,1,0,0.106,0,Low Risk
17443,Canada,1,534.24,504,1,220,220,534.24,504.0,0.0045,0,1,0.9899,1,High Risk
17444,Canada,3,2940.04,2119,132,148,173,980.01,706.33,0.0172,0,1,0.1594,0,Low Risk
17446,United Kingdom,2,120.9,198,6,177,311,60.45,99.0,0.0064,1,1,0.7345,1,High Risk
17447,United Kingdom,2,541.53,443,33,41,72,270.76,221.5,0.0274,1,0,0.0088,0,Low Risk
17449,United Kingdom,7,2520.86,1122,178,3,360,360.12,160.29,0.0194,1,0,0.109,0,Low Risk
17450,United Kingdom,46,194550.79,69993,124,9,368,4229.36,1521.59,0.1247,1,0,0.0324,0,Low Risk
17451,United Kingdom,7,1721.4,1203,83,2,106,245.91,171.86,0.0654,1,0,0.0352,0,Low Risk
17453,United Kingdom,2,486.72,219,19,18,65,243.36,109.5,0.0303,1,0,0.0119,0,Low Risk
17454,United Kingdom,4,517.53,243,57,193,360,129.38,60.75,0.0111,1,1,0.5804,1,Medium Risk
17455,United Kingdom,1,131.7,66,8,204,204,131.7,66.0,0.0049,1,1,0.9959,1,High Risk
17456,United Kingdom,1,249.86,222,17,366,366,249.86,222.0,0.0027,1,1,0.9978,1,High Risk
17457,United Kingdom,5,1737.7,826,14,127,340,347.54,165.2,0.0147,1,1,0.3604,0,Medium Risk
17458,United Kingdom,1,316.5,170,52,16,16,316.5,170.0,0.0588,1,0,0.007,0,Low Risk
17459,United Kingdom,2,657.3,537,88,44,61,328.65,268.5,0.0323,1,0,0.0058,0,Low Risk
17460,United Kingdom,6,622.43,236,18,95,374,103.74,39.33,0.016,1,1,0.6306,1,Medium Risk
17461,United Kingdom,3,757.46,799,104,23,30,252.49,266.33,0.0968,1,0,0.0114,0,Low Risk
17462,United Kingdom,2,675.69,227,25,61,285,337.84,113.5,0.007,1,0,0.7064,1,High Risk
17463,United Kingdom,5,1896.41,1095,162,17,314,379.28,219.0,0.0159,1,0,0.2019,0,Low Risk
17464,United Kingdom,1,289.96,220,9,159,159,289.96,220.0,0.0062,1,1,0.992,1,High Risk
17466,United Kingdom,2,763.28,306,41,11,79,381.64,153.0,0.025,1,0,0.0101,0,Low Risk
17468,United Kingdom,2,137.0,116,5,11,15,68.5,58.0,0.125,1,0,0.0277,0,Low Risk
17469,United Kingdom,5,1870.97,787,61,17,205,374.19,157.4,0.0243,1,0,0.0972,0,Low Risk
17470,United Kingdom,5,1125.07,1675,67,45,368,225.01,335.0,0.0136,1,0,0.2559,0,Low Risk
17472,United Kingdom,3,710.29,462,142,192,300,236.76,154.0,0.01,1,1,0.5206,1,Medium Risk
17475,United Kingdom,1,194.37,178,14,80,80,194.37,178.0,0.0123,1,0,0.0072,0,Low Risk
17480,United Kingdom,1,511.82,338,29,78,78,511.82,338.0,0.0127,1,0,0.0034,0,Low Risk
17481,United Kingdom,4,1255.59,1061,69,4,94,313.9,265.25,0.0421,1,0,0.0439,0,Low Risk
17483,United Kingdom,3,414.04,191,18,66,184,138.01,63.67,0.0162,1,0,0.3941,0,Medium Risk
17486,United Kingdom,1,396.87,191,24,262,262,396.87,191.0,0.0038,1,1,0.9942,1,High Risk
17489,United Kingdom,2,376.64,428,28,59,213,188.32,214.0,0.0093,1,0,0.6309,1,Medium Risk
17490,United Kingdom,7,2092.32,1134,63,1,177,298.9,162.0,0.0393,1,0,0.0602,0,Low Risk
17491,United Kingdom,10,3558.87,2013,72,2,368,355.89,201.3,0.0271,1,0,0.0549,0,Low Risk
17492,United Kingdom,1,374.57,155,12,249,249,374.57,155.0,0.004,1,1,0.9952,1,High Risk
17495,United Kingdom,2,497.56,229,21,8,39,248.78,114.5,0.05,1,0,0.0165,0,Low Risk
17496,United Kingdom,1,271.05,79,10,359,359,271.05,79.0,0.0028,1,1,0.9931,1,High Risk
17498,United Kingdom,1,272.22,394,17,76,76,272.22,394.0,0.013,1,0,0.0054,0,Low Risk
17499,United Kingdom,1,622.88,711,40,290,290,622.88,711.0,0.0034,1,1,0.9703,1,High Risk
17500,United Kingdom,3,1138.0,17,3,18,30,379.33,5.67,0.0968,1,0,0.0342,0,Low Risk
17501,United Kingdom,2,288.6,160,18,221,221,144.3,80.0,0.009,1,1,0.7769,1,High Risk
17502,United Kingdom,4,689.1,376,25,10,30,172.28,94.0,0.129,1,0,0.0157,0,Low Risk
17503,United Kingdom,2,558.96,486,36,3,39,279.48,243.0,0.05,1,0,0.0082,0,Low Risk
17504,United Kingdom,9,2997.03,1664,112,207,323,333.0,184.89,0.0278,1,1,0.0698,0,Low Risk
17505,United Kingdom,2,1145.84,556,48,162,206,572.92,278.0,0.0097,1,1,0.6406,1,Medium Risk
17506,United Kingdom,1,302.2,139,14,76,76,302.2,139.0,0.013,1,0,0.0063,0,Low Risk
17507,United Kingdom,2,605.58,359,79,262,310,302.79,179.5,0.0064,1,1,0.6624,1,Medium Risk
17508,Greece,1,387.31,289,22,281,281,387.31,289.0,0.0035,0,1,0.9911,1,High Risk
17509,United Kingdom,8,6115.14,3534,75,58,64,764.39,441.75,0.1231,1,0,0.0298,0,Low Risk
17510,United Kingdom,1,308.48,214,20,25,25,308.48,214.0,0.0385,1,0,0.0009,0,Low Risk
17511,United Kingdom,31,91062.38,64549,453,3,374,2937.5,2082.23,0.0827,1,0,0.0655,0,Low Risk
17512,United Kingdom,10,2924.99,2753,61,29,302,292.5,275.3,0.033,1,0,0.0515,0,Low Risk
17513,United Kingdom,1,513.2,254,6,73,73,513.2,254.0,0.0135,1,0,0.0058,0,Low Risk
17514,United Kingdom,1,208.65,135,40,129,129,208.65,135.0,0.0077,1,1,0.9816,1,High Risk
17515,United Kingdom,4,639.02,243,49,32,319,159.76,60.75,0.0125,1,0,0.4967,0,Medium Risk
17516,United Kingdom,5,768.08,416,113,16,286,153.62,83.2,0.0174,1,0,0.2401,0,Low Risk
17517,United Kingdom,1,153.94,102,11,309,309,153.94,102.0,0.0032,1,1,0.9963,1,High Risk
17519,United Kingdom,6,1844.02,1236,60,18,369,307.34,206.0,0.0162,1,0,0.1875,0,Low Risk
17520,United Kingdom,1,546.81,365,30,54,54,546.81,365.0,0.0182,1,0,0.0074,0,Low Risk
17521,United Kingdom,3,723.21,519,38,30,200,241.07,173.0,0.0149,1,0,0.3497,0,Medium Risk
17522,United Kingdom,5,1070.71,1034,59,2,219,214.14,206.8,0.0227,1,0,0.0935,0,Low Risk
17523,United Kingdom,4,652.74,872,25,12,20,163.18,218.0,0.1905,1,0,0.0224,0,Low Risk
17524,United Kingdom,1,145.0,90,6,362,362,145.0,90.0,0.0028,1,1,0.9963,1,High Risk
17525,United Kingdom,1,422.7,82,9,360,360,422.7,82.0,0.0028,1,1,0.9887,1,High Risk
17526,United Kingdom,4,1195.9,310,17,5,366,298.98,77.5,0.0109,1,0,0.4748,0,Medium Risk
17527,United Kingdom,4,939.37,488,45,54,219,234.84,122.0,0.0182,1,0,0.2502,0,Low Risk
17528,United Kingdom,8,3628.5,2138,183,2,72,453.56,267.25,0.1096,1,0,0.0204,0,Low Risk
17530,United Kingdom,10,2385.0,1526,306,2,366,238.5,152.6,0.0272,1,0,0.0588,0,Low Risk
17531,United Kingdom,1,296.7,136,14,191,191,296.7,136.0,0.0052,1,1,0.9958,1,High Risk
17534,United Kingdom,1,223.36,103,9,54,54,223.36,103.0,0.0182,1,0,0.0072,0,Low Risk
17535,United Kingdom,1,164.4,136,13,281,281,164.4,136.0,0.0035,1,1,0.9963,1,High Risk
17536,United Kingdom,1,76.5,6,3,178,178,76.5,6.0,0.0056,1,1,0.9948,1,High Risk
17537,United Kingdom,2,897.62,700,74,30,304,448.81,350.0,0.0066,1,0,0.674,1,Medium Risk
17538,United Kingdom,1,98.42,134,9,26,26,98.42,134.0,0.037,1,0,0.0063,0,Low Risk
17540,United Kingdom,2,578.9,194,20,25,317,289.45,97.0,0.0063,1,0,0.7052,1,High Risk
17542,United Kingdom,1,170.75,134,24,270,270,170.75,134.0,0.0037,1,1,0.995,1,High Risk
17545,United Kingdom,3,645.96,341,122,44,44,215.32,113.67,0.0667,1,0,0.0115,0,Low Risk
17548,United Kingdom,1,103.3,58,5,234,234,103.3,58.0,0.0043,1,1,0.9952,1,High Risk
17549,United Kingdom,2,148.86,210,5,24,52,74.43,105.0,0.0377,1,0,0.0182,0,Low Risk
17550,United Kingdom,3,267.16,86,42,198,244,89.05,28.67,0.0122,1,1,0.6826,1,Medium Risk
17551,United Kingdom,1,306.84,150,39,360,360,306.84,150.0,0.0028,1,1,0.9924,1,High Risk
17552,United Kingdom,4,930.41,719,43,61,373,232.6,179.75,0.0107,1,0,0.4538,0,Medium Risk
17553,United Kingdom,1,1487.6,1048,2,130,130,1487.6,1048.0,0.0076,1,1,0.9626,1,High Risk
17554,United Kingdom,5,1952.45,1763,58,2,149,390.49,352.6,0.0333,1,0,0.069,0,Low Risk
17555,United Kingdom,2,483.26,349,101,20,335,241.63,174.5,0.006,1,0,0.606,1,Medium Risk
17556,United Kingdom,1,157.9,101,6,206,206,157.9,101.0,0.0048,1,1,0.9965,1,High Risk
17557,United Kingdom,3,541.46,306,27,15,82,180.49,102.0,0.0361,1,0,0.0144,0,Low Risk
17560,United Kingdom,4,854.95,635,22,95,311,213.74,158.75,0.0128,1,1,0.4111,0,Medium Risk
17561,United Kingdom,1,167.62,146,44,20,20,167.62,146.0,0.0476,1,0,0.0004,0,Low Risk
17562,United Kingdom,7,1122.38,817,48,15,174,160.34,116.71,0.04,1,0,0.0777,0,Low Risk
17564,United Kingdom,3,454.01,146,38,25,81,151.34,48.67,0.0366,1,0,0.0142,0,Low Risk
17566,United Kingdom,2,901.21,518,113,9,26,450.6,259.0,0.0741,1,0,0.0066,0,Low Risk
17567,United Kingdom,8,4331.48,2632,110,8,373,541.43,329.0,0.0214,1,0,0.0603,0,Low Risk
17569,United Kingdom,1,344.14,159,29,333,333,344.14,159.0,0.003,1,1,0.996,1,High Risk
17571,United Kingdom,4,1498.51,905,247,51,299,374.63,226.25,0.0133,1,0,0.3017,0,Medium Risk
17572,United Kingdom,4,226.75,95,7,72,374,56.69,23.75,0.0107,1,0,0.6062,1,Medium Risk
17573,United Kingdom,3,380.6,308,24,30,94,126.87,102.67,0.0316,1,0,0.0688,0,Low Risk
17574,United Kingdom,1,185.65,77,8,243,243,185.65,77.0,0.0041,1,1,0.9953,1,High Risk
17576,United Kingdom,19,3622.68,1994,245,9,366,190.67,104.95,0.0518,1,0,0.0319,0,Low Risk
17578,United Kingdom,1,143.46,138,5,219,219,143.46,138.0,0.0045,1,1,0.9965,1,High Risk
17579,United Kingdom,3,448.9,258,46,5,180,149.63,86.0,0.0166,1,0,0.3259,0,Medium Risk
17580,United Kingdom,3,215.72,88,43,253,359,71.91,29.33,0.0083,1,1,0.7324,1,High Risk
17581,United Kingdom,25,11045.04,5927,229,1,373,441.8,237.08,0.0668,1,0,0.0169,0,Low Risk
17582,United Kingdom,1,175.27,123,28,237,237,175.27,123.0,0.0042,1,1,0.9969,1,High Risk
17584,United Kingdom,2,1242.3,458,30,8,128,621.15,229.0,0.0155,1,0,0.3298,0,Medium Risk
17585,United Kingdom,4,1133.07,1671,176,110,339,283.27,417.75,0.0118,1,1,0.3373,0,Medium Risk
17588,United Kingdom,3,1240.2,676,19,101,233,413.4,225.33,0.0128,1,1,0.4735,0,Medium Risk
17589,United Kingdom,4,2404.17,1631,172,61,241,601.04,407.75,0.0165,1,0,0.1616,0,Low Risk
17590,United Kingdom,3,1479.22,828,162,3,41,493.07,276.0,0.0714,1,0,0.0203,0,Low Risk
17591,United Kingdom,7,2225.97,1009,81,74,368,318.0,144.14,0.019,1,0,0.1234,0,Low Risk
17593,United Kingdom,5,3927.34,3101,190,4,353,785.47,620.2,0.0141,1,0,0.1242,0,Low Risk
17594,United Kingdom,2,993.18,550,42,86,255,496.59,275.0,0.0078,1,0,0.6522,1,Medium Risk
17595,United Kingdom,2,388.79,229,68,13,38,194.4,114.5,0.0513,1,0,0.0097,0,Low Risk
17596,United Kingdom,7,2827.93,4400,168,24,369,403.99,628.57,0.0189,1,0,0.105,0,Low Risk
17597,United Kingdom,1,2044.37,1176,55,214,214,2044.37,1176.0,0.0047,1,1,0.9554,1,High Risk
17600,United Kingdom,1,161.67,144,13,18,18,161.67,144.0,0.0526,1,0,0.0068,0,Low Risk
17601,United Kingdom,1,116.01,103,9,240,240,116.01,103.0,0.0041,1,1,0.9965,1,High Risk
17602,United Kingdom,6,5102.97,4151,335,3,325,850.5,691.83,0.0184,1,0,0.0974,0,Low Risk
17603,United Kingdom,1,394.72,74,11,79,79,394.72,74.0,0.0125,1,0,0.0013,0,Low Risk
17604,United Kingdom,2,309.36,169,57,218,313,154.68,84.5,0.0064,1,1,0.6999,1,Medium Risk
17608,United Kingdom,2,193.42,232,54,34,34,96.71,116.0,0.0571,1,0,0.0189,0,Low Risk
17609,United Kingdom,5,1112.22,723,199,41,328,222.44,144.6,0.0152,1,0,0.2247,0,Low Risk
17611,United Kingdom,15,3984.22,2560,440,8,362,265.61,170.67,0.0413,1,0,0.0166,0,Low Risk
17612,United Kingdom,6,2048.45,1808,116,54,298,341.41,301.33,0.0201,1,0,0.0814,0,Low Risk
17613,United Kingdom,14,4559.15,2496,211,23,306,325.65,178.29,0.0456,1,0,0.0168,0,Low Risk
17614,United Kingdom,1,390.07,238,97,58,58,390.07,238.0,0.0169,1,0,0.0073,0,Low Risk
17615,United Kingdom,3,329.6,140,13,131,223,109.87,46.67,0.0134,1,1,0.5782,1,Medium Risk
17616,United Kingdom,3,571.2,224,1,174,368,190.4,74.67,0.0081,1,1,0.6339,1,Medium Risk
17618,United Kingdom,3,971.58,331,56,6,363,323.86,110.33,0.0082,1,0,0.5715,1,Medium Risk
17619,United Kingdom,1,218.52,127,71,313,313,218.52,127.0,0.0032,1,1,0.9715,1,High Risk
17620,United Kingdom,1,81.44,60,4,60,60,81.44,60.0,0.0164,1,0,0.0202,0,Low Risk
17621,United Kingdom,3,1379.9,514,24,22,355,459.97,171.33,0.0084,1,0,0.6239,1,Medium Risk
17623,United Kingdom,1,527.05,265,33,33,33,527.05,265.0,0.0294,1,0,0.0021,0,Low Risk
17624,United Kingdom,2,843.48,554,49,15,219,421.74,277.0,0.0091,1,0,0.6119,1,Medium Risk
17625,United Kingdom,4,2047.0,1198,223,19,258,511.75,299.5,0.0154,1,0,0.1943,0,Low Risk
17628,United Kingdom,1,75.75,79,5,82,82,75.75,79.0,0.012,1,0,0.0176,0,Low Risk
17629,United Kingdom,8,1814.12,1629,106,6,360,226.76,203.62,0.0222,1,0,0.0982,0,Low Risk
17630,United Kingdom,2,503.6,158,24,170,233,251.8,79.0,0.0085,1,1,0.7572,1,High Risk
17631,United Kingdom,3,528.33,334,39,2,233,176.11,111.33,0.0128,1,0,0.4449,0,Medium Risk
17633,United Kingdom,4,1324.84,644,59,32,121,331.21,161.0,0.0328,1,0,0.0641,0,Low Risk
17634,United Kingdom,9,2361.97,840,209,37,338,262.44,93.33,0.0265,1,0,0.074,0,Low Risk
17636,United Kingdom,1,285.56,182,20,20,20,285.56,182.0,0.0476,1,0,0.0009,0,Low Risk
17637,United Kingdom,2,547.06,280,35,32,116,273.53,140.0,0.0171,1,0,0.2533,0,Low Risk
17639,United Kingdom,1,108.5,49,7,277,277,108.5,49.0,0.0036,1,1,0.9949,1,High Risk
17640,United Kingdom,1,621.66,250,5,87,87,621.66,250.0,0.0114,1,0,0.0219,0,Low Risk
17642,United Kingdom,2,712.29,474,34,120,177,356.14,237.0,0.0112,1,1,0.5798,1,Medium Risk
17643,United Kingdom,1,101.55,71,8,374,374,101.55,71.0,0.0027,1,1,0.9958,1,High Risk
17644,United Kingdom,11,2895.64,1793,102,2,261,263.24,163.0,0.042,1,0,0.0421,0,Low Risk
17646,United Kingdom,3,1008.39,323,46,220,366,336.13,107.67,0.0082,1,1,0.5744,1,Medium Risk
17647,United Kingdom,1,133.06,30,7,66,66,133.06,30.0,0.0149,1,0,0.0011,0,Low Risk
17648,United Kingdom,4,1797.5,487,81,61,250,449.38,121.75,0.0159,1,0,0.2782,0,Low Risk
17649,United Kingdom,1,868.49,399,52,139,139,868.49,399.0,0.0071,1,1,0.9637,1,High Risk
17650,United Kingdom,1,166.08,150,8,22,22,166.08,150.0,0.0435,1,0,0.0009,0,Low Risk
17651,United Kingdom,10,3945.0,3112,149,12,178,394.5,311.2,0.0559,1,0,0.0408,0,Low Risk
17652,United Kingdom,12,4867.72,2509,118,26,282,405.64,209.08,0.0424,1,0,0.0243,0,Low Risk
17653,United Kingdom,4,1207.56,1409,44,37,121,301.89,352.25,0.0328,1,0,0.0793,0,Low Risk
17654,United Kingdom,1,117.55,41,22,278,278,117.55,41.0,0.0036,1,1,0.9965,1,High Risk
17655,United Kingdom,7,2638.94,1116,66,11,367,376.99,159.43,0.019,1,0,0.1279,0,Low Risk
17656,United Kingdom,5,1674.69,1399,67,74,129,334.94,279.8,0.0385,1,0,0.0562,0,Low Risk
17658,United Kingdom,2,595.42,616,17,26,212,297.71,308.0,0.0094,1,0,0.6354,1,Medium Risk
17659,United Kingdom,12,2999.46,1525,127,18,373,249.96,127.08,0.0321,1,0,0.0738,0,Low Risk
17660,United Kingdom,1,196.0,130,37,142,142,196.0,130.0,0.007,1,1,0.9816,1,High Risk
17663,United Kingdom,7,1802.91,797,63,26,288,257.56,113.86,0.0242,1,0,0.0833,0,Low Risk
17664,United Kingdom,2,604.64,604,41,19,213,302.32,302.0,0.0093,1,0,0.5799,1,Medium Risk
17666,United Kingdom,2,728.16,596,14,4,66,364.08,298.0,0.0299,1,0,0.0073,0,Low Risk
17667,United Kingdom,5,2055.51,1033,85,67,299,411.1,206.6,0.0167,1,0,0.188,0,Low Risk
17668,United Kingdom,2,347.75,93,14,2,39,173.88,46.5,0.05,1,0,0.0255,0,Low Risk
17669,United Kingdom,7,3406.72,1916,45,43,250,486.67,273.71,0.0279,1,0,0.0736,0,Low Risk
17670,United Kingdom,1,205.7,110,11,228,228,205.7,110.0,0.0044,1,1,0.9963,1,High Risk
17671,United Kingdom,4,1572.71,772,40,16,366,393.18,193.0,0.0109,1,0,0.4621,0,Medium Risk
17672,United Kingdom,2,3178.17,1690,105,51,310,1589.08,845.0,0.0064,1,0,0.595,1,Medium Risk
17673,United Kingdom,6,1629.12,1487,118,2,321,271.52,247.83,0.0186,1,0,0.1314,0,Low Risk
17674,United Kingdom,2,551.04,672,19,75,369,275.52,336.0,0.0054,1,0,0.6821,1,Medium Risk
17675,United Kingdom,31,20374.28,8360,239,2,368,657.23,269.68,0.084,1,0,0.0169,0,Low Risk
17676,United Kingdom,6,1387.68,932,49,5,367,231.28,155.33,0.0163,1,0,0.2167,0,Low Risk
17677,United Kingdom,30,16363.23,9775,178,2,369,545.44,325.83,0.0811,1,0,0.0165,0,Low Risk
17678,United Kingdom,1,298.11,207,16,264,264,298.11,207.0,0.0038,1,1,0.997,1,High Risk
17679,United Kingdom,2,1992.11,729,29,53,86,996.06,364.5,0.023,1,0,0.0098,0,Low Risk
17680,United Kingdom,1,184.4,96,11,24,24,184.4,96.0,0.04,1,0,0.0092,0,Low Risk
17682,United Kingdom,6,2474.33,1367,48,11,369,412.39,227.83,0.0162,1,0,0.1905,0,Low Risk
17684,United Kingdom,1,239.41,145,15,44,44,239.41,145.0,0.0222,1,0,0.0011,0,Low Risk
17685,United Kingdom,7,3191.53,1956,88,17,373,455.93,279.43,0.0187,1,0,0.1048,0,Low Risk
17686,United Kingdom,7,5739.46,2478,205,8,303,819.92,354.0,0.023,1,0,0.0423,0,Low Risk
17690,United Kingdom,15,4757.95,1773,186,31,374,317.2,118.2,0.04,1,0,0.041,0,Low Risk
17691,United Kingdom,2,290.4,134,18,359,369,145.2,67.0,0.0054,1,1,0.8172,1,High Risk
17692,United Kingdom,4,740.94,672,34,128,360,185.24,168.0,0.0111,1,1,0.5003,1,Medium Risk
17693,United Kingdom,1,200.47,231,16,138,138,200.47,231.0,0.0072,1,1,0.9905,1,High Risk
17694,United Kingdom,1,283.12,184,15,142,142,283.12,184.0,0.007,1,1,0.9875,1,High Risk
17695,United Kingdom,2,765.34,779,30,132,172,382.67,389.5,0.0116,1,1,0.5416,1,Medium Risk
17696,United Kingdom,8,2285.71,1756,78,39,365,285.71,219.5,0.0219,1,0,0.0756,0,Low Risk
17697,United Kingdom,1,338.95,93,19,237,237,338.95,93.0,0.0042,1,1,0.9949,1,High Risk
17698,United Kingdom,1,154.95,93,8,261,261,154.95,93.0,0.0038,1,1,0.9963,1,High Risk
17700,United Kingdom,4,2534.64,1266,116,17,282,633.66,316.5,0.0141,1,0,0.2076,0,Low Risk
17701,United Kingdom,1,417.95,109,24,253,253,417.95,109.0,0.0039,1,1,0.9907,1,High Risk
17702,United Kingdom,4,1824.37,1353,58,31,207,456.09,338.25,0.0192,1,0,0.156,0,Low Risk
17703,United Kingdom,3,798.74,590,47,36,139,266.25,196.67,0.0214,1,0,0.1247,0,Low Risk
17704,United Kingdom,2,885.19,343,27,169,240,442.6,171.5,0.0083,1,1,0.7206,1,High Risk
17705,United Kingdom,9,1823.52,963,63,4,302,202.61,107.0,0.0297,1,0,0.0723,0,Low Risk
17706,United Kingdom,17,10504.49,3899,270,5,367,617.91,229.35,0.0462,1,0,0.018,0,Low Risk
17707,United Kingdom,2,152.4,144,3,186,337,76.2,72.0,0.0059,1,1,0.8033,1,High Risk
17708,United Kingdom,2,267.08,91,28,188,325,133.54,45.5,0.0061,1,1,0.7957,1,High Risk
17709,United Kingdom,1,137.45,17,7,170,170,137.45,17.0,0.0058,1,1,0.9946,1,High Risk
17711,United Kingdom,2,385.1,246,22,11,290,192.55,123.0,0.0069,1,0,0.6801,1,Medium Risk
17712,United Kingdom,1,522.91,215,29,45,45,522.91,215.0,0.0217,1,0,0.0021,0,Low Risk
17714,United Kingdom,1,153.0,92,10,321,321,153.0,92.0,0.0031,1,1,0.9963,1,High Risk
17715,United Kingdom,1,326.4,384,1,201,201,326.4,384.0,0.005,1,1,0.993,1,High Risk
17716,United Kingdom,11,5655.99,3072,171,23,268,514.18,279.27,0.0409,1,0,0.0234,0,Low Risk
17718,United Kingdom,1,139.35,83,6,233,233,139.35,83.0,0.0043,1,1,0.9964,1,High Risk
17719,United Kingdom,15,5396.04,2466,111,38,256,359.74,164.4,0.0584,1,0,0.0237,0,Low Risk
17720,United Kingdom,4,1195.94,576,39,27,368,298.98,144.0,0.0108,1,0,0.5243,1,Medium Risk
17722,United Kingdom,4,2424.04,1595,111,97,367,606.01,398.75,0.0109,1,1,0.4726,0,Medium Risk
17723,United Kingdom,6,3276.4,792,4,128,215,546.07,132.0,0.0278,1,1,0.2501,0,Low Risk
17724,United Kingdom,3,1033.0,300,38,72,139,344.33,100.0,0.0214,1,0,0.1371,0,Low Risk
17725,United Kingdom,11,3439.08,2162,115,17,268,312.64,196.55,0.0409,1,0,0.0418,0,Low Risk
17727,United Kingdom,1,1060.25,645,66,16,16,1060.25,645.0,0.0588,1,0,0.003,0,Low Risk
17728,United Kingdom,3,2876.01,1469,153,4,87,958.67,489.67,0.0341,1,0,0.0194,0,Low Risk
17730,United Kingdom,13,5298.48,3576,127,4,327,407.58,275.08,0.0396,1,0,0.0207,0,Low Risk
17731,United Kingdom,4,1240.11,493,54,80,184,310.03,123.25,0.0216,1,0,0.1255,0,Low Risk
17732,United Kingdom,1,303.97,93,18,373,373,303.97,93.0,0.0027,1,1,0.9949,1,High Risk
17733,United Kingdom,2,692.19,463,33,39,262,346.1,231.5,0.0076,1,0,0.6737,1,Medium Risk
17734,United Kingdom,3,700.63,422,40,54,234,233.54,140.67,0.0128,1,0,0.4121,0,Medium Risk
17735,United Kingdom,19,13110.02,8439,319,3,368,690.0,444.16,0.0515,1,0,0.0171,0,Low Risk
17736,United Kingdom,3,377.44,238,24,10,114,125.81,79.33,0.0261,1,0,0.1014,0,Low Risk
17737,United Kingdom,2,168.24,108,8,10,59,84.12,54.0,0.0333,1,0,0.021,0,Low Risk
17738,United Kingdom,4,1879.05,1029,89,20,283,469.76,257.25,0.0141,1,0,0.2505,0,Low Risk
17739,United Kingdom,7,2791.35,861,29,12,361,398.76,123.0,0.0193,1,0,0.1647,0,Low Risk
17742,United Kingdom,2,355.11,89,13,114,333,177.56,44.5,0.006,1,1,0.8095,1,High Risk
17744,United Kingdom,6,2322.4,3412,110,4,359,387.07,568.67,0.0167,1,0,0.1393,0,Low Risk
17746,United Kingdom,1,110.25,29,6,241,241,110.25,29.0,0.0041,1,1,0.9975,1,High Risk
17747,United Kingdom,1,71.4,12,1,113,113,71.4,12.0,0.0088,1,1,0.9925,1,High Risk
17749,United Kingdom,2,674.52,320,33,179,257,337.26,160.0,0.0078,1,1,0.6999,1,Medium Risk
17750,United Kingdom,9,1797.57,3957,101,6,165,199.73,439.67,0.0542,1,0,0.0627,0,Low Risk
17752,United Kingdom,1,80.64,192,1,360,360,80.64,192.0,0.0028,1,1,0.9916,1,High Risk
17754,United Kingdom,5,1772.26,1869,82,1,261,354.45,373.8,0.0191,1,0,0.1108,0,Low Risk
17757,United Kingdom,30,5605.29,3320,275,2,373,186.84,110.67,0.0802,1,0,0.0185,0,Low Risk
17758,United Kingdom,8,3456.7,2091,310,20,251,432.09,261.38,0.0317,1,0,0.0475,0,Low Risk
17759,United Kingdom,3,834.99,708,82,18,170,278.33,236.0,0.0175,1,0,0.235,0,Low Risk
17760,United Kingdom,2,287.59,239,25,22,374,143.79,119.5,0.0053,1,0,0.6172,1,Medium Risk
17761,United Kingdom,1,712.78,398,19,33,33,712.78,398.0,0.0294,1,0,0.0024,0,Low Risk
17763,United Kingdom,1,15.0,12,1,264,264,15.0,12.0,0.0038,1,1,0.9973,1,High Risk
17764,United Kingdom,2,818.82,395,71,51,212,409.41,197.5,0.0094,1,0,0.5658,1,Medium Risk
17765,United Kingdom,3,371.88,144,51,159,257,123.96,48.0,0.0116,1,1,0.5573,1,Medium Risk
17767,United Kingdom,1,271.2,128,21,16,16,271.2,128.0,0.0588,1,0,0.0068,0,Low Risk
17768,United Kingdom,3,2273.18,1186,77,9,167,757.73,395.33,0.0179,1,0,0.1885,0,Low Risk
17769,United Kingdom,10,3997.98,1862,200,13,321,399.8,186.2,0.0311,1,0,0.0285,0,Low Risk
17770,United Kingdom,5,1143.27,365,33,199,283,228.65,73.0,0.0176,1,1,0.3018,0,Medium Risk
17771,United Kingdom,2,245.81,287,51,57,324,122.9,143.5,0.0062,1,0,0.6415,1,Medium Risk
17772,United Kingdom,2,182.77,58,50,11,11,91.38,29.0,0.1667,1,0,0.0325,0,Low Risk
17774,United Kingdom,4,1225.41,512,123,97,306,306.35,128.0,0.013,1,1,0.327,0,Medium Risk
17775,United Kingdom,1,56.4,72,3,255,255,56.4,72.0,0.0039,1,1,0.9965,1,High Risk
17777,United Kingdom,3,665.86,507,141,25,101,221.95,169.0,0.0294,1,0,0.0598,0,Low Risk
17779,United Kingdom,3,658.57,397,73,22,144,219.52,132.33,0.0207,1,0,0.1326,0,Low Risk
17781,United Kingdom,2,188.02,34,12,160,254,94.01,17.0,0.0078,1,1,0.7831,1,High Risk
17783,United Kingdom,2,283.47,354,67,73,248,141.74,177.0,0.008,1,0,0.6163,1,Medium Risk
17785,United Kingdom,1,131.94,67,13,54,54,131.94,67.0,0.0182,1,0,0.0075,0,Low Risk
17786,United Kingdom,2,278.74,200,57,86,318,139.37,100.0,0.0063,1,0,0.6593,1,Medium Risk
17787,United Kingdom,4,1865.19,910,94,153,372,466.3,227.5,0.0107,1,1,0.5522,1,Medium Risk
17788,United Kingdom,2,1117.9,211,3,74,130,558.95,105.5,0.0153,1,0,0.3427,0,Medium Risk
17789,United Kingdom,1,225.9,74,14,282,282,225.9,74.0,0.0035,1,1,0.9925,1,High Risk
17790,United Kingdom,14,1965.55,836,121,27,365,140.4,59.71,0.0383,1,0,0.1105,0,Low Risk
17791,United Kingdom,1,106.1,46,10,30,30,106.1,46.0,0.0323,1,0,0.0107,0,Low Risk
17793,United Kingdom,1,323.04,232,49,26,26,323.04,232.0,0.037,1,0,0.0021,0,Low Risk
17795,United Kingdom,2,350.39,341,43,180,265,175.2,170.5,0.0075,1,1,0.6499,1,Medium Risk
17796,United Kingdom,4,697.9,178,63,41,370,174.48,44.5,0.0108,1,0,0.5075,1,Medium Risk
17797,United Kingdom,3,780.43,498,102,23,183,260.14,166.0,0.0163,1,0,0.2227,0,Low Risk
17799,United Kingdom,10,3055.93,1758,280,23,362,305.59,175.8,0.0275,1,0,0.0454,0,Low Risk
17800,United Kingdom,9,1199.01,736,51,38,335,133.22,81.78,0.0268,1,0,0.0849,0,Low Risk
17802,United Kingdom,3,1285.04,752,102,83,373,428.35,250.67,0.008,1,0,0.5242,1,Medium Risk
17805,United Kingdom,1,512.31,478,10,74,74,512.31,478.0,0.0133,1,0,0.0143,0,Low Risk
17806,United Kingdom,1,546.04,727,43,12,12,546.04,727.0,0.0769,1,0,0.0039,0,Low Risk
17809,United Kingdom,12,5411.91,2057,46,17,374,450.99,171.42,0.032,1,0,0.0969,0,Low Risk
17811,United Kingdom,39,7837.73,4177,359,5,334,200.97,107.1,0.1164,1,0,0.0257,0,Low Risk
17812,United Kingdom,4,732.16,350,113,13,369,183.04,87.5,0.0108,1,0,0.4791,0,Medium Risk
17813,United Kingdom,5,1770.88,790,297,15,72,354.18,158.0,0.0685,1,0,0.0257,0,Low Risk
17816,United Kingdom,4,36.56,30,16,37,366,9.14,7.5,0.0109,1,0,0.5155,1,Medium Risk
17817,United Kingdom,3,387.68,67,32,5,278,129.23,22.33,0.0108,1,0,0.679,1,Medium Risk
17819,United Kingdom,7,3704.87,1031,36,72,372,529.27,147.29,0.0188,1,0,0.1705,0,Low Risk
17824,United Kingdom,1,298.4,408,13,52,52,298.4,408.0,0.0189,1,0,0.0026,0,Low Risk
17827,United Kingdom,5,1995.46,1247,190,6,365,399.09,249.4,0.0137,1,0,0.2319,0,Low Risk
17828,Malta,4,1820.09,667,54,23,185,455.02,166.75,0.0215,0,0,0.114,0,Low Risk
17829,United Arab Emirates,1,889.24,496,30,299,299,889.24,496.0,0.0033,0,1,0.9775,1,High Risk
17830,United Kingdom,3,398.7,92,18,2,289,132.9,30.67,0.0103,1,0,0.6711,1,Medium Risk
17831,United Kingdom,1,35.4,12,2,34,34,35.4,12.0,0.0286,1,0,0.0037,0,Low Risk
17832,United Kingdom,1,155.37,208,61,50,50,155.37,208.0,0.0196,1,0,0.006,0,Low Risk
17835,United Kingdom,3,350.64,348,45,3,24,116.88,116.0,0.12,1,0,0.0065,0,Low Risk
17836,United Kingdom,1,110.21,88,23,48,48,110.21,88.0,0.0204,1,0,0.0062,0,Low Risk
17837,United Kingdom,8,1593.38,518,110,43,164,199.17,64.75,0.0485,1,0,0.0861,0,Low Risk
17838,United Kingdom,5,2779.3,1879,96,27,373,555.86,375.8,0.0134,1,0,0.2196,0,Low Risk
17839,United Kingdom,1,338.8,285,50,43,43,338.8,285.0,0.0227,1,0,0.0023,0,Low Risk
17841,United Kingdom,124,40991.57,23071,1323,2,374,330.58,186.06,0.3307,1,0,0.0285,0,Low Risk
17843,United Kingdom,1,205.48,113,36,304,304,205.48,113.0,0.0033,1,1,0.9868,1,High Risk
17844,Canada,1,51.56,52,5,107,107,51.56,52.0,0.0093,0,1,0.9863,1,High Risk
17846,United Kingdom,1,2033.1,1,1,86,86,2033.1,1.0,0.0115,1,0,0.0464,0,Low Risk
17848,United Kingdom,9,901.2,398,41,82,359,100.13,44.22,0.025,1,0,0.2155,0,Low Risk
17849,United Kingdom,4,605.8,114,14,219,334,151.45,28.5,0.0119,1,1,0.625,1,Medium Risk
17850,United Kingdom,34,5391.21,1733,21,373,374,158.56,50.97,0.0907,1,1,0.2857,0,Low Risk
17852,United Kingdom,2,114.34,53,21,12,12,57.17,26.5,0.1538,1,0,0.0393,0,Low Risk
17854,United Kingdom,2,311.26,84,15,186,228,155.63,42.0,0.0087,1,1,0.7884,1,High Risk
17855,United Kingdom,1,208.97,197,17,373,373,208.97,197.0,0.0027,1,1,0.9945,1,High Risk
17856,United Kingdom,4,1418.03,842,12,2,282,354.51,210.5,0.0141,1,0,0.361,0,Medium Risk
17857,United Kingdom,23,26879.04,19256,19,5,366,1168.65,837.22,0.0627,1,0,0.0771,0,Low Risk
17858,United Kingdom,12,5155.66,2706,101,6,370,429.64,225.5,0.0323,1,0,0.0299,0,Low Risk
17859,United Kingdom,1,148.21,127,23,305,305,148.21,127.0,0.0033,1,1,0.9949,1,High Risk
17860,United Kingdom,1,252.8,104,49,369,369,252.8,104.0,0.0027,1,1,0.982,1,High Risk
17861,United Kingdom,8,2100.8,1988,172,4,320,262.6,248.5,0.0249,1,0,0.0502,0,Low Risk
17862,United Kingdom,1,330.9,100,11,324,324,330.9,100.0,0.0031,1,1,0.9946,1,High Risk
17863,United Kingdom,6,3160.0,2638,110,60,370,526.67,439.67,0.0162,1,0,0.1318,0,Low Risk
17864,United Kingdom,3,597.5,810,70,13,276,199.17,270.0,0.0108,1,0,0.5062,1,Medium Risk
17865,United Kingdom,20,10526.32,5757,191,31,365,526.32,287.85,0.0546,1,0,0.0219,0,Low Risk
17866,United Kingdom,1,329.65,174,9,143,143,329.65,174.0,0.0069,1,1,0.9885,1,High Risk
17867,United Kingdom,6,1197.1,542,62,31,289,199.52,90.33,0.0207,1,0,0.1255,0,Low Risk
17869,United Kingdom,5,428.18,111,37,108,369,85.64,22.2,0.0135,1,1,0.6941,1,Medium Risk
17870,United Kingdom,12,1894.35,1401,214,3,367,157.86,116.75,0.0326,1,0,0.0536,0,Low Risk
17871,United Kingdom,1,155.9,182,10,205,205,155.9,182.0,0.0049,1,1,0.9944,1,High Risk
17873,United Kingdom,5,1859.16,1047,24,81,374,371.83,209.4,0.0133,1,0,0.394,0,Medium Risk
17874,United Kingdom,6,683.46,221,37,186,256,113.91,36.83,0.0233,1,1,0.344,0,Medium Risk
17877,United Kingdom,1,237.61,98,12,171,171,237.61,98.0,0.0058,1,1,0.9881,1,High Risk
17878,United Kingdom,1,379.45,401,26,44,44,379.45,401.0,0.0222,1,0,0.006,0,Low Risk
17879,United Kingdom,1,178.52,45,6,174,174,178.52,45.0,0.0057,1,1,0.9881,1,High Risk
17880,United Kingdom,1,458.92,314,26,365,365,458.92,314.0,0.0027,1,1,0.9894,1,High Risk
17881,United Kingdom,1,133.35,32,8,305,305,133.35,32.0,0.0033,1,1,0.997,1,High Risk
17883,United Kingdom,4,671.77,379,133,4,247,167.94,94.75,0.0161,1,0,0.2622,0,Low Risk
17884,United Kingdom,4,717.45,854,107,4,372,179.36,213.5,0.0107,1,0,0.4766,0,Medium Risk
17885,United Kingdom,1,190.19,167,50,13,13,190.19,167.0,0.0714,1,0,0.0011,0,Low Risk
17886,United Kingdom,3,899.61,481,93,32,250,299.87,160.33,0.012,1,0,0.3289,0,Medium Risk
17887,United Kingdom,1,111.35,30,10,130,130,111.35,30.0,0.0076,1,1,0.9929,1,High Risk
17888,United Kingdom,8,726.05,980,60,22,358,90.76,122.5,0.0223,1,0,0.1652,0,Low Risk
17889,United Kingdom,2,203.87,79,20,213,323,101.94,39.5,0.0062,1,1,0.793,1,High Risk
17890,United Kingdom,2,602.09,416,88,323,362,301.04,208.0,0.0055,1,1,0.6496,1,Medium Risk
17891,United Kingdom,1,203.86,393,34,163,163,203.86,393.0,0.0061,1,1,0.9665,1,High Risk
17892,United Kingdom,3,244.1,109,27,57,156,81.37,36.33,0.0191,1,0,0.385,0,Medium Risk
17893,United Kingdom,1,112.25,161,15,226,226,112.25,161.0,0.0044,1,1,0.9931,1,High Risk
17894,United Kingdom,8,1119.81,405,127,72,367,139.98,50.62,0.0217,1,0,0.1735,0,Low Risk
17895,United Kingdom,1,98.0,130,15,45,45,98.0,130.0,0.0217,1,0,0.0066,0,Low Risk
17896,United Kingdom,1,256.32,288,2,24,24,256.32,288.0,0.04,1,0,0.0015,0,Low Risk
17897,United Kingdom,3,566.6,229,100,173,374,188.87,76.33,0.008,1,1,0.5015,1,Medium Risk
17898,United Kingdom,2,152.06,190,27,86,208,76.03,95.0,0.0096,1,0,0.6318,1,Medium Risk
17899,United Kingdom,1,155.8,171,29,160,160,155.8,171.0,0.0062,1,1,0.9804,1,High Risk
17900,United Kingdom,2,112.2,73,4,191,191,56.1,36.5,0.0104,1,1,0.7142,1,High Risk
17901,United Kingdom,1,110.38,24,19,30,30,110.38,24.0,0.0323,1,0,0.0056,0,Low Risk
17904,United Kingdom,1,191.67,63,33,22,22,191.67,63.0,0.0435,1,0,0.0107,0,Low Risk
17905,United Kingdom,4,800.24,407,33,72,374,200.06,101.75,0.0107,1,0,0.5508,1,Medium Risk
17906,United Kingdom,1,72.9,26,12,248,248,72.9,26.0,0.004,1,1,0.9975,1,High Risk
17908,United Kingdom,1,243.28,173,51,374,374,243.28,173.0,0.0027,1,1,0.9793,1,High Risk
17911,United Kingdom,1,366.23,223,39,10,10,366.23,223.0,0.0909,1,0,0.0021,0,Low Risk
17912,United Kingdom,5,311.01,185,35,311,365,62.2,37.0,0.0137,1,1,0.7229,1,High Risk
17913,United Kingdom,2,411.6,289,55,59,356,205.8,144.5,0.0056,1,0,0.6764,1,Medium Risk
17914,United Kingdom,1,336.43,473,72,4,4,336.43,473.0,0.2,1,0,0.0016,0,Low Risk
17917,United Kingdom,3,341.28,187,77,46,363,113.76,62.33,0.0082,1,0,0.5682,1,Medium Risk
17919,United Kingdom,1,1304.04,756,23,89,89,1304.04,756.0,0.0111,1,0,0.0454,0,Low Risk
17920,United Kingdom,17,4204.1,2516,407,5,374,247.3,148.0,0.0453,1,0,0.0274,0,Low Risk
17921,United Kingdom,4,826.52,430,114,65,267,206.63,107.5,0.0149,1,0,0.2518,0,Low Risk
17923,United Kingdom,1,207.5,50,1,283,283,207.5,50.0,0.0035,1,1,0.9922,1,High Risk
17924,United Kingdom,7,2962.5,1160,26,12,374,423.21,165.71,0.0187,1,0,0.2296,0,Low Risk
17925,United Kingdom,1,244.08,72,1,373,373,244.08,72.0,0.0027,1,1,0.9934,1,High Risk
17926,United Kingdom,2,397.29,306,17,134,204,198.64,153.0,0.0098,1,1,0.6701,1,Medium Risk
17928,United Kingdom,2,212.54,140,23,46,247,106.27,70.0,0.0081,1,0,0.7287,1,High Risk
17929,United Kingdom,4,843.0,108,4,12,309,210.75,27.0,0.0129,1,0,0.4742,0,Medium Risk
17930,United Kingdom,5,1740.48,1594,26,36,240,348.1,318.8,0.0207,1,0,0.1241,0,Low Risk
17931,United Kingdom,2,408.36,249,63,135,256,204.18,124.5,0.0078,1,1,0.6666,1,Medium Risk
17932,United Kingdom,3,1331.57,789,84,30,212,443.86,263.0,0.0141,1,0,0.2962,0,Low Risk
17934,United Kingdom,2,704.25,478,21,52,59,352.12,239.0,0.0333,1,0,0.0112,0,Low Risk
17935,United Kingdom,2,145.79,82,28,139,142,72.9,41.0,0.014,1,1,0.7109,1,High Risk
17936,United Kingdom,1,389.84,262,68,6,6,389.84,262.0,0.1429,1,0,0.0019,0,Low Risk
17937,United Kingdom,7,4301.22,1754,19,9,363,614.46,250.57,0.0192,1,0,0.1191,0,Low Risk
17939,United Kingdom,1,99.14,40,12,160,160,99.14,40.0,0.0062,1,1,0.9947,1,High Risk
17940,United Kingdom,10,4106.44,9755,6,50,303,410.64,975.5,0.0329,1,0,0.1773,0,Low Risk
17941,United Kingdom,1,304.56,252,2,131,131,304.56,252.0,0.0076,1,1,0.9895,1,High Risk
17942,United Kingdom,1,77.5,38,2,8,8,77.5,38.0,0.1111,1,0,0.0041,0,Low Risk
17946,United Kingdom,2,149.58,75,18,234,260,74.79,37.5,0.0077,1,1,0.7995,1,High Risk
17947,United Kingdom,1,176.68,168,9,38,38,176.68,168.0,0.0256,1,0,0.0011,0,Low Risk
17948,United Kingdom,1,358.56,144,1,148,148,358.56,144.0,0.0067,1,1,0.9916,1,High Risk
17949,United Kingdom,45,58510.48,30546,29,2,372,1300.23,678.8,0.1206,1,0,0.0708,0,Low Risk
17950,United Kingdom,3,482.2,366,63,73,366,160.73,122.0,0.0082,1,0,0.5793,1,Medium Risk
17951,United Kingdom,3,1008.54,616,18,40,374,336.18,205.33,0.008,1,0,0.5629,1,Medium Risk
17954,United Kingdom,12,2332.72,2234,326,6,372,194.39,186.17,0.0322,1,0,0.0379,0,Low Risk
17955,United Kingdom,4,557.3,273,14,199,220,139.32,68.25,0.0181,1,1,0.4172,0,Medium Risk
17956,United Kingdom,1,12.75,1,1,250,250,12.75,1.0,0.004,1,1,0.9973,1,High Risk
17957,United Kingdom,1,111.68,287,31,67,67,111.68,287.0,0.0147,1,0,0.002,0,Low Risk
17958,United Kingdom,1,508.46,84,7,117,117,508.46,84.0,0.0085,1,1,0.9888,1,High Risk
17960,United Kingdom,1,73.78,41,26,172,172,73.78,41.0,0.0058,1,1,0.9943,1,High Risk
17961,United Kingdom,39,1296.44,560,211,22,373,33.24,14.36,0.1043,1,0,0.2058,0,Low Risk
17962,United Kingdom,1,102.83,128,33,143,143,102.83,128.0,0.0069,1,1,0.9828,1,High Risk
17964,United Kingdom,2,471.7,301,84,32,373,235.85,150.5,0.0053,1,0,0.5699,1,Medium Risk
17965,United Kingdom,14,2622.57,1556,274,38,370,187.33,111.14,0.0377,1,0,0.052,0,Low Risk
17966,United Kingdom,5,1098.43,2571,53,38,262,219.69,514.2,0.019,1,0,0.1444,0,Low Risk
17967,United Kingdom,1,123.07,80,41,372,372,123.07,80.0,0.0027,1,1,0.9832,1,High Risk
17968,United Kingdom,1,277.35,160,74,374,374,277.35,160.0,0.0027,1,1,0.9695,1,High Risk
17969,United Kingdom,2,228.2,152,14,167,362,114.1,76.0,0.0055,1,1,0.7947,1,High Risk
17970,United Kingdom,1,582.59,525,27,212,212,582.59,525.0,0.0047,1,1,0.9841,1,High Risk
17972,United Kingdom,1,136.04,37,30,242,242,136.04,37.0,0.0041,1,1,0.9925,1,High Risk
17973,United Kingdom,1,337.04,176,15,52,52,337.04,176.0,0.0189,1,0,0.0016,0,Low Risk
17974,United Kingdom,3,740.79,519,143,25,220,246.93,173.0,0.0136,1,0,0.304,0,Medium Risk
17975,United Kingdom,13,4488.81,1568,189,16,367,345.29,120.62,0.0353,1,0,0.0414,0,Low Risk
17976,United Kingdom,1,353.19,106,56,373,373,353.19,106.0,0.0027,1,1,0.9844,1,High Risk
17977,United Kingdom,1,288.14,342,19,30,30,288.14,342.0,0.0323,1,0,0.0067,0,Low Risk
17978,United Kingdom,1,300.92,499,12,366,366,300.92,499.0,0.0027,1,1,0.9953,1,High Risk
17979,United Kingdom,4,757.71,397,116,36,260,189.43,99.25,0.0153,1,0,0.2654,0,Low Risk
17980,United Kingdom,3,811.45,682,23,166,360,270.48,227.33,0.0083,1,1,0.6149,1,Medium Risk
17984,United Kingdom,1,152.68,98,48,146,146,152.68,98.0,0.0068,1,1,0.9645,1,High Risk
17985,United Kingdom,1,634.95,183,20,23,23,634.95,183.0,0.0417,1,0,0.001,0,Low Risk
17986,United Kingdom,1,20.8,10,1,57,57,20.8,10.0,0.0172,1,0,0.0109,0,Low Risk
17987,United Kingdom,1,198.57,261,13,186,186,198.57,261.0,0.0053,1,1,0.9932,1,High Risk
17988,United Kingdom,7,201.12,43,37,12,327,28.73,6.14,0.0213,1,0,0.3533,0,Medium Risk
17990,United Kingdom,3,630.84,414,27,237,362,210.28,138.0,0.0083,1,1,0.6503,1,Medium Risk
17991,United Kingdom,2,93.35,25,4,226,227,46.68,12.5,0.0088,1,1,0.7552,1,High Risk
17994,United Kingdom,4,678.49,497,63,122,291,169.62,124.25,0.0137,1,1,0.4066,0,Medium Risk
17995,United Kingdom,1,76.1,133,2,282,282,76.1,133.0,0.0035,1,1,0.9952,1,High Risk
17997,United Kingdom,8,1970.67,2298,133,75,165,246.33,287.25,0.0482,1,0,0.0516,0,Low Risk
17999,United Kingdom,2,382.06,221,87,38,367,191.03,110.5,0.0054,1,0,0.5676,1,Medium Risk
18001,United Kingdom,2,417.23,363,56,13,87,208.62,181.5,0.0227,1,0,0.0086,0,Low Risk
18004,United Kingdom,1,169.47,78,32,363,363,169.47,78.0,0.0027,1,1,0.9848,1,High Risk
18005,United Kingdom,2,249.72,93,52,4,48,124.86,46.5,0.0408,1,0,0.0278,0,Low Risk
18006,United Kingdom,1,444.68,220,21,24,24,444.68,220.0,0.04,1,0,0.001,0,Low Risk
18008,United Kingdom,9,2116.19,1581,24,71,319,235.13,175.67,0.0281,1,0,0.0832,0,Low Risk
18009,United Kingdom,1,257.34,126,31,236,236,257.34,126.0,0.0042,1,1,0.9911,1,High Risk
18010,United Kingdom,1,174.8,60,14,257,257,174.8,60.0,0.0039,1,1,0.9941,1,High Risk
18011,United Kingdom,1,102.79,71,28,374,374,102.79,71.0,0.0027,1,1,0.9956,1,High Risk
18013,United Kingdom,2,187.29,285,31,156,156,93.64,142.5,0.0127,1,1,0.6165,1,Medium Risk
18014,United Kingdom,1,166.42,68,29,29,29,166.42,68.0,0.0333,1,0,0.0058,0,Low Risk
18015,United Kingdom,1,120.03,157,46,5,5,120.03,157.0,0.1667,1,0,0.0021,0,Low Risk
18016,United Kingdom,5,1483.56,1029,90,33,365,296.71,205.8,0.0137,1,0,0.2611,0,Low Risk
18017,United Kingdom,3,523.0,300,1,82,311,174.33,100.0,0.0096,1,0,0.6437,1,Medium Risk
18018,United Kingdom,2,122.14,55,29,109,200,61.07,27.5,0.01,1,1,0.722,1,High Risk
18019,United Kingdom,1,38.45,7,5,52,52,38.45,7.0,0.0189,1,0,0.0017,0,Low Risk
18022,United Kingdom,1,668.11,736,141,36,36,668.11,736.0,0.027,1,0,0.0058,0,Low Risk
18024,United Kingdom,2,389.78,184,21,153,153,194.89,92.0,0.013,1,1,0.5104,1,Medium Risk
18027,United Kingdom,1,115.31,78,21,99,99,115.31,78.0,0.01,1,1,0.9721,1,High Risk
18030,United Kingdom,2,230.65,67,8,5,43,115.32,33.5,0.0455,1,0,0.0164,0,Low Risk
18032,United Kingdom,1,73.5,42,5,335,335,73.5,42.0,0.003,1,1,0.9967,1,High Risk
18033,United Kingdom,1,97.97,253,32,66,66,97.97,253.0,0.0149,1,0,0.0064,0,Low Risk
18034,United Kingdom,2,422.88,561,99,22,22,211.44,280.5,0.087,1,0,0.0062,0,Low Risk
18035,United Kingdom,3,730.4,611,44,36,44,243.47,203.67,0.0667,1,0,0.0076,0,Low Risk
18036,United Kingdom,3,405.62,234,77,33,246,135.21,78.0,0.0121,1,0,0.404,0,Medium Risk
18037,United Kingdom,6,70.02,20,19,155,363,11.67,3.33,0.0165,1,1,0.5097,1,Medium Risk
18040,United Kingdom,2,357.2,148,18,20,246,178.6,74.0,0.0081,1,0,0.7635,1,High Risk
18041,United Kingdom,21,4183.39,3819,285,12,373,199.21,181.86,0.0561,1,0,0.0171,0,Low Risk
18042,United Kingdom,1,165.05,33,7,54,54,165.05,33.0,0.0182,1,0,0.0025,0,Low Risk
18043,United Kingdom,3,559.51,282,106,25,367,186.5,94.0,0.0082,1,0,0.496,0,Medium Risk
18044,United Kingdom,10,2088.6,1033,88,5,361,208.86,103.3,0.0276,1,0,0.0685,0,Low Risk
18045,United Kingdom,1,189.4,142,43,46,46,189.4,142.0,0.0213,1,0,0.007,0,Low Risk
18048,United Kingdom,2,172.29,127,6,204,204,86.14,63.5,0.0098,1,1,0.6861,1,Medium Risk
18050,United Kingdom,1,74.4,40,5,360,360,74.4,40.0,0.0028,1,1,0.9908,1,High Risk
18053,United Kingdom,1,300.02,302,20,71,71,300.02,302.0,0.0139,1,0,0.0015,0,Low Risk
18055,United Kingdom,10,6784.19,2455,223,8,370,678.42,245.5,0.027,1,0,0.0309,0,Low Risk
18056,United Kingdom,1,363.65,211,19,289,289,363.65,211.0,0.0034,1,1,0.9965,1,High Risk
18058,United Kingdom,1,170.16,88,3,10,10,170.16,88.0,0.0909,1,0,0.006,0,Low Risk
18059,United Kingdom,3,306.46,258,17,24,68,102.15,86.0,0.0435,1,0,0.0078,0,Low Risk
18061,United Kingdom,10,2119.41,955,18,22,367,211.94,95.5,0.0272,1,0,0.0911,0,Low Risk
18062,United Kingdom,3,720.52,396,23,174,338,240.17,132.0,0.0088,1,1,0.6467,1,Medium Risk
18064,United Kingdom,2,814.0,384,7,134,236,407.0,192.0,0.0084,1,1,0.7357,1,High Risk
18065,United Kingdom,14,2392.83,1027,110,6,365,170.92,73.36,0.0383,1,0,0.0639,0,Low Risk
18066,United Kingdom,1,318.0,108,10,76,76,318.0,108.0,0.013,1,0,0.006,0,Low Risk
18067,United Kingdom,1,396.33,189,36,41,41,396.33,189.0,0.0238,1,0,0.0023,0,Low Risk
18068,United Kingdom,1,101.7,6,1,290,290,101.7,6.0,0.0034,1,1,0.9978,1,High Risk
18069,United Kingdom,5,2036.67,1311,334,27,328,407.33,262.2,0.0152,1,0,0.1802,0,Low Risk
18071,United Kingdom,2,453.0,260,23,258,366,226.5,130.0,0.0054,1,1,0.7371,1,High Risk
18072,United Kingdom,1,247.44,288,18,186,186,247.44,288.0,0.0053,1,1,0.9928,1,High Risk
18073,United Kingdom,12,3877.52,3108,23,115,198,323.13,259.0,0.0603,1,1,0.134,0,Low Risk
18074,United Kingdom,1,489.6,190,13,374,374,489.6,190.0,0.0027,1,1,0.9893,1,High Risk
18075,United Kingdom,10,2611.75,1464,97,24,361,261.18,146.4,0.0276,1,0,0.0678,0,Low Risk
18077,United Kingdom,11,2633.01,1878,101,9,367,239.36,170.73,0.0299,1,0,0.0502,0,Low Risk
18078,United Kingdom,2,336.13,145,27,218,260,168.06,72.5,0.0077,1,1,0.7697,1,High Risk
18079,United Kingdom,4,3651.97,7432,99,46,239,912.99,1858.0,0.0167,1,0,0.1505,0,Low Risk
18080,United Kingdom,2,1231.5,642,2,19,243,615.75,321.0,0.0082,1,0,0.7084,1,High Risk
18081,United Kingdom,3,343.45,195,14,37,134,114.48,65.0,0.0222,1,0,0.1705,0,Low Risk
18082,United Kingdom,1,703.37,621,62,26,26,703.37,621.0,0.037,1,0,0.0028,0,Low Risk
18084,United Kingdom,1,90.48,312,1,17,17,90.48,312.0,0.0556,1,0,0.0,0,Low Risk
18085,United Kingdom,2,689.95,265,25,331,374,344.98,132.5,0.0053,1,1,0.6662,1,Medium Risk
18086,United Kingdom,1,101.34,106,7,275,275,101.34,106.0,0.0036,1,1,0.9952,1,High Risk
18087,United Kingdom,2,4055.72,3907,2,99,291,2027.86,1953.5,0.0068,1,1,0.7588,1,High Risk
18088,United Kingdom,1,167.67,109,35,62,62,167.67,109.0,0.0159,1,0,0.0057,0,Low Risk
18092,United Kingdom,11,9068.26,4252,28,3,366,824.39,386.55,0.03,1,0,0.0646,0,Low Risk
18093,United Kingdom,4,2106.52,1392,31,94,303,526.63,348.0,0.0132,1,1,0.2949,0,Low Risk
18094,United Kingdom,7,3017.3,2518,39,82,292,431.04,359.71,0.0239,1,0,0.0719,0,Low Risk
18095,United Kingdom,2,580.05,419,20,313,333,290.02,209.5,0.006,1,1,0.7034,1,High Risk
18096,United Kingdom,3,911.15,825,157,12,64,303.72,275.0,0.0462,1,0,0.0145,0,Low Risk
18097,United Kingdom,6,2697.8,1686,65,8,355,449.63,281.0,0.0169,1,0,0.1929,0,Low Risk
18099,United Kingdom,1,168.31,149,19,128,128,168.31,149.0,0.0078,1,1,0.9925,1,High Risk
18101,United Kingdom,2,223.65,88,37,12,144,111.82,44.0,0.0138,1,0,0.5112,1,Medium Risk
18102,United Kingdom,60,259657.3,64124,150,1,368,4327.62,1068.73,0.1626,1,0,0.0315,0,Low Risk
18104,United Kingdom,1,754.64,362,38,38,38,754.64,362.0,0.0256,1,0,0.0032,0,Low Risk
18105,United Kingdom,1,113.48,46,18,38,38,113.48,46.0,0.0256,1,0,0.0076,0,Low Risk
18106,United Kingdom,1,430.7,128,33,330,330,430.7,128.0,0.003,1,1,0.984,1,High Risk
18108,United Kingdom,1,271.0,84,17,255,255,271.0,84.0,0.0039,1,1,0.9943,1,High Risk
18109,United Kingdom,26,8052.97,4237,119,2,370,309.73,162.96,0.0701,1,0,0.0226,0,Low Risk
18110,United Kingdom,1,236.3,86,33,20,20,236.3,86.0,0.0476,1,0,0.0058,0,Low Risk
18112,United Kingdom,2,352.69,255,26,13,167,176.34,127.5,0.0119,1,0,0.4845,0,Medium Risk
18113,United Kingdom,1,76.32,72,1,369,369,76.32,72.0,0.0027,1,1,0.9968,1,High Risk
18114,United Kingdom,1,220.1,55,28,291,291,220.1,55.0,0.0034,1,1,0.9919,1,High Risk
18116,United Kingdom,8,1418.03,848,230,68,365,177.25,106.0,0.0219,1,0,0.083,0,Low Risk
18117,United Kingdom,1,320.72,618,68,26,26,320.72,618.0,0.037,1,0,0.005,0,Low Risk
18118,United Kingdom,26,5653.82,2882,424,11,370,217.45,110.85,0.0701,1,0,0.0186,0,Low Risk
18119,United Kingdom,1,181.12,125,29,368,368,181.12,125.0,0.0027,1,1,0.99,1,High Risk
18120,United Kingdom,1,111.15,31,17,215,215,111.15,31.0,0.0046,1,1,0.9978,1,High Risk
18121,United Kingdom,2,673.1,450,28,150,155,336.55,225.0,0.0128,1,1,0.5877,1,Medium Risk
18122,United Kingdom,6,1826.21,1234,239,9,151,304.37,205.67,0.0395,1,0,0.0466,0,Low Risk
18123,United Kingdom,2,589.44,594,31,25,32,294.72,297.0,0.0606,1,0,0.0119,0,Low Risk
18125,United Kingdom,4,1142.99,804,164,30,317,285.75,201.0,0.0126,1,0,0.2986,0,Low Risk
18126,United Kingdom,1,206.83,144,52,61,61,206.83,144.0,0.0161,1,0,0.0162,0,Low Risk
18127,United Kingdom,3,348.73,188,41,20,134,116.24,62.67,0.0222,1,0,0.173,0,Low Risk
18129,United Kingdom,1,112.55,48,13,244,244,112.55,48.0,0.0041,1,1,0.9933,1,High Risk
18130,United Kingdom,3,1059.39,824,58,16,58,353.13,274.67,0.0508,1,0,0.0132,0,Low Risk
18133,United Kingdom,1,931.5,1350,1,213,213,931.5,1350.0,0.0047,1,1,0.9702,1,High Risk
18135,United Kingdom,5,681.91,349,11,30,191,136.38,69.8,0.026,1,0,0.2148,0,Low Risk
18136,United Kingdom,3,784.33,379,34,64,320,261.44,126.33,0.0093,1,0,0.6232,1,Medium Risk
18138,United Kingdom,1,152.65,38,8,296,296,152.65,38.0,0.0034,1,1,0.9971,1,High Risk
18139,United Kingdom,6,8438.34,5557,35,18,19,1406.39,926.17,0.3,1,0,0.0303,0,Low Risk
18142,United Kingdom,2,1019.52,1276,9,158,216,509.76,638.0,0.0092,1,1,0.7116,1,High Risk
18143,United Kingdom,2,1000.16,570,59,117,142,500.08,285.0,0.014,1,1,0.4198,0,Medium Risk
18144,United Kingdom,12,2888.75,1343,27,8,374,240.73,111.92,0.032,1,0,0.1527,0,Low Risk
18145,United Kingdom,4,2861.55,2625,174,13,313,715.39,656.25,0.0127,1,0,0.201,0,Low Risk
18146,United Kingdom,2,160.35,153,10,141,221,80.18,76.5,0.009,1,1,0.7699,1,High Risk
18147,United Kingdom,2,179.34,203,7,46,109,89.67,101.5,0.0182,1,0,0.3078,0,Medium Risk
18149,United Kingdom,3,612.08,310,11,51,274,204.03,103.33,0.0109,1,0,0.5304,1,Medium Risk
18150,United Kingdom,3,566.58,332,29,33,202,188.86,110.67,0.0148,1,0,0.4065,0,Medium Risk
18151,United Kingdom,2,653.35,355,38,135,290,326.68,177.5,0.0069,1,1,0.6784,1,Medium Risk
18154,United Kingdom,2,399.19,255,15,4,44,199.6,127.5,0.0444,1,0,0.0125,0,Low Risk
18155,United Kingdom,3,371.62,266,19,76,292,123.87,88.67,0.0102,1,0,0.6449,1,Medium Risk
18156,United Kingdom,2,734.94,301,100,13,370,367.47,150.5,0.0054,1,0,0.5886,1,Medium Risk
18158,United Kingdom,2,453.4,354,24,10,89,226.7,177.0,0.0222,1,0,0.0155,0,Low Risk
18159,United Kingdom,1,530.15,139,23,302,302,530.15,139.0,0.0033,1,1,0.9938,1,High Risk
18160,United Kingdom,2,638.06,294,37,58,201,319.03,147.0,0.0099,1,0,0.6252,1,Medium Risk
18161,United Kingdom,5,1618.69,812,49,16,320,323.74,162.4,0.0156,1,0,0.2745,0,Low Risk
18164,United Kingdom,1,399.65,184,24,38,38,399.65,184.0,0.0256,1,0,0.0015,0,Low Risk
18165,United Kingdom,1,302.46,254,10,178,178,302.46,254.0,0.0056,1,1,0.9912,1,High Risk
18167,United Kingdom,3,1384.86,382,24,24,106,461.62,127.33,0.028,1,0,0.0796,0,Low Risk
18168,United Kingdom,6,1169.94,594,97,177,373,194.99,99.0,0.016,1,1,0.3191,0,Medium Risk
18169,United Kingdom,1,202.65,61,9,61,61,202.65,61.0,0.0161,1,0,0.0079,0,Low Risk
18170,United Kingdom,3,980.31,409,29,34,218,326.77,136.33,0.0137,1,0,0.4005,0,Medium Risk
18171,United Kingdom,5,1231.31,481,43,59,334,246.26,96.2,0.0149,1,0,0.2903,0,Low Risk
18172,United Kingdom,20,7561.68,3184,100,15,290,378.08,159.2,0.0687,1,0,0.0246,0,Low Risk
18173,United Kingdom,4,2106.84,1220,23,87,275,526.71,305.0,0.0145,1,0,0.2621,0,Low Risk
18174,United Kingdom,1,104.0,50,1,8,8,104.0,50.0,0.1111,1,0,0.0057,0,Low Risk
18176,United Kingdom,1,476.35,283,30,359,359,476.35,283.0,0.0028,1,1,0.9884,1,High Risk
18177,United Kingdom,6,1341.42,710,53,32,256,223.57,118.33,0.0233,1,0,0.0937,0,Low Risk
18178,United Kingdom,4,1590.81,983,80,129,365,397.7,245.75,0.0109,1,1,0.4364,0,Medium Risk
18179,United Kingdom,6,1793.17,1360,86,10,337,298.86,226.67,0.0178,1,0,0.1567,0,Low Risk
18180,United Kingdom,6,1843.75,1721,108,5,143,307.29,286.83,0.0417,1,0,0.0568,0,Low Risk
18181,United Kingdom,1,382.8,146,40,25,25,382.8,146.0,0.0385,1,0,0.0004,0,Low Risk
18183,United Kingdom,2,632.07,371,36,228,275,316.04,185.5,0.0072,1,1,0.6863,1,Medium Risk
18184,United Kingdom,1,49.8,60,1,16,16,49.8,60.0,0.0588,1,0,0.0091,0,Low Risk
18185,United Kingdom,1,304.25,183,17,250,250,304.25,183.0,0.004,1,1,0.997,1,High Risk
18188,United Kingdom,3,2001.04,1168,63,16,291,667.01,389.33,0.0103,1,0,0.568,1,Medium Risk
18189,United Kingdom,2,1090.24,566,65,78,268,545.12,283.0,0.0074,1,0,0.6775,1,Medium Risk
18190,United Kingdom,2,284.46,140,14,193,331,142.23,70.0,0.006,1,1,0.8176,1,High Risk
18191,United Kingdom,1,207.8,140,7,262,262,207.8,140.0,0.0038,1,1,0.9955,1,High Risk
18192,United Kingdom,1,957.97,339,45,72,72,957.97,339.0,0.0137,1,0,0.011,0,Low Risk
18193,United Kingdom,1,243.76,124,16,166,166,243.76,124.0,0.006,1,1,0.9926,1,High Risk
18194,United Kingdom,1,973.84,632,7,83,83,973.84,632.0,0.0119,1,0,0.0067,0,Low Risk
18196,United Kingdom,2,689.13,433,131,96,291,344.56,216.5,0.0068,1,1,0.6543,1,Medium Risk
18198,United Kingdom,17,5425.56,4074,81,5,337,319.15,239.65,0.0503,1,0,0.03,0,Low Risk
18200,United Kingdom,1,163.8,111,29,107,107,163.8,111.0,0.0093,1,1,0.9856,1,High Risk
18202,United Kingdom,3,1396.99,581,55,200,312,465.66,193.67,0.0096,1,1,0.6191,1,Medium Risk
18203,United Kingdom,1,160.42,43,19,158,158,160.42,43.0,0.0063,1,1,0.9904,1,High Risk
18204,United Kingdom,3,1993.7,1200,159,72,193,664.57,400.0,0.0155,1,0,0.1777,0,Low Risk
18205,United Kingdom,2,517.36,192,30,37,75,258.68,96.0,0.0263,1,0,0.0086,0,Low Risk
18209,United Kingdom,1,139.1,58,8,29,29,139.1,58.0,0.0333,1,0,0.007,0,Low Risk
18210,United Kingdom,6,2621.38,1398,109,2,268,436.9,233.0,0.0223,1,0,0.0934,0,Low Risk
18211,United Kingdom,5,600.07,359,37,26,279,120.01,71.8,0.0179,1,0,0.3746,0,Medium Risk
18212,United Kingdom,1,248.42,101,30,327,327,248.42,101.0,0.003,1,1,0.9935,1,High Risk
18213,United Kingdom,1,232.48,232,15,237,237,232.48,232.0,0.0042,1,1,0.9946,1,High Risk
18215,United Kingdom,1,299.34,118,13,90,90,299.34,118.0,0.011,1,0,0.006,0,Low Risk
18216,United Kingdom,1,481.75,200,26,32,32,481.75,200.0,0.0303,1,0,0.0009,0,Low Risk
18217,United Kingdom,2,621.75,491,27,30,71,310.88,245.5,0.0278,1,0,0.0154,0,Low Risk
18218,United Kingdom,2,662.08,584,17,212,282,331.04,292.0,0.0071,1,1,0.7216,1,High Risk
18219,United Kingdom,10,2069.77,885,58,3,369,206.98,88.5,0.027,1,0,0.0831,0,Low Risk
18220,United Kingdom,1,305.28,288,2,227,227,305.28,288.0,0.0044,1,1,0.9959,1,High Risk
18221,United Kingdom,5,1041.61,791,59,23,212,208.32,158.2,0.0235,1,0,0.0877,0,Low Risk
18222,United Kingdom,1,443.0,335,19,93,93,443.0,335.0,0.0106,1,1,0.9236,1,High Risk
18223,United Kingdom,14,6484.54,2948,116,5,359,463.18,210.57,0.0389,1,0,0.0226,0,Low Risk
18224,United Kingdom,1,158.95,69,10,264,264,158.95,69.0,0.0038,1,1,0.9957,1,High Risk
18225,United Kingdom,12,5509.12,3244,150,4,366,459.09,270.33,0.0327,1,0,0.0247,0,Low Risk
18226,United Kingdom,11,5228.05,3466,141,45,338,475.28,315.09,0.0324,1,0,0.0259,0,Low Risk
18227,United Kingdom,1,93.75,21,5,218,218,93.75,21.0,0.0046,1,1,0.9982,1,High Risk
18228,United Kingdom,2,779.9,238,23,57,80,389.95,119.0,0.0247,1,0,0.0167,0,Low Risk
18229,United Kingdom,20,7276.9,2488,66,12,374,363.84,124.4,0.0533,1,0,0.0631,0,Low Risk
18230,United Kingdom,7,2810.2,1316,32,10,303,401.46,188.0,0.023,1,0,0.087,0,Low Risk
18231,United Kingdom,5,2083.27,821,106,193,289,416.65,164.2,0.0172,1,1,0.2394,0,Low Risk
18232,United Kingdom,4,592.97,302,31,82,198,148.24,75.5,0.0201,1,0,0.2117,0,Low Risk
18233,United Kingdom,1,440.0,4,1,326,326,440.0,4.0,0.0031,1,1,0.9884,1,High Risk
18235,United Kingdom,3,1796.48,1578,100,72,218,598.83,526.0,0.0137,1,0,0.2056,0,Low Risk
18236,United Kingdom,6,882.24,403,42,30,241,147.04,67.17,0.0248,1,0,0.1752,0,Low Risk
18237,United Kingdom,5,987.1,622,40,3,135,197.42,124.4,0.0368,1,0,0.0825,0,Low Risk
18239,United Kingdom,5,1561.61,795,80,219,373,312.32,159.0,0.0134,1,1,0.3981,0,Medium Risk
18240,United Kingdom,1,422.58,126,6,47,47,422.58,126.0,0.0208,1,0,0.0061,0,Low Risk
18241,United Kingdom,17,2073.09,1051,60,10,218,121.95,61.82,0.0776,1,0,0.124,0,Low Risk
18242,United Kingdom,4,2232.49,1017,72,73,214,558.12,254.25,0.0186,1,0,0.1892,0,Low Risk
18245,United Kingdom,7,2567.06,1788,153,8,356,366.72,255.43,0.0196,1,0,0.088,0,Low Risk
18246,United Kingdom,2,596.1,166,3,24,234,298.05,83.0,0.0085,1,0,0.6803,1,Medium Risk
18248,United Kingdom,2,804.02,511,39,123,187,402.01,255.5,0.0106,1,1,0.6485,1,Medium Risk
18249,United Kingdom,1,95.34,128,8,18,18,95.34,128.0,0.0526,1,0,0.0063,0,Low Risk
18250,United Kingdom,1,349.27,199,21,311,311,349.27,199.0,0.0032,1,1,0.9965,1,High Risk
18251,United Kingdom,1,4314.72,7824,16,88,88,4314.72,7824.0,0.0112,1,0,0.0618,0,Low Risk
18252,United Kingdom,2,526.67,239,90,51,172,263.33,119.5,0.0116,1,0,0.4312,0,Medium Risk
18255,United Kingdom,1,103.3,74,6,90,90,103.3,74.0,0.011,1,0,0.0258,0,Low Risk
18257,United Kingdom,8,2337.63,1041,97,40,297,292.2,130.12,0.0268,1,0,0.0756,0,Low Risk
18259,United Kingdom,3,2338.6,714,27,25,367,779.53,238.0,0.0082,1,0,0.5884,1,Medium Risk
18260,United Kingdom,6,2643.2,1478,86,173,359,440.53,246.33,0.0167,1,1,0.1813,0,Low Risk
18261,United Kingdom,2,324.24,146,19,44,96,162.12,73.0,0.0206,1,0,0.1391,0,Low Risk
18262,United Kingdom,1,149.48,182,13,141,141,149.48,182.0,0.007,1,1,0.9818,1,High Risk
18263,United Kingdom,3,1213.16,1468,59,26,253,404.39,489.33,0.0118,1,0,0.3543,0,Medium Risk
18265,United Kingdom,2,801.51,311,44,73,159,400.76,155.5,0.0125,1,0,0.4296,0,Medium Risk
18268,United Kingdom,1,25.5,2,1,135,135,25.5,2.0,0.0074,1,1,0.9925,1,High Risk
18269,United Kingdom,1,168.6,76,7,367,367,168.6,76.0,0.0027,1,1,0.9957,1,High Risk
18270,United Kingdom,2,283.15,101,11,39,267,141.57,50.5,0.0075,1,0,0.7511,1,High Risk
18272,United Kingdom,6,3078.58,2050,99,3,247,513.1,341.67,0.0242,1,0,0.0594,0,Low Risk
18273,United Kingdom,3,204.0,80,1,3,258,68.0,26.67,0.0116,1,0,0.7079,1,High Risk
18274,United Kingdom,1,175.92,88,11,31,31,175.92,88.0,0.0312,1,0,0.0065,0,Low Risk
18276,United Kingdom,1,335.86,186,14,44,44,335.86,186.0,0.0222,1,0,0.0011,0,Low Risk
18277,United Kingdom,1,110.38,68,8,59,59,110.38,68.0,0.0167,1,0,0.0083,0,Low Risk
18278,United Kingdom,1,173.9,66,9,74,74,173.9,66.0,0.0133,1,0,0.006,0,Low Risk
18280,United Kingdom,1,180.6,45,10,278,278,180.6,45.0,0.0036,1,1,0.9923,1,High Risk
18281,United Kingdom,1,80.82,54,7,181,181,80.82,54.0,0.0055,1,1,0.992,1,High Risk
18282,United Kingdom,2,178.05,103,12,8,127,89.02,51.5,0.0156,1,0,0.5752,1,Medium Risk
18283,United Kingdom,16,2094.88,1397,263,4,338,130.93,87.31,0.0472,1,0,0.0498,0,Low Risk
18287,United Kingdom,3,1837.28,1586,59,43,202,612.43,528.67,0.0148,1,0,0.2295,0,Low Risk
