CustomerID,Country,FirstPurchaseDate,LastPurchaseDate,Recency,Frequency,Monetary,TotalTransactions,TotalUnits,R_Score,F_Score,M_Score,RFM_Cell,RFM_Avg_Score,Customer_Segment
14646,Netherlands,2010-12-20 10:09:00,2011-12-08 12:12:00,2,73,280206.02,2076,196915,5,5,5,5-5-5,5.0,Champions
18102,United Kingdom,2010-12-07 16:42:00,2011-12-09 11:50:00,1,60,259657.3,431,64124,5,5,5,5-5-5,5.0,Champions
17450,United Kingdom,2010-12-07 09:23:00,2011-12-01 13:29:00,9,46,194550.79,337,69993,5,5,5,5-5-5,5.0,Champions
16446,United Kingdom,2011-05-18 09:52:00,2011-12-09 09:15:00,1,2,168472.5,3,80997,5,3,5,5-3-5,4.33,Loyal Customers
14911,EIRE,2010-12-01 14:05:00,2011-12-08 15:54:00,2,201,143825.06,5675,80265,5,5,5,5-5-5,5.0,Champions
12415,Australia,2011-01-06 11:12:00,2011-11-15 14:22:00,25,21,124914.53,714,77374,4,5,5,4-5-5,4.67,Champions
14156,EIRE,2010-12-03 11:48:00,2011-11-30 10:54:00,10,55,117379.63,1400,57885,5,5,5,5-5-5,5.0,Champions
17511,United Kingdom,2010-12-01 10:19:00,2011-12-07 10:12:00,3,31,91062.38,963,64549,5,5,5,5-5-5,5.0,Champions
16029,United Kingdom,2010-12-01 09:57:00,2011-11-01 10:27:00,39,63,81024.84,242,40208,3,5,5,3-5-5,4.33,Loyal Customers
12346,United Kingdom,2011-01-18 10:01:00,2011-01-18 10:01:00,326,1,77183.6,1,74215,1,2,5,1-2-5,2.67,At-Risk
16684,United Kingdom,2010-12-16 17:34:00,2011-12-05 14:06:00,5,28,66653.56,277,50255,5,5,5,5-5-5,5.0,Champions
14096,United Kingdom,2011-08-30 10:49:00,2011-12-05 17:17:00,5,17,65164.79,5111,16352,5,5,5,5-5-5,5.0,Champions
13694,United Kingdom,2010-12-01 12:12:00,2011-12-06 09:32:00,4,50,65039.62,568,63312,5,5,5,5-5-5,5.0,Champions
15311,United Kingdom,2010-12-01 09:41:00,2011-12-09 12:00:00,1,91,60767.9,2379,38194,5,5,5,5-5-5,5.0,Champions
13089,United Kingdom,2010-12-05 10:27:00,2011-12-07 09:02:00,3,97,58825.83,1818,31070,5,5,5,5-5-5,5.0,Champions
17949,United Kingdom,2010-12-03 13:12:00,2011-12-08 18:46:00,2,45,58510.48,70,30546,5,5,5,5-5-5,5.0,Champions
15769,United Kingdom,2010-12-03 15:16:00,2011-12-02 13:52:00,8,26,56252.72,130,29672,5,5,5,5-5-5,5.0,Champions
15061,United Kingdom,2010-12-02 15:19:00,2011-12-06 12:06:00,4,48,54534.14,403,28920,5,5,5,5-5-5,5.0,Champions
14298,United Kingdom,2010-12-14 12:59:00,2011-12-01 13:12:00,9,44,51527.3,1637,58343,5,5,5,5-5-5,5.0,Champions
14088,United Kingdom,2011-01-21 13:07:00,2011-11-29 16:16:00,11,13,50491.81,589,12665,5,5,5,5-5-5,5.0,Champions
15749,United Kingdom,2011-01-11 12:55:00,2011-04-18 13:20:00,236,3,44534.3,10,18028,1,4,5,1-4-5,3.33,At-Risk
12931,United Kingdom,2010-12-17 09:45:00,2011-11-18 12:39:00,22,15,42055.96,82,28004,4,5,5,4-5-5,4.67,Champions
17841,United Kingdom,2010-12-01 14:41:00,2011-12-08 12:07:00,2,124,40991.57,7847,23071,5,5,5,5-5-5,5.0,Champions
15098,United Kingdom,2011-06-10 15:22:00,2011-06-10 15:33:00,183,3,39916.5,3,121,1,4,5,1-4-5,3.33,At-Risk
13798,United Kingdom,2010-12-02 17:24:00,2011-12-08 15:51:00,2,57,37153.85,349,23948,5,5,5,5-5-5,5.0,Champions
16013,United Kingdom,2010-12-03 13:09:00,2011-12-06 10:36:00,4,47,37130.6,139,15536,5,5,5,5-5-5,5.0,Champions
16422,United Kingdom,2010-12-05 15:35:00,2011-11-22 14:00:00,18,51,34684.4,369,33704,4,5,5,4-5-5,4.67,Champions
12748,United Kingdom,2010-12-01 12:48:00,2011-12-09 12:20:00,1,209,33719.73,4595,25747,5,5,5,5-5-5,5.0,Champions
15838,United Kingdom,2010-12-07 11:26:00,2011-11-28 14:00:00,12,19,33643.08,167,18368,5,5,5,5-5-5,5.0,Champions
17404,Sweden,2010-12-14 13:28:00,2011-12-05 16:26:00,5,15,31906.82,198,32748,5,5,5,5-5-5,5.0,Champions
17389,United Kingdom,2011-01-12 15:48:00,2011-12-09 09:38:00,1,34,31833.68,213,7612,5,5,5,5-5-5,5.0,Champions
13098,United Kingdom,2011-01-26 13:46:00,2011-12-08 14:14:00,2,28,28882.44,572,15968,5,5,5,5-5-5,5.0,Champions
14680,United Kingdom,2010-12-03 12:05:00,2011-11-14 16:59:00,26,16,28754.11,258,13476,4,5,5,4-5-5,4.67,Champions
13081,United Kingdom,2010-12-03 17:20:00,2011-11-28 10:54:00,12,11,28337.38,1024,19068,5,5,5,5-5-5,5.0,Champions
13408,United Kingdom,2010-12-01 10:39:00,2011-12-08 09:05:00,2,62,28117.04,478,16232,5,5,5,5-5-5,5.0,Champions
17857,United Kingdom,2010-12-09 11:35:00,2011-12-05 13:13:00,5,23,26879.04,54,19256,5,5,5,5-5-5,5.0,Champions
16333,United Kingdom,2011-02-03 10:50:00,2011-12-02 12:19:00,8,22,26626.8,45,32184,5,5,5,5-5-5,5.0,Champions
13777,United Kingdom,2010-12-01 16:01:00,2011-12-09 12:25:00,1,33,25977.16,197,12897,5,5,5,5-5-5,5.0,Champions
12753,Japan,2010-12-12 11:44:00,2011-11-17 10:52:00,23,6,21429.39,197,11421,4,5,5,4-5-5,4.67,Champions
12744,Singapore,2011-01-25 13:26:00,2011-10-19 11:18:00,52,7,21279.29,222,5241,3,5,5,3-5-5,4.33,Loyal Customers
16210,United Kingdom,2010-12-01 12:27:00,2011-12-08 12:36:00,2,18,21086.3,123,7559,5,5,5,5-5-5,5.0,Champions
17675,United Kingdom,2010-12-07 13:22:00,2011-12-08 18:03:00,2,31,20374.28,705,8360,5,5,5,5-5-5,5.0,Champions
17381,United Kingdom,2010-12-02 12:58:00,2011-12-01 11:59:00,9,29,20275.61,109,25649,5,5,5,5-5-5,5.0,Champions
15039,United Kingdom,2010-12-06 11:26:00,2011-11-30 11:31:00,10,47,19914.44,1502,9209,5,5,5,5-5-5,5.0,Champions
12471,Germany,2010-12-10 09:35:00,2011-12-07 15:43:00,3,30,19824.05,460,8212,5,5,5,5-5-5,5.0,Champions
12731,France,2010-12-10 10:56:00,2011-11-16 11:59:00,24,12,18895.91,274,8437,4,5,5,4-5-5,4.67,Champions
15159,United Kingdom,2010-12-13 15:44:00,2011-12-08 12:05:00,2,30,18641.01,710,11441,5,5,5,5-5-5,5.0,Champions
12901,United Kingdom,2011-03-14 10:41:00,2011-12-01 10:07:00,9,28,17654.54,116,23075,5,5,5,5-5-5,5.0,Champions
12678,France,2010-12-21 11:00:00,2011-10-28 13:04:00,43,12,17628.46,165,10923,3,5,5,3-5-5,4.33,Loyal Customers
14031,United Kingdom,2010-12-02 16:34:00,2011-12-02 17:13:00,8,19,17286.86,250,5788,5,5,5,5-5-5,5.0,Champions
17428,United Kingdom,2010-12-06 09:37:00,2011-12-09 09:45:00,1,28,17256.85,328,9474,5,5,5,5-5-5,5.0,Champions
13767,United Kingdom,2010-12-01 10:47:00,2011-12-07 15:00:00,3,37,17220.36,368,7322,5,5,5,5-5-5,5.0,Champions
13881,United Kingdom,2011-02-01 10:14:00,2011-12-06 12:50:00,4,20,17159.52,178,10118,5,5,5,5-5-5,5.0,Champions
16839,United Kingdom,2010-12-05 11:15:00,2011-12-01 09:03:00,9,34,16594.35,266,8975,5,5,5,5-5-5,5.0,Champions
12921,United Kingdom,2010-12-01 15:06:00,2011-11-30 16:22:00,10,37,16587.09,720,9526,5,5,5,5-5-5,5.0,Champions
14607,United Kingdom,2011-03-23 15:22:00,2011-11-24 10:35:00,16,14,16569.5,86,11766,4,5,5,4-5-5,4.67,Champions
15856,United Kingdom,2010-12-09 13:34:00,2011-12-05 17:09:00,5,27,16387.57,645,11005,5,5,5,5-5-5,5.0,Champions
17677,United Kingdom,2010-12-06 08:42:00,2011-12-08 09:56:00,2,30,16363.23,304,9775,5,5,5,5-5-5,5.0,Champions
15189,United Kingdom,2011-01-11 12:29:00,2011-12-08 13:22:00,2,41,16225.39,212,6149,5,5,5,5-5-5,5.0,Champions
14051,United Kingdom,2010-12-08 12:49:00,2011-12-09 10:20:00,1,23,15610.39,210,3756,5,5,5,5-5-5,5.0,Champions
15513,United Kingdom,2010-12-01 11:22:00,2011-11-06 14:36:00,34,19,14758.22,308,5709,3,5,5,3-5-5,4.33,Loyal Customers
16133,United Kingdom,2011-01-25 15:55:00,2011-12-06 11:24:00,4,33,14589.04,338,8887,5,5,5,5-5-5,5.0,Champions
14866,United Kingdom,2010-12-08 14:58:00,2011-11-29 11:45:00,11,12,14389.9,99,6752,5,5,5,5-5-5,5.0,Champions
16705,United Kingdom,2010-12-16 10:51:00,2011-12-09 12:08:00,1,20,14034.99,270,5476,5,5,5,5-5-5,5.0,Champions
12681,France,2010-12-07 10:08:00,2011-11-25 11:33:00,15,22,13787.54,638,7536,4,5,5,4-5-5,4.67,Champions
12621,Germany,2010-12-09 10:16:00,2011-12-08 11:25:00,2,20,13689.67,467,7440,5,5,5,5-5-5,5.0,Champions
12540,Spain,2010-12-13 09:39:00,2011-11-20 11:31:00,20,17,13400.24,478,6685,4,5,5,4-5-5,4.67,Champions
12433,Norway,2010-12-01 13:24:00,2011-12-09 10:02:00,1,7,13375.87,420,11071,5,5,5,5-5-5,5.0,Champions
15498,United Kingdom,2010-12-08 12:29:00,2011-12-07 12:48:00,3,27,13316.4,512,6105,5,5,5,5-5-5,5.0,Champions
12477,Germany,2011-02-11 12:45:00,2011-11-17 09:51:00,23,6,13219.74,300,3653,4,5,5,4-5-5,4.67,Champions
17735,United Kingdom,2010-12-07 10:32:00,2011-12-07 16:47:00,3,19,13110.02,690,8439,5,5,5,5-5-5,5.0,Champions
16525,United Kingdom,2010-12-08 11:31:00,2011-12-07 15:07:00,3,26,13027.45,183,7397,5,5,5,5-5-5,5.0,Champions
14258,United Kingdom,2011-01-06 12:18:00,2011-11-30 15:27:00,10,9,12669.98,111,7100,5,5,5,5-5-5,5.0,Champions
13078,United Kingdom,2010-12-08 09:07:00,2011-12-06 15:36:00,4,26,12627.94,358,5630,5,5,5,5-5-5,5.0,Champions
12536,France,2011-10-11 14:52:00,2011-10-27 14:20:00,44,3,12601.83,261,2803,3,4,5,3-4-5,4.0,Loyal Customers
15640,United Kingdom,2010-12-02 15:40:00,2011-12-05 14:35:00,5,15,12515.66,484,6607,5,5,5,5-5-5,5.0,Champions
16000,United Kingdom,2011-12-07 12:14:00,2011-12-07 12:17:00,3,3,12393.7,9,5110,5,4,5,5-4-5,4.67,Champions
17340,United Kingdom,2010-12-08 15:56:00,2011-11-10 10:45:00,30,11,12353.29,407,5967,4,5,5,4-5-5,4.67,Champions
12682,France,2010-12-03 13:59:00,2011-12-06 10:00:00,4,31,12288.22,525,5575,5,5,5,5-5-5,5.0,Champions
13113,United Kingdom,2010-12-08 13:21:00,2011-12-09 12:49:00,1,24,12245.96,200,3045,5,5,5,5-5-5,5.0,Champions
14606,United Kingdom,2010-12-01 16:57:00,2011-12-08 19:28:00,2,93,12156.65,2700,6224,5,5,5,5-5-5,5.0,Champions
12557,Spain,2010-12-03 12:20:00,2011-11-23 16:59:00,17,5,11990.96,33,4384,4,4,5,4-4-5,4.33,Champions
12939,United Kingdom,2011-01-09 11:20:00,2011-10-06 14:33:00,65,8,11581.8,47,4876,3,5,5,3-5-5,4.33,Loyal Customers
15125,United Kingdom,2011-03-14 09:59:00,2011-11-14 13:57:00,26,15,11528.48,127,6193,4,5,5,4-5-5,4.67,Champions
14194,United Kingdom,2011-02-04 14:51:00,2011-12-05 10:38:00,5,21,11349.52,579,5840,5,5,5,5-5-5,5.0,Champions
12971,United Kingdom,2010-12-02 16:42:00,2011-12-06 12:20:00,4,86,11189.91,305,9289,5,5,5,5-5-5,5.0,Champions
14895,United Kingdom,2011-02-22 13:08:00,2011-12-02 09:23:00,8,20,11138.71,498,4851,5,5,5,5-5-5,5.0,Champions
12409,Switzerland,2011-06-10 12:19:00,2011-09-22 10:38:00,79,3,11072.67,109,5551,2,4,5,2-4-5,3.67,At-Risk
15482,United Kingdom,2010-12-16 10:08:00,2011-11-24 10:46:00,16,12,11054.96,98,5020,4,5,5,4-5-5,4.67,Champions
17581,United Kingdom,2010-12-02 14:47:00,2011-12-09 12:21:00,1,25,11045.04,440,5927,5,5,5,5-5-5,5.0,Champions
13319,United Kingdom,2010-12-09 10:04:00,2011-12-04 13:34:00,6,26,10845.55,476,4724,5,5,5,5-5-5,5.0,Champions
17107,United Kingdom,2011-03-06 15:17:00,2011-11-06 14:14:00,34,6,10815.43,418,4837,3,5,5,3-5-5,4.33,Loyal Customers
13340,United Kingdom,2011-03-08 11:39:00,2011-10-25 13:15:00,46,7,10736.48,134,5770,3,5,5,3-5-5,4.33,Loyal Customers
14769,United Kingdom,2010-12-17 11:40:00,2011-12-07 10:24:00,3,8,10674.75,1090,7436,5,5,5,5-5-5,5.0,Champions
17139,United Kingdom,2011-02-24 09:32:00,2011-11-24 10:12:00,16,12,10668.47,478,5182,4,5,5,4-5-5,4.67,Champions
16779,United Kingdom,2010-12-08 09:56:00,2011-12-07 14:54:00,3,22,10629.72,333,5325,5,5,5,5-5-5,5.0,Champions
17865,United Kingdom,2010-12-10 14:53:00,2011-11-09 12:08:00,31,20,10526.32,370,5757,4,5,5,4-5-5,4.67,Champions
17706,United Kingdom,2010-12-08 11:02:00,2011-12-05 13:34:00,5,17,10504.49,382,3899,5,5,5,5-5-5,5.0,Champions
15251,United Kingdom,2011-04-12 10:38:00,2011-11-30 15:02:00,10,11,10484.99,111,6171,5,5,5,5-5-5,5.0,Champions
14062,United Kingdom,2010-12-10 15:56:00,2011-11-30 10:04:00,10,12,10464.85,111,5593,5,5,5,5-5-5,5.0,Champions
15615,United Kingdom,2010-12-15 16:21:00,2011-11-29 14:42:00,11,23,10399.74,423,5508,5,5,5,5-5-5,5.0,Champions
15502,United Kingdom,2010-12-05 15:40:00,2011-11-24 12:48:00,16,12,10384.93,213,4236,4,5,5,4-5-5,4.67,Champions
16180,United Kingdom,2011-04-01 10:23:00,2011-08-31 16:28:00,101,8,10254.18,162,5867,2,5,5,2-5-5,4.0,At-Risk
16843,United Kingdom,2011-01-16 16:10:00,2011-10-28 09:06:00,43,16,10196.57,378,10159,3,5,5,3-5-5,4.33,Loyal Customers
12590,Germany,2011-05-12 14:46:00,2011-05-12 14:52:00,212,2,9864.26,68,4283,1,3,5,1-3-5,3.0,At-Risk
13001,United Kingdom,2011-01-17 12:45:00,2011-12-05 14:51:00,5,13,9818.82,339,5505,5,5,5,5-5-5,5.0,Champions
13199,United Kingdom,2010-12-08 10:51:00,2011-12-06 12:30:00,4,38,9817.12,119,6176,5,5,5,5-5-5,5.0,Champions
15078,United Kingdom,2010-12-06 12:38:00,2011-12-02 15:41:00,8,32,9743.11,440,5105,5,5,5,5-5-5,5.0,Champions
12709,Germany,2010-12-08 09:49:00,2011-11-24 15:38:00,16,15,9736.52,208,3936,4,5,5,4-5-5,4.67,Champions
13458,United Kingdom,2010-12-15 12:05:00,2011-12-02 15:29:00,8,14,9646.57,382,5508,5,5,5,5-5-5,5.0,Champions
14733,United Kingdom,2010-12-07 11:30:00,2011-11-23 15:39:00,17,12,9585.91,202,3764,4,5,5,4-5-5,4.67,Champions
16523,United Kingdom,2011-01-28 12:06:00,2011-12-08 09:06:00,2,21,9418.47,290,4265,5,5,5,5-5-5,5.0,Champions
12567,France,2010-12-05 11:57:00,2011-11-17 11:02:00,23,10,9401.28,446,4305,4,5,5,4-5-5,4.67,Champions
14367,United Kingdom,2011-03-08 14:12:00,2011-12-01 13:19:00,9,16,9261.52,524,4438,5,5,5,5-5-5,5.0,Champions
14667,United Kingdom,2010-12-06 13:13:00,2011-11-29 11:30:00,11,25,9241.2,573,5385,5,5,5,5-5-5,5.0,Champions
18092,United Kingdom,2010-12-09 10:00:00,2011-12-07 13:14:00,3,11,9068.26,89,4252,5,5,5,5-5-5,5.0,Champions
13969,United Kingdom,2010-12-09 19:32:00,2011-12-02 15:11:00,8,18,9053.94,626,4542,5,5,5,5-5-5,5.0,Champions
12451,Switzerland,2011-01-19 09:05:00,2011-11-29 08:40:00,11,5,9035.52,354,6575,5,4,5,5-4-5,4.67,Champions
13488,United Kingdom,2010-12-07 13:01:00,2011-11-22 14:41:00,18,13,8968.31,422,4518,4,5,5,4-5-5,4.67,Champions
13090,United Kingdom,2010-12-02 07:48:00,2011-12-01 12:39:00,9,14,8910.82,155,2263,5,5,5,5-5-5,5.0,Champions
16033,United Kingdom,2010-12-05 10:36:00,2011-12-04 12:44:00,6,20,8816.4,1137,3539,5,5,5,5-5-5,5.0,Champions
17017,United Kingdom,2010-12-02 10:17:00,2011-12-07 09:32:00,3,20,8694.26,252,6673,5,5,5,5-5-5,5.0,Champions
17243,United Kingdom,2010-12-05 10:03:00,2011-12-08 13:26:00,2,26,8676.85,400,3370,5,5,5,5-5-5,5.0,Champions
17306,United Kingdom,2010-12-21 13:34:00,2011-11-29 12:14:00,11,19,8631.31,66,11491,5,5,5,5-5-5,5.0,Champions
16656,United Kingdom,2010-12-10 11:23:00,2011-11-17 14:43:00,23,15,8625.8,73,8894,4,5,5,4-5-5,4.67,Champions
14527,United Kingdom,2010-12-05 13:17:00,2011-12-07 12:19:00,3,55,8508.82,972,2089,5,5,5,5-5-5,5.0,Champions
12683,France,2010-12-09 10:37:00,2011-12-05 16:31:00,5,15,8476.57,344,4987,5,5,5,5-5-5,5.0,Champions
18139,United Kingdom,2011-11-21 14:06:00,2011-11-22 10:44:00,18,6,8438.34,159,5557,4,5,5,4-5-5,4.67,Champions
15358,United Kingdom,2010-12-09 10:04:00,2011-12-05 09:04:00,5,22,8347.2,551,7050,5,5,5,5-5-5,5.0,Champions
16558,United Kingdom,2010-12-08 12:01:00,2011-12-09 10:20:00,1,20,8338.49,460,5377,5,5,5,5-5-5,5.0,Champions
14056,United Kingdom,2011-02-28 15:19:00,2011-12-08 13:36:00,2,23,8214.65,1106,4273,5,5,5,5-5-5,5.0,Champions
14936,Channel Islands,2011-03-09 11:53:00,2011-11-06 10:30:00,34,8,8137.02,364,4085,3,5,5,3-5-5,4.33,Loyal Customers
16672,United Kingdom,2011-03-18 10:15:00,2011-12-07 16:29:00,3,20,8134.94,114,2832,5,5,5,5-5-5,5.0,Champions
13854,United Kingdom,2010-12-09 10:48:00,2011-12-01 09:06:00,9,25,8109.52,110,2296,5,5,5,5-5-5,5.0,Champions
14952,United Kingdom,2010-12-10 12:48:00,2011-10-11 10:33:00,60,11,8099.49,138,3355,3,5,5,3-5-5,4.33,Loyal Customers
18109,United Kingdom,2010-12-05 10:58:00,2011-12-08 11:36:00,2,26,8052.97,444,4237,5,5,5,5-5-5,5.0,Champions
14796,United Kingdom,2010-12-08 10:40:00,2011-12-08 15:31:00,2,17,8022.49,1141,6025,5,5,5,5-5-5,5.0,Champions
12428,Finland,2011-03-01 09:33:00,2011-11-14 08:22:00,26,9,7956.46,294,3536,4,5,5,4-5-5,4.67,Champions
15290,United Kingdom,2010-12-15 16:03:00,2011-12-05 11:39:00,5,18,7943.22,204,4501,5,5,5,5-5-5,5.0,Champions
14849,United Kingdom,2010-12-01 12:22:00,2011-11-18 10:58:00,22,25,7930.54,388,5694,4,5,5,4-5-5,4.67,Champions
12757,Portugal,2011-05-12 19:01:00,2011-11-24 12:30:00,16,13,7857.1,371,2402,4,5,5,4-5-5,4.67,Champions
17811,United Kingdom,2011-01-10 10:58:00,2011-12-05 13:46:00,5,39,7837.73,851,4177,5,5,5,5-5-5,5.0,Champions
13093,United Kingdom,2010-12-01 15:00:00,2011-03-09 12:14:00,276,8,7832.47,159,3961,1,5,5,1-5-5,3.67,At-Risk
12435,Denmark,2011-03-17 07:40:00,2011-09-21 09:06:00,80,2,7829.89,36,2055,2,3,5,2-3-5,3.33,At-Risk
13629,United Kingdom,2011-01-05 12:09:00,2011-11-16 13:21:00,24,11,7792.36,59,4372,4,5,5,4-5-5,4.67,Champions
15044,United Kingdom,2010-12-12 14:27:00,2011-11-20 13:20:00,20,17,7700.23,453,2795,4,5,5,4-5-5,4.67,Champions
15194,United Kingdom,2010-12-06 15:00:00,2011-12-06 15:10:00,4,15,7616.53,310,5703,5,5,5,5-5-5,5.0,Champions
18172,United Kingdom,2011-02-23 10:44:00,2011-11-25 11:12:00,15,20,7561.68,189,3184,4,5,5,4-5-5,4.67,Champions
13263,United Kingdom,2011-01-18 16:31:00,2011-12-08 13:59:00,2,35,7454.07,1677,4780,5,5,5,5-5-5,5.0,Champions
12474,Germany,2011-01-14 10:06:00,2011-11-22 14:39:00,18,18,7375.79,424,4847,4,5,5,4-5-5,4.67,Champions
12980,United Kingdom,2010-12-16 11:36:00,2011-07-05 09:34:00,158,9,7374.9,20,886,2,5,5,2-5-5,4.0,At-Risk
15465,United Kingdom,2010-12-05 10:12:00,2011-11-20 10:11:00,20,18,7354.62,97,1257,4,5,5,4-5-5,4.67,Champions
17396,United Kingdom,2010-12-03 09:45:00,2011-10-31 14:12:00,40,8,7330.8,27,2005,3,5,5,3-5-5,4.33,Loyal Customers
12583,France,2010-12-01 08:45:00,2011-12-07 08:07:00,3,15,7281.38,247,5060,5,5,5,5-5-5,5.0,Champions
13018,United Kingdom,2011-02-17 11:05:00,2011-11-23 13:28:00,17,28,7277.7,458,5435,4,5,5,4-5-5,4.67,Champions
18229,United Kingdom,2010-12-01 16:25:00,2011-11-28 09:48:00,12,20,7276.9,164,2488,5,5,5,5-5-5,5.0,Champions
16923,United Kingdom,2010-12-12 11:06:00,2011-11-27 13:00:00,13,19,7247.61,672,3417,5,5,5,5-5-5,5.0,Champions
16729,United Kingdom,2011-04-12 14:22:00,2011-11-01 14:29:00,39,21,7239.92,660,5783,3,5,5,3-5-5,4.33,Loyal Customers
16745,United Kingdom,2011-02-01 11:31:00,2011-09-14 11:58:00,87,17,7194.3,357,6735,2,5,5,2-5-5,4.0,At-Risk
16873,United Kingdom,2010-12-10 15:45:00,2011-12-05 12:05:00,5,6,7123.62,279,3840,5,5,5,5-5-5,5.0,Champions
13324,United Kingdom,2010-12-14 09:50:00,2011-11-03 16:28:00,37,10,7121.95,75,5205,3,5,5,3-5-5,4.33,Loyal Customers
13985,United Kingdom,2011-03-20 13:48:00,2011-12-05 17:06:00,5,15,7060.13,349,3445,5,5,5,5-5-5,5.0,Champions
14961,United Kingdom,2010-12-14 11:38:00,2011-11-29 09:42:00,11,9,7044.68,312,3708,5,5,5,5-5-5,5.0,Champions
12766,Portugal,2010-12-08 13:53:00,2011-12-06 08:46:00,4,7,6989.63,310,3646,5,5,5,5-5-5,5.0,Champions
12798,Japan,2011-06-22 10:11:00,2011-11-29 15:52:00,11,3,6977.04,8,5256,5,4,5,5-4-5,4.67,Champions
12989,United Kingdom,2010-12-10 13:24:00,2011-12-06 15:28:00,4,15,6924.11,64,2943,5,5,5,5-5-5,5.0,Champions
16713,United Kingdom,2010-12-08 13:01:00,2011-11-21 12:36:00,19,15,6923.13,624,4276,4,5,5,4-5-5,4.67,Champions
13027,United Kingdom,2010-12-20 12:45:00,2011-08-18 09:39:00,114,6,6912.0,26,17280,2,5,5,2-5-5,4.0,At-Risk
16187,United Kingdom,2011-02-28 13:34:00,2011-11-08 09:50:00,32,15,6911.44,295,5048,4,5,5,4-5-5,4.67,Champions
17416,United Kingdom,2011-03-03 13:45:00,2011-11-10 12:47:00,30,7,6893.42,269,4302,4,5,5,4-5-5,4.67,Champions
12705,Germany,2010-12-17 15:58:00,2011-11-24 13:17:00,16,9,6868.29,334,3997,4,5,5,4-5-5,4.67,Champions
12476,Germany,2010-12-13 14:39:00,2011-11-24 12:40:00,16,11,6816.42,233,2408,4,5,5,4-5-5,4.67,Champions
12830,United Kingdom,2011-06-21 10:53:00,2011-11-02 11:54:00,38,6,6814.64,38,9848,3,5,5,3-5-5,4.33,Loyal Customers
15023,United Kingdom,2010-12-05 13:49:00,2011-12-06 17:23:00,4,11,6802.76,562,2871,5,5,5,5-5-5,5.0,Champions
18055,United Kingdom,2010-12-05 10:52:00,2011-12-02 14:25:00,8,10,6784.19,360,2455,5,5,5,5-5-5,5.0,Champions
15601,United Kingdom,2010-12-02 10:39:00,2011-11-28 15:15:00,12,14,6776.56,410,4983,5,5,5,5-5-5,5.0,Champions
16652,United Kingdom,2011-03-11 13:13:00,2011-10-12 09:38:00,59,7,6773.97,118,3283,3,5,5,3-5-5,4.33,Loyal Customers
16532,United Kingdom,2011-01-05 12:37:00,2011-11-22 11:08:00,18,3,6748.8,4,2016,4,4,5,4-4-5,4.33,Champions
13576,United Kingdom,2010-12-01 17:24:00,2011-11-29 15:34:00,11,18,6717.34,126,2646,5,5,5,5-5-5,5.0,Champions
16746,United Kingdom,2010-12-16 11:43:00,2011-12-05 12:33:00,5,18,6697.66,449,4665,5,5,5,5-5-5,5.0,Champions
15249,United Kingdom,2011-03-28 12:49:00,2011-11-08 11:45:00,32,13,6688.46,350,3577,4,5,5,4-5-5,4.67,Champions
16353,United Kingdom,2010-12-05 12:09:00,2011-12-06 12:23:00,4,23,6675.71,94,2006,5,5,5,5-5-5,5.0,Champions
17338,United Kingdom,2010-12-13 12:57:00,2011-11-22 14:23:00,18,8,6643.93,753,3128,4,5,5,4-5-5,4.67,Champions
12626,Germany,2011-01-17 11:01:00,2011-11-16 16:06:00,24,9,6620.48,294,3453,4,5,5,4-5-5,4.67,Champions
16182,United Kingdom,2011-02-18 10:11:00,2011-09-28 13:23:00,73,4,6617.65,28,3791,2,4,5,2-4-5,3.67,At-Risk
15144,United Kingdom,2011-01-31 13:17:00,2011-12-01 15:12:00,9,17,6580.44,217,3050,5,5,5,5-5-5,5.0,Champions
12472,Germany,2010-12-05 14:19:00,2011-11-07 14:01:00,33,7,6572.11,339,4148,4,5,5,4-5-5,4.67,Champions
16814,United Kingdom,2010-12-05 11:45:00,2011-11-25 13:27:00,15,21,6509.1,324,2769,4,5,5,4-5-5,4.67,Champions
12431,Australia,2010-12-01 10:03:00,2011-11-04 11:55:00,36,15,6487.45,235,2906,3,5,5,3-5-5,4.33,Loyal Customers
18223,United Kingdom,2010-12-16 16:42:00,2011-12-05 09:11:00,5,14,6484.54,272,2948,5,5,5,5-5-5,5.0,Champions
15694,United Kingdom,2010-12-02 07:49:00,2011-12-09 09:44:00,1,14,6479.4,78,1677,5,5,5,5-5-5,5.0,Champions
13225,United Kingdom,2010-12-13 09:49:00,2011-12-06 13:29:00,4,7,6463.84,32,3416,5,5,5,5-5-5,5.0,Champions
13102,United Kingdom,2010-12-09 13:38:00,2011-12-08 12:52:00,2,24,6424.09,304,4204,5,5,5,5-5-5,5.0,Champions
13871,United Kingdom,2011-02-04 09:30:00,2011-11-17 10:49:00,23,13,6403.25,336,2806,4,5,5,4-5-5,4.67,Champions
12359,Cyprus,2011-01-12 12:43:00,2011-10-13 12:47:00,58,4,6372.58,248,1622,3,4,5,3-4-5,4.0,Loyal Customers
13668,United Kingdom,2010-12-12 12:35:00,2011-12-07 12:11:00,3,21,6363.59,470,3742,5,5,5,5-5-5,5.0,Champions
13709,United Kingdom,2011-01-28 14:57:00,2011-12-06 10:28:00,4,13,6328.05,336,3516,5,5,5,5-5-5,5.0,Champions
15005,United Kingdom,2010-12-08 14:36:00,2011-11-24 12:25:00,16,28,6316.57,1119,4247,4,5,5,4-5-5,4.67,Champions
17315,United Kingdom,2010-12-17 12:24:00,2011-12-08 12:15:00,2,38,6292.26,473,3888,5,5,5,5-5-5,5.0,Champions
16126,United Kingdom,2011-02-16 11:18:00,2011-11-10 16:03:00,30,4,6287.77,117,2125,4,4,5,4-4-5,4.33,Champions
14057,United Kingdom,2010-12-14 12:11:00,2011-11-16 10:32:00,24,17,6217.96,284,4876,4,5,5,4-5-5,4.67,Champions
12357,Switzerland,2011-11-06 16:07:00,2011-11-06 16:07:00,34,1,6207.67,131,2708,3,2,5,3-2-5,3.33,Need Attention
14060,United Kingdom,2010-12-02 12:11:00,2011-12-05 12:29:00,5,19,6140.42,202,5386,5,5,5,5-5-5,5.0,Champions
13418,United Kingdom,2010-12-02 10:45:00,2011-11-28 10:23:00,12,18,6127.43,304,3918,5,5,5,5-5-5,5.0,Champions
17509,United Kingdom,2011-10-07 13:14:00,2011-10-13 10:26:00,58,8,6115.14,366,3534,3,5,5,3-5-5,4.33,Loyal Customers
15939,United Kingdom,2011-01-12 12:43:00,2011-09-11 11:30:00,90,15,6115.01,76,4728,2,5,5,2-5-5,4.0,At-Risk
14735,United Kingdom,2010-12-16 16:05:00,2011-12-06 12:09:00,4,32,6065.69,194,2264,5,5,5,5-5-5,5.0,Champions
12637,France,2011-01-20 10:47:00,2011-10-03 13:46:00,68,8,6021.9,390,3002,3,5,5,3-5-5,4.33,Loyal Customers
13097,United Kingdom,2010-12-14 15:13:00,2011-11-07 10:43:00,33,10,6010.42,423,2363,4,5,5,4-5-5,4.67,Champions
13316,United Kingdom,2011-03-30 13:01:00,2011-11-02 13:40:00,38,4,5977.73,87,6948,3,4,5,3-4-5,4.0,Loyal Customers
14101,United Kingdom,2011-01-17 13:09:00,2011-09-27 12:28:00,74,6,5976.79,35,6942,2,5,5,2-5-5,4.0,At-Risk
15382,United Kingdom,2011-02-17 12:01:00,2011-11-25 10:58:00,15,6,5955.71,302,4012,4,5,5,4-5-5,4.67,Champions
14505,United Kingdom,2010-12-12 16:14:00,2011-11-22 15:45:00,18,8,5905.64,799,2759,4,5,5,4-5-5,4.67,Champions
14415,United Kingdom,2010-12-14 13:31:00,2011-12-08 14:38:00,2,13,5900.28,590,3011,5,5,5,5-5-5,5.0,Champions
14944,United Kingdom,2011-02-16 12:47:00,2011-11-10 09:10:00,30,12,5900.25,170,2815,4,5,5,4-5-5,4.67,Champions
13209,United Kingdom,2010-12-13 10:31:00,2011-11-09 13:54:00,31,8,5891.61,321,4253,4,5,5,4-5-5,4.67,Champions
13534,United Kingdom,2010-12-16 15:23:00,2011-12-07 14:52:00,3,25,5870.08,296,2961,5,5,5,5-5-5,5.0,Champions
13050,United Kingdom,2010-12-08 09:30:00,2011-11-25 09:18:00,15,17,5836.86,403,3748,4,5,5,4-5-5,4.67,Champions
12720,Germany,2010-12-05 15:21:00,2011-12-07 08:03:00,3,25,5781.73,354,4672,5,5,5,5-5-5,5.0,Champions
15218,United Kingdom,2011-01-25 11:20:00,2011-11-29 11:48:00,11,11,5756.89,166,3329,5,5,5,5-5-5,5.0,Champions
17686,United Kingdom,2011-02-10 10:18:00,2011-12-02 15:39:00,8,7,5739.46,286,2478,5,5,5,5-5-5,5.0,Champions
13178,United Kingdom,2010-12-14 12:22:00,2011-11-13 16:14:00,27,11,5725.47,265,3570,4,5,5,4-5-5,4.67,Champions
16553,United Kingdom,2010-12-14 13:58:00,2011-06-29 15:42:00,164,12,5719.82,84,4600,2,5,5,2-5-5,4.0,At-Risk
13468,United Kingdom,2010-12-01 15:08:00,2011-12-08 10:39:00,2,37,5704.97,302,2589,5,5,5,5-5-5,5.0,Champions
14110,United Kingdom,2011-03-18 09:59:00,2011-12-06 12:26:00,4,12,5683.15,155,2445,5,5,5,5-5-5,5.0,Champions
14049,United Kingdom,2011-01-26 11:27:00,2011-11-23 12:20:00,17,4,5681.72,488,3870,4,4,5,4-4-5,4.33,Champions
17049,United Kingdom,2011-03-09 08:33:00,2011-12-07 10:48:00,3,9,5659.98,318,2676,5,5,5,5-5-5,5.0,Champions
17716,United Kingdom,2011-03-17 10:38:00,2011-11-17 12:00:00,23,11,5655.99,245,3072,4,5,5,4-5-5,4.67,Champions
13004,United Kingdom,2010-12-17 08:20:00,2011-11-28 11:27:00,12,18,5655.91,404,4822,5,5,5,5-5-5,5.0,Champions
18118,United Kingdom,2010-12-05 12:13:00,2011-11-29 11:32:00,11,26,5653.82,1279,2882,5,5,5,5-5-5,5.0,Champions
14688,United Kingdom,2010-12-01 09:37:00,2011-12-02 12:26:00,8,21,5630.87,327,3621,5,5,5,5-5-5,5.0,Champions
17757,United Kingdom,2010-12-02 17:17:00,2011-12-08 15:31:00,2,30,5605.29,741,3320,5,5,5,5-5-5,5.0,Champions
12481,Germany,2010-12-09 10:13:00,2011-11-17 08:29:00,23,10,5596.32,217,3304,4,5,5,4-5-5,4.67,Champions
12839,United Kingdom,2010-12-07 15:48:00,2011-12-07 12:33:00,3,14,5591.42,314,3807,5,5,5,5-5-5,5.0,Champions
16767,United Kingdom,2011-01-27 13:38:00,2011-11-09 09:42:00,31,11,5580.6,222,4435,4,5,5,4-5-5,4.67,Champions
16161,United Kingdom,2010-12-06 10:03:00,2011-12-08 12:10:00,2,19,5575.56,474,2599,5,5,5,5-5-5,5.0,Champions
12539,Spain,2011-01-10 09:11:00,2011-11-17 13:30:00,23,4,5568.35,273,2067,4,4,5,4-4-5,4.33,Champions
15805,United Kingdom,2010-12-10 09:33:00,2011-11-16 16:32:00,24,17,5528.48,301,3387,4,5,5,4-5-5,4.67,Champions
18225,United Kingdom,2010-12-09 15:46:00,2011-12-06 13:27:00,4,12,5509.12,271,3244,5,5,5,5-5-5,5.0,Champions
16609,United Kingdom,2011-04-01 10:11:00,2011-11-24 13:32:00,16,7,5493.46,276,2420,4,5,5,4-5-5,4.67,Champions
16985,United Kingdom,2010-12-16 10:38:00,2011-11-22 13:33:00,18,10,5464.12,120,1832,4,5,5,4-5-5,4.67,Champions
16265,United Kingdom,2010-12-10 10:21:00,2011-11-30 16:41:00,10,9,5447.0,258,2646,5,5,5,5-5-5,5.0,Champions
18198,United Kingdom,2011-01-07 13:39:00,2011-12-05 14:49:00,5,17,5425.56,159,4074,5,5,5,5-5-5,5.0,Champions
12490,France,2011-01-14 09:13:00,2011-12-04 16:07:00,6,10,5417.93,245,3064,5,5,5,5-5-5,5.0,Champions
17809,United Kingdom,2010-12-01 09:41:00,2011-11-23 12:59:00,17,12,5411.91,61,2057,4,5,5,4-5-5,4.67,Champions
16701,United Kingdom,2010-12-13 11:51:00,2011-12-01 11:10:00,9,13,5398.3,144,6393,5,5,5,5-5-5,5.0,Champions
17719,United Kingdom,2011-03-29 11:29:00,2011-11-02 10:36:00,38,15,5396.04,274,2466,3,5,5,3-5-5,4.33,Loyal Customers
17850,United Kingdom,2010-12-01 08:26:00,2010-12-02 15:27:00,373,34,5391.21,297,1733,1,5,5,1-5-5,3.67,At-Risk
16303,United Kingdom,2011-01-10 14:16:00,2011-11-14 10:49:00,26,3,5360.63,162,2659,4,4,5,4-4-5,4.33,Champions
13269,United Kingdom,2010-12-05 11:51:00,2011-12-08 14:53:00,2,15,5346.23,316,3514,5,5,5,5-5-5,5.0,Champions
15150,United Kingdom,2011-03-15 14:21:00,2011-11-22 12:52:00,18,10,5314.47,343,3658,4,5,5,4-5-5,4.67,Champions
17730,United Kingdom,2011-01-17 14:49:00,2011-12-06 15:43:00,4,13,5298.48,218,3576,5,5,5,5-5-5,5.0,Champions
17061,United Kingdom,2011-04-21 13:29:00,2011-09-27 11:24:00,74,11,5232.23,99,1526,2,5,5,2-5-5,4.0,At-Risk
18226,United Kingdom,2011-01-06 09:00:00,2011-10-26 13:36:00,45,11,5228.05,242,3466,3,5,5,3-5-5,4.33,Loyal Customers
12362,Belgium,2011-02-17 10:30:00,2011-12-06 15:40:00,4,10,5226.23,266,2229,5,5,5,5-5-5,5.0,Champions
15046,United Kingdom,2011-01-05 15:30:00,2011-11-30 15:50:00,10,15,5213.77,206,3451,5,5,5,5-5-5,5.0,Champions
16258,United Kingdom,2011-05-04 14:33:00,2011-10-25 13:30:00,46,5,5203.51,135,2994,3,4,5,3-4-5,4.0,Loyal Customers
13756,United Kingdom,2010-12-07 11:41:00,2011-12-07 16:44:00,3,14,5189.52,142,3188,5,5,5,5-5-5,5.0,Champions
16191,United Kingdom,2010-12-14 12:38:00,2011-12-07 11:26:00,3,13,5180.52,134,3351,5,5,5,5-5-5,5.0,Champions
15727,United Kingdom,2010-12-15 15:47:00,2011-11-23 12:36:00,17,7,5178.96,302,3065,4,5,5,4-5-5,4.67,Champions
17858,United Kingdom,2010-12-05 13:08:00,2011-12-04 11:56:00,6,12,5155.66,199,2706,5,5,5,5-5-5,5.0,Champions
13599,United Kingdom,2010-12-08 10:11:00,2011-12-08 16:10:00,2,21,5153.67,247,3294,5,5,5,5-5-5,5.0,Champions
15903,United Kingdom,2011-02-17 14:04:00,2011-11-30 08:08:00,10,7,5126.76,74,2410,5,5,5,5-5-5,5.0,Champions
13941,United Kingdom,2010-12-02 10:17:00,2011-11-18 09:43:00,22,5,5112.96,45,2364,4,4,5,4-4-5,4.33,Champions
17602,United Kingdom,2011-01-19 16:18:00,2011-12-07 13:53:00,3,6,5102.97,560,4151,5,5,5,5-5-5,5.0,Champions
16700,United Kingdom,2010-12-08 16:34:00,2011-12-01 11:00:00,9,13,5076.55,308,4024,5,5,5,5-5-5,5.0,Champions
14562,United Kingdom,2011-02-08 14:45:00,2011-12-06 11:05:00,4,18,5074.77,423,1834,5,5,5,5-5-5,5.0,Champions
15301,United Kingdom,2010-12-06 12:21:00,2011-10-20 09:57:00,51,12,5070.35,243,2775,3,5,5,3-5-5,4.33,Loyal Customers
13139,United Kingdom,2011-03-25 11:57:00,2011-11-23 13:54:00,17,7,5064.94,170,2425,4,5,5,4-5-5,4.67,Champions
12432,Norway,2011-06-20 13:27:00,2011-10-28 11:43:00,43,5,5059.32,108,1801,3,4,5,3-4-5,4.0,Loyal Customers
15719,United Kingdom,2011-01-06 12:31:00,2011-11-07 12:29:00,33,13,5045.61,937,2725,4,5,5,4-5-5,4.67,Champions
17426,United Kingdom,2011-03-02 16:34:00,2011-12-01 18:07:00,9,6,5037.26,271,3094,5,5,5,5-5-5,5.0,Champions
14329,United Kingdom,2011-01-14 13:42:00,2011-11-22 15:50:00,18,7,5014.84,259,3095,4,5,5,4-5-5,4.67,Champions
14755,United Kingdom,2011-01-09 14:02:00,2011-11-30 11:24:00,10,11,5010.28,235,2219,5,5,5,5-5-5,5.0,Champions
12444,Norway,2011-06-21 14:00:00,2011-11-18 13:23:00,22,5,5005.46,176,1153,4,4,5,4-4-5,4.33,Champions
15032,United Kingdom,2010-12-08 12:57:00,2011-03-28 15:03:00,257,3,4959.1,52,2968,1,4,5,1-4-5,3.33,At-Risk
15547,United Kingdom,2010-12-12 13:26:00,2011-12-02 12:52:00,8,14,4954.84,702,4032,5,5,5,5-5-5,5.0,Champions
12437,France,2011-01-12 14:13:00,2011-12-08 11:35:00,2,18,4951.41,199,2922,5,5,5,5-5-5,5.0,Champions
12700,France,2011-05-08 16:10:00,2011-12-02 10:47:00,8,4,4939.99,268,2967,5,4,5,5-4-5,4.67,Champions
15786,United Kingdom,2011-08-17 13:33:00,2011-10-24 14:13:00,47,3,4932.2,267,3364,3,4,5,3-4-5,4.0,Loyal Customers
14709,United Kingdom,2010-12-16 13:43:00,2011-11-24 15:41:00,16,13,4921.04,196,2484,4,5,5,4-5-5,4.67,Champions
17133,United Kingdom,2011-03-18 13:47:00,2011-11-24 12:27:00,16,7,4892.24,27,2730,4,5,5,4-5-5,4.67,Champions
12664,Finland,2011-01-21 11:42:00,2011-12-01 17:07:00,9,9,4881.88,37,1203,5,5,5,5-5-5,5.0,Champions
12688,Israel,2011-08-18 08:49:00,2011-08-18 08:49:00,114,1,4873.81,171,3028,2,2,5,2-2-5,3.0,At-Risk
14292,United Kingdom,2011-03-02 08:26:00,2011-12-02 11:50:00,8,9,4871.93,100,1663,5,5,5,5-5-5,5.0,Champions
17652,United Kingdom,2011-03-03 14:05:00,2011-11-14 12:55:00,26,12,4867.72,259,2509,4,5,5,4-5-5,4.67,Champions
15738,United Kingdom,2010-12-02 12:50:00,2011-11-21 08:26:00,19,16,4812.42,173,2982,4,5,5,4-5-5,4.67,Champions
13013,United Kingdom,2010-12-03 12:28:00,2011-12-08 15:01:00,2,13,4810.94,219,2224,5,5,5,5-5-5,5.0,Champions
15555,United Kingdom,2010-12-05 14:45:00,2011-11-27 16:19:00,13,16,4805.17,899,4439,5,5,5,5-5-5,5.0,Champions
17365,United Kingdom,2011-01-11 12:11:00,2011-11-27 12:13:00,13,8,4801.56,468,4777,5,5,5,5-5-5,5.0,Champions
15298,United Kingdom,2010-12-08 13:55:00,2011-12-07 17:17:00,3,12,4799.9,192,3116,5,5,5,5-5-5,5.0,Champions
15187,United Kingdom,2011-05-11 13:49:00,2011-12-08 11:56:00,2,16,4777.18,91,1887,5,5,5,5-5-5,5.0,Champions
17690,United Kingdom,2010-12-01 16:15:00,2011-11-09 15:17:00,31,15,4757.95,256,1773,4,5,5,4-5-5,4.67,Champions
12955,United Kingdom,2011-03-17 09:03:00,2011-12-08 16:29:00,2,11,4757.16,180,3664,5,5,5,5-5-5,5.0,Champions
14180,United Kingdom,2010-12-02 13:08:00,2011-11-29 10:56:00,11,25,4748.52,240,719,5,5,5,5-5-5,5.0,Champions
15152,United Kingdom,2011-06-05 15:36:00,2011-11-30 12:32:00,10,13,4745.69,271,2704,5,5,5,5-5-5,5.0,Champions
16722,United Kingdom,2010-12-06 12:59:00,2011-11-22 13:28:00,18,13,4730.81,225,5001,4,5,5,4-5-5,4.67,Champions
12714,France,2011-02-18 10:53:00,2011-11-30 15:43:00,10,5,4708.86,259,3069,5,4,5,5-4-5,4.67,Champions
14159,United Kingdom,2010-12-12 11:17:00,2011-11-20 12:36:00,20,11,4693.01,1204,4408,4,5,5,4-5-5,4.67,Champions
14135,United Kingdom,2010-12-02 10:27:00,2011-12-08 11:38:00,2,15,4690.31,134,3850,5,5,5,5-5-5,5.0,Champions
14191,United Kingdom,2011-05-03 10:30:00,2011-12-08 09:23:00,2,13,4684.76,259,3662,5,5,5,5-5-5,5.0,Champions
15291,United Kingdom,2010-12-01 09:32:00,2011-11-14 11:02:00,26,15,4668.3,103,2103,4,5,5,4-5-5,4.67,Champions
14189,United Kingdom,2010-12-06 11:42:00,2011-12-07 15:55:00,3,15,4654.08,265,3937,5,5,5,5-5-5,5.0,Champions
14390,United Kingdom,2010-12-02 11:57:00,2011-11-29 13:49:00,11,9,4652.82,286,2136,5,5,5,5-5-5,5.0,Champions
14286,United Kingdom,2011-04-11 08:16:00,2011-11-16 10:34:00,24,3,4628.75,280,4338,4,4,5,4-4-5,4.33,Champions
16931,United Kingdom,2010-12-05 11:40:00,2011-12-04 13:15:00,6,21,4604.22,898,3158,5,5,5,5-5-5,5.0,Champions
13802,United Kingdom,2011-02-01 12:03:00,2011-07-24 10:54:00,139,3,4599.42,60,2572,2,4,5,2-4-5,3.67,At-Risk
15093,United Kingdom,2010-12-02 18:25:00,2011-11-21 13:09:00,19,6,4597.02,108,3760,4,5,5,4-5-5,4.67,Champions
14004,United Kingdom,2011-02-24 09:28:00,2011-10-27 14:40:00,44,7,4582.64,171,2668,3,5,5,3-5-5,4.33,Loyal Customers
17613,United Kingdom,2011-02-07 11:20:00,2011-11-17 10:51:00,23,14,4559.15,312,2496,4,5,5,4-5-5,4.67,Champions
17068,United Kingdom,2010-12-06 13:58:00,2011-11-27 13:14:00,13,21,4552.14,296,2164,5,5,5,5-5-5,5.0,Champions
12484,Spain,2011-01-07 14:04:00,2011-11-07 11:37:00,33,6,4541.72,346,2191,4,5,5,4-5-5,4.67,Champions
13267,United Kingdom,2010-12-08 09:20:00,2011-12-07 11:12:00,3,19,4521.49,211,1969,5,5,5,5-5-5,5.0,Champions
15299,United Kingdom,2010-12-02 16:48:00,2011-10-03 14:19:00,68,7,4507.01,7,2948,3,5,5,3-5-5,4.33,Loyal Customers
17975,United Kingdom,2010-12-08 11:38:00,2011-11-24 13:27:00,16,13,4488.81,296,1568,4,5,5,4-5-5,4.67,Champions
12524,Germany,2011-01-10 10:35:00,2011-11-30 15:31:00,10,8,4485.72,144,3699,5,5,5,5-5-5,5.0,Champions
14426,United Kingdom,2011-01-31 09:51:00,2011-11-16 12:25:00,24,10,4481.67,224,2699,4,5,5,4-5-5,4.67,Champions
16984,United Kingdom,2011-08-01 17:37:00,2011-09-12 13:43:00,89,2,4481.35,407,2423,2,3,5,2-3-5,3.33,At-Risk
17364,United Kingdom,2011-01-12 16:57:00,2011-12-09 09:00:00,1,11,4481.18,411,2701,5,5,5,5-5-5,5.0,Champions
12627,Germany,2011-07-22 13:59:00,2011-11-29 12:07:00,11,7,4478.53,230,2752,5,5,5,5-5-5,5.0,Champions
14085,United Kingdom,2010-12-06 12:39:00,2011-12-07 13:46:00,3,18,4448.54,450,3184,5,5,5,5-5-5,5.0,Champions
14534,United Kingdom,2011-01-25 12:33:00,2011-12-07 12:19:00,3,18,4447.05,519,2047,5,5,5,5-5-5,5.0,Champions
13069,United Kingdom,2010-12-05 11:02:00,2011-12-09 08:39:00,1,24,4436.12,425,5885,5,5,5,5-5-5,5.0,Champions
15955,United Kingdom,2010-12-02 11:22:00,2011-11-15 14:15:00,25,14,4416.26,183,2135,4,5,5,4-5-5,4.67,Champions
16626,United Kingdom,2011-03-18 12:27:00,2011-12-09 11:56:00,1,17,4413.1,179,2690,5,5,5,5-5-5,5.0,Champions
15874,United Kingdom,2011-02-28 13:28:00,2011-10-07 12:31:00,64,7,4405.88,120,2534,3,5,5,3-5-5,4.33,Loyal Customers
12712,Germany,2010-12-03 14:30:00,2011-11-11 08:19:00,29,13,4396.13,133,1062,4,5,5,4-5-5,4.67,Champions
13505,Switzerland,2011-04-21 12:07:00,2011-09-28 11:56:00,73,4,4393.63,215,2486,2,4,5,2-4-5,3.67,At-Risk
12752,Norway,2011-09-19 13:32:00,2011-09-19 13:32:00,82,1,4366.78,53,2262,2,2,5,2-2-5,3.0,At-Risk
16945,United Kingdom,2010-12-16 17:49:00,2011-11-18 11:39:00,22,19,4345.5,249,2725,4,5,5,4-5-5,4.67,Champions
14016,EIRE,2010-12-17 14:21:00,2011-07-01 11:29:00,162,4,4341.21,161,2125,2,4,5,2-4-5,3.67,At-Risk
14800,United Kingdom,2010-12-05 11:10:00,2011-10-23 12:46:00,48,12,4339.74,385,3655,3,5,5,3-5-5,4.33,Loyal Customers
14525,United Kingdom,2010-12-13 17:40:00,2011-11-20 11:37:00,20,9,4332.2,291,2696,4,5,5,4-5-5,4.67,Champions
17567,United Kingdom,2010-12-02 15:18:00,2011-12-02 15:48:00,8,8,4331.48,165,2632,5,5,5,5-5-5,5.0,Champions
18251,United Kingdom,2011-09-13 15:03:00,2011-09-13 15:03:00,88,1,4314.72,16,7824,2,2,5,2-2-5,3.0,At-Risk
12347,Iceland,2010-12-07 14:57:00,2011-12-07 15:52:00,3,7,4310.0,182,2458,5,5,5,5-5-5,5.0,Champions
15034,United Kingdom,2010-12-21 09:47:00,2011-11-24 12:11:00,16,8,4308.61,394,2422,4,5,5,4-5-5,4.67,Champions
17937,United Kingdom,2010-12-12 14:43:00,2011-12-01 11:45:00,9,7,4301.22,43,1754,5,5,5,5-5-5,5.0,Champions
14422,United Kingdom,2011-03-17 17:26:00,2011-12-09 11:26:00,1,6,4263.64,222,2906,5,5,5,5-5-5,5.0,Champions
12500,Germany,2011-01-10 09:48:00,2011-11-16 16:20:00,24,11,4257.82,61,2678,4,5,5,4-5-5,4.67,Champions
17419,United Kingdom,2010-12-07 15:03:00,2011-11-28 13:47:00,12,12,4226.57,206,1876,5,5,5,5-5-5,5.0,Champions
14277,France,2011-05-11 13:20:00,2011-11-24 15:01:00,16,3,4216.2,225,1984,4,4,5,4-4-5,4.33,Champions
15804,United Kingdom,2011-05-25 10:12:00,2011-12-09 12:31:00,1,13,4206.39,262,2565,5,5,5,5-5-5,5.0,Champions
17920,United Kingdom,2010-12-01 11:49:00,2011-12-05 14:29:00,5,17,4204.1,696,2516,5,5,5,5-5-5,5.0,Champions
15971,United Kingdom,2011-02-01 16:47:00,2011-11-22 12:50:00,18,12,4199.85,35,1717,4,5,5,4-5-5,4.67,Champions
12747,United Kingdom,2010-12-05 15:38:00,2011-12-07 14:34:00,3,11,4196.01,103,1275,5,5,5,5-5-5,5.0,Champions
14146,United Kingdom,2010-12-17 15:52:00,2011-12-01 10:18:00,9,5,4191.0,210,2437,5,4,5,5-4-5,4.67,Champions
18041,United Kingdom,2010-12-02 11:21:00,2011-11-28 11:39:00,12,21,4183.39,472,3819,5,5,5,5-5-5,5.0,Champions
12949,United Kingdom,2011-04-01 13:20:00,2011-11-09 11:25:00,31,8,4167.22,215,2381,4,5,5,4-5-5,4.67,Champions
15570,United Kingdom,2010-12-05 12:57:00,2011-12-02 14:47:00,8,12,4165.52,323,2067,5,5,5,5-5-5,5.0,Champions
16549,United Kingdom,2011-01-09 14:03:00,2011-11-29 15:06:00,11,10,4154.64,981,2365,5,5,5,5-5-5,5.0,Champions
13384,United Kingdom,2011-06-14 12:47:00,2011-11-09 11:04:00,31,7,4151.93,152,2422,4,5,5,4-5-5,4.67,Champions
13555,United Kingdom,2011-05-22 11:06:00,2011-09-27 12:36:00,74,4,4149.28,136,2660,2,4,5,2-4-5,3.67,At-Risk
13988,United Kingdom,2011-03-30 11:48:00,2011-11-20 10:15:00,20,6,4147.96,234,3044,4,5,5,4-5-5,4.67,Champions
15514,United Kingdom,2010-12-10 13:50:00,2011-11-27 14:40:00,13,11,4139.46,178,2160,5,5,5,5-5-5,5.0,Champions
12569,Germany,2011-04-01 13:47:00,2011-12-07 16:24:00,3,32,4124.69,188,1801,5,5,5,5-5-5,5.0,Champions
16592,United Kingdom,2011-02-25 10:19:00,2011-12-05 13:49:00,5,16,4113.68,216,2927,5,5,5,5-5-5,5.0,Champions
17940,United Kingdom,2011-02-10 09:29:00,2011-10-21 13:27:00,50,10,4106.44,19,9755,3,5,5,3-5-5,4.33,Loyal Customers
17377,United Kingdom,2010-12-01 12:35:00,2011-11-16 11:17:00,24,20,4100.92,418,2076,4,5,5,4-5-5,4.67,Champions
16401,United Kingdom,2011-01-16 10:56:00,2011-12-08 18:15:00,2,12,4098.32,186,3882,5,5,5,5-5-5,5.0,Champions
16670,United Kingdom,2010-12-16 10:30:00,2011-11-23 09:34:00,17,11,4095.9,252,2556,4,5,5,4-5-5,4.67,Champions
12749,United Kingdom,2011-05-10 15:25:00,2011-12-06 09:56:00,4,5,4090.88,199,1471,5,4,5,5-4-5,4.67,Champions
14092,United Kingdom,2010-12-16 15:47:00,2011-12-02 12:13:00,8,14,4076.91,214,2066,5,5,5,5-5-5,5.0,Champions
12449,Belgium,2011-06-05 15:37:00,2011-11-17 13:46:00,23,4,4067.29,191,1553,4,4,5,4-4-5,4.33,Champions
18087,United Kingdom,2011-02-22 10:43:00,2011-09-02 15:12:00,99,2,4055.72,2,3907,2,3,5,2-3-5,3.33,At-Risk
14401,United Kingdom,2010-12-15 09:07:00,2011-12-05 13:30:00,5,13,4051.48,182,4507,5,5,5,5-5-5,5.0,Champions
12656,France,2011-04-20 09:20:00,2011-11-22 13:42:00,18,5,4051.17,126,1723,4,4,5,4-4-5,4.33,Champions
12867,United Kingdom,2010-12-14 16:39:00,2011-11-13 15:30:00,27,7,4036.82,538,4298,4,5,5,4-5-5,4.67,Champions
13815,Germany,2011-01-25 12:16:00,2011-11-17 14:19:00,23,4,4027.36,176,2560,4,4,5,4-4-5,4.33,Champions
12841,United Kingdom,2010-12-03 10:43:00,2011-12-05 11:13:00,5,25,4022.35,420,2757,5,5,5,5-5-5,5.0,Champions
12957,United Kingdom,2011-01-04 12:18:00,2011-11-30 09:53:00,10,8,4017.54,238,2549,5,5,5,5-5-5,5.0,Champions
12378,Switzerland,2011-08-02 10:34:00,2011-08-02 10:34:00,130,1,4008.62,219,2529,2,2,5,2-2-5,3.0,At-Risk
14547,United Kingdom,2011-10-16 14:35:00,2011-12-06 11:06:00,4,8,4007.54,366,2668,5,5,5,5-5-5,5.0,Champions
16186,United Kingdom,2010-12-02 14:40:00,2011-11-17 12:43:00,23,12,4006.94,218,3020,4,5,5,4-5-5,4.67,Champions
17769,United Kingdom,2011-01-23 11:15:00,2011-11-27 11:18:00,13,10,3997.98,310,1862,5,5,5,5-5-5,5.0,Champions
15529,United Kingdom,2010-12-08 12:24:00,2011-11-17 11:29:00,23,11,3995.23,672,3496,4,5,5,4-5-5,4.67,Champions
17001,United Kingdom,2010-12-16 09:35:00,2011-12-09 09:38:00,1,11,3989.57,169,2164,5,5,5,5-5-5,5.0,Champions
15416,United Kingdom,2011-03-02 08:41:00,2011-10-06 09:38:00,65,4,3984.32,192,2090,3,4,5,3-4-5,4.0,Loyal Customers
17611,United Kingdom,2010-12-13 13:52:00,2011-12-02 13:29:00,8,15,3984.22,576,2560,5,5,5,5-5-5,5.0,Champions
12779,Poland,2010-12-03 13:40:00,2011-11-02 11:43:00,38,8,3981.36,149,2024,3,5,5,3-5-5,4.33,Loyal Customers
12727,France,2011-01-23 15:17:00,2011-11-29 11:46:00,11,7,3980.7,139,2098,5,5,5,5-5-5,5.0,Champions
14299,United Kingdom,2010-12-09 10:30:00,2011-12-01 16:05:00,9,9,3965.62,143,2149,5,5,5,5-5-5,5.0,Champions
13523,United Kingdom,2010-12-08 14:22:00,2011-11-06 15:11:00,34,5,3964.88,172,1752,3,4,5,3-4-5,4.0,Loyal Customers
13183,United Kingdom,2011-01-09 10:50:00,2011-12-02 10:30:00,8,9,3957.78,94,2208,5,5,5,5-5-5,5.0,Champions
17651,United Kingdom,2011-06-15 15:57:00,2011-11-28 10:29:00,12,10,3945.0,232,3112,5,5,5,5-5-5,5.0,Champions
12473,Germany,2011-06-01 10:15:00,2011-11-10 13:46:00,30,5,3938.55,168,2439,4,4,5,4-4-5,4.33,Champions
17593,United Kingdom,2010-12-22 10:29:00,2011-12-06 10:30:00,4,5,3927.34,213,3101,5,4,5,5-4-5,4.67,Champions
14739,United Kingdom,2010-12-07 14:58:00,2011-12-05 16:54:00,5,7,3902.28,60,3820,5,5,5,5-5-5,5.0,Champions
13999,United Kingdom,2010-12-13 11:23:00,2011-11-29 13:40:00,11,12,3901.81,208,2243,5,5,5,5-5-5,5.0,Champions
14291,United Kingdom,2011-03-09 15:20:00,2011-12-08 10:26:00,2,11,3883.25,237,2749,5,5,5,5-5-5,5.0,Champions
18073,United Kingdom,2011-05-26 19:38:00,2011-08-17 14:02:00,115,12,3877.52,73,3108,2,5,5,2-5-5,4.0,At-Risk
13124,United Kingdom,2010-12-15 15:00:00,2011-09-11 12:45:00,90,3,3866.33,235,2147,2,4,5,2-4-5,3.67,At-Risk
15195,United Kingdom,2011-12-07 12:20:00,2011-12-07 12:20:00,3,1,3861.0,1,1404,5,2,5,5-2-5,4.0,Potential Loyalists
16717,United Kingdom,2010-12-08 16:48:00,2011-11-16 12:16:00,24,6,3858.38,199,1866,4,5,5,4-5-5,4.67,Champions
12662,Germany,2010-12-01 13:04:00,2011-12-09 11:59:00,1,11,3849.78,230,2058,5,5,5,5-5-5,5.0,Champions
16327,United Kingdom,2010-12-05 12:43:00,2011-11-25 13:23:00,15,6,3844.22,319,2571,4,5,5,4-5-5,4.67,Champions
13266,United Kingdom,2011-03-28 10:14:00,2011-11-28 14:39:00,12,12,3834.26,187,4428,5,5,5,5-5-5,5.0,Champions
17091,United Kingdom,2010-12-07 09:55:00,2011-12-07 10:43:00,3,9,3827.76,195,1746,5,5,5,5-5-5,5.0,Champions
15867,United Kingdom,2010-12-05 14:17:00,2011-12-04 13:32:00,6,15,3812.64,461,2054,5,5,5,5-5-5,5.0,Champions
12755,Japan,2010-12-09 10:44:00,2011-03-04 12:42:00,281,2,3811.95,4,1491,1,3,5,1-3-5,3.0,At-Risk
12597,Spain,2011-03-16 14:00:00,2011-11-20 13:33:00,20,4,3811.22,206,2236,4,4,5,4-4-5,4.33,Champions
13435,United Kingdom,2011-06-03 17:07:00,2011-12-04 14:45:00,6,7,3809.89,101,2129,5,5,5,5-5-5,5.0,Champions
12668,Germany,2010-12-19 12:46:00,2011-11-28 10:56:00,12,4,3807.15,161,1634,5,4,5,5-4-5,4.67,Champions
16145,United Kingdom,2010-12-15 09:09:00,2011-12-01 10:33:00,9,11,3799.49,224,3123,5,5,5,5-5-5,5.0,Champions
16655,United Kingdom,2011-01-12 10:16:00,2011-11-22 11:25:00,18,6,3794.52,261,2367,4,5,5,4-5-5,4.67,Champions
16168,United Kingdom,2010-12-05 11:38:00,2011-11-29 12:45:00,11,27,3787.6,98,1892,5,5,5,5-5-5,5.0,Champions
16019,United Kingdom,2010-12-10 12:29:00,2011-10-24 11:51:00,47,9,3786.24,160,1733,3,5,5,3-5-5,4.33,Loyal Customers
12562,France,2011-05-25 12:44:00,2011-12-01 17:20:00,9,7,3781.74,168,1779,5,5,5,5-5-5,5.0,Champions
17173,United Kingdom,2011-07-31 15:26:00,2011-12-04 14:40:00,6,8,3766.6,86,1122,5,5,5,5-5-5,5.0,Champions
16904,United Kingdom,2010-12-07 13:29:00,2011-12-05 13:10:00,5,16,3754.27,710,2034,5,5,5,5-5-5,5.0,Champions
12429,Denmark,2010-12-09 12:05:00,2011-11-30 17:22:00,10,4,3750.4,97,1557,5,4,5,5-4-5,4.67,Champions
17238,United Kingdom,2010-12-03 15:05:00,2011-12-07 11:35:00,3,17,3744.65,566,1822,5,5,5,5-5-5,5.0,Champions
14145,United Kingdom,2011-05-06 13:01:00,2011-10-24 12:10:00,47,4,3742.2,11,756,3,4,5,3-4-5,4.0,Loyal Customers
13552,United Kingdom,2011-01-28 10:10:00,2011-10-04 15:19:00,67,12,3740.07,109,1417,3,5,5,3-5-5,4.33,Loyal Customers
16570,United Kingdom,2011-02-01 10:37:00,2011-11-24 17:02:00,16,10,3738.4,126,2112,4,5,5,4-5-5,4.67,Champions
15808,United Kingdom,2010-12-05 13:05:00,2011-02-06 14:33:00,307,4,3734.97,208,1343,1,4,5,1-4-5,3.33,At-Risk
14282,United Kingdom,2010-12-07 12:21:00,2011-12-06 17:04:00,4,15,3729.34,156,2668,5,5,5,5-5-5,5.0,Champions
12502,Spain,2011-02-03 10:41:00,2011-09-05 11:52:00,96,5,3723.87,147,820,2,4,5,2-4-5,3.67,At-Risk
12647,Germany,2010-12-05 14:02:00,2011-11-17 12:56:00,23,12,3722.82,121,1431,4,5,5,4-5-5,4.67,Champions
13680,United Kingdom,2011-01-04 14:12:00,2011-12-08 13:47:00,2,4,3722.42,195,1936,5,4,5,5-4-5,4.67,Champions
16240,United Kingdom,2011-09-23 13:44:00,2011-11-15 14:30:00,25,2,3718.8,135,1641,4,3,5,4-3-5,4.0,Loyal Customers
14364,United Kingdom,2011-05-12 12:56:00,2011-08-23 11:01:00,109,8,3717.35,69,1967,2,5,5,2-5-5,4.0,At-Risk
15845,United Kingdom,2011-01-06 17:19:00,2011-11-22 09:42:00,18,8,3711.77,138,1926,4,5,5,4-5-5,4.67,Champions
15622,United Kingdom,2011-03-02 13:42:00,2011-10-27 16:44:00,44,9,3709.56,185,1674,3,5,5,3-5-5,4.33,Loyal Customers
13148,United Kingdom,2010-12-10 13:06:00,2011-11-10 15:23:00,30,12,3707.12,319,1975,4,5,5,4-5-5,4.67,Champions
17819,United Kingdom,2010-12-03 14:26:00,2011-09-29 10:52:00,72,7,3704.87,48,1031,3,5,5,3-5-5,4.33,Loyal Customers
15379,United Kingdom,2010-12-16 13:02:00,2011-06-23 13:13:00,170,7,3703.29,194,2305,2,5,5,2-5-5,4.0,At-Risk
12553,France,2011-01-14 10:42:00,2011-12-01 16:38:00,9,10,3692.28,191,1965,5,5,5,5-5-5,5.0,Champions
16253,United Kingdom,2011-03-29 13:33:00,2011-10-04 09:09:00,67,2,3683.86,123,3233,3,3,5,3-3-5,3.67,Loyal Customers
15581,United Kingdom,2010-12-08 14:38:00,2011-08-11 09:38:00,121,13,3679.97,149,286,2,5,5,2-5-5,4.0,At-Risk
15296,United Kingdom,2011-01-17 11:57:00,2011-10-20 11:47:00,51,6,3672.86,194,1766,3,5,5,3-5-5,4.33,Loyal Customers
18079,United Kingdom,2011-04-15 12:14:00,2011-10-25 15:27:00,46,4,3651.97,127,7432,3,4,5,3-4-5,4.0,Loyal Customers
13137,United Kingdom,2011-02-04 11:54:00,2011-11-29 12:09:00,11,8,3650.41,704,2226,5,5,5,5-5-5,5.0,Champions
12417,Belgium,2010-12-17 11:51:00,2011-12-06 14:52:00,4,9,3649.1,192,1552,5,5,5,5-5-5,5.0,Champions
16712,United Kingdom,2011-03-08 15:07:00,2011-11-30 13:48:00,10,11,3645.43,447,1749,5,5,5,5-5-5,5.0,Champions
13426,United Kingdom,2010-12-15 12:43:00,2011-12-09 08:59:00,1,10,3641.32,157,2245,5,5,5,5-5-5,5.0,Champions
12619,Germany,2011-03-31 13:10:00,2011-11-23 14:52:00,17,9,3641.24,90,3378,4,5,5,4-5-5,4.67,Champions
16440,United Kingdom,2011-05-09 12:25:00,2011-12-02 12:02:00,8,5,3640.67,282,2018,5,4,5,5-4-5,4.67,Champions
13381,United Kingdom,2011-02-14 10:10:00,2011-11-08 11:58:00,32,6,3639.31,172,2029,4,5,5,4-5-5,4.67,Champions
17230,United Kingdom,2010-12-15 11:22:00,2011-03-20 16:12:00,265,8,3638.41,69,1651,1,5,5,1-5-5,3.67,At-Risk
14543,United Kingdom,2010-12-10 11:51:00,2011-11-11 12:45:00,29,16,3630.33,72,679,4,5,5,4-5-5,4.67,Champions
17528,United Kingdom,2011-09-29 13:04:00,2011-12-08 13:27:00,2,8,3628.5,253,2138,5,5,5,5-5-5,5.0,Champions
13327,United Kingdom,2010-12-09 15:32:00,2011-11-01 10:21:00,39,8,3627.77,108,1600,3,5,5,3-5-5,4.33,Loyal Customers
13520,Switzerland,2010-12-03 10:36:00,2011-10-12 10:20:00,59,6,3624.35,93,1649,3,5,5,3-5-5,4.33,Loyal Customers
17576,United Kingdom,2010-12-09 16:57:00,2011-12-01 17:56:00,9,19,3622.68,411,1994,5,5,5,5-5-5,5.0,Champions
14040,United Kingdom,2011-01-12 14:57:00,2011-10-30 12:42:00,41,12,3614.92,235,1554,3,5,5,3-5-5,4.33,Loyal Customers
13082,United Kingdom,2011-01-05 15:42:00,2011-08-05 16:16:00,127,9,3613.63,73,4324,2,5,5,2-5-5,4.0,At-Risk
15505,United Kingdom,2011-07-07 13:33:00,2011-10-18 07:56:00,53,5,3610.96,97,2390,3,4,5,3-4-5,4.0,Loyal Customers
15113,United Kingdom,2011-10-16 15:27:00,2011-11-30 08:23:00,10,3,3609.33,100,2386,5,4,5,5-4-5,4.67,Champions
16242,United Kingdom,2011-03-07 17:04:00,2011-12-01 15:12:00,9,7,3603.21,294,1982,5,5,5,5-5-5,5.0,Champions
15484,United Kingdom,2011-09-22 13:31:00,2011-12-08 15:03:00,2,4,3594.31,188,3152,5,4,5,5-4-5,4.67,Champions
14132,United Kingdom,2011-06-09 12:04:00,2011-12-07 13:35:00,3,11,3586.03,200,3368,5,5,5,5-5-5,5.0,Champions
17203,United Kingdom,2011-10-10 14:37:00,2011-11-04 12:27:00,36,6,3563.85,152,2850,3,5,5,3-5-5,4.33,Loyal Customers
17491,United Kingdom,2010-12-07 12:18:00,2011-12-08 16:18:00,2,10,3558.87,109,2013,5,5,5,5-5-5,5.0,Champions
15544,United Kingdom,2010-12-02 12:47:00,2011-11-30 16:43:00,10,9,3546.71,259,3109,5,5,5,5-5-5,5.0,Champions
12370,Cyprus,2010-12-14 12:58:00,2011-10-19 14:51:00,52,4,3545.69,167,2353,3,4,5,3-4-5,4.0,Loyal Customers
14503,United Kingdom,2011-06-14 10:00:00,2011-12-06 13:30:00,4,6,3543.26,164,2004,5,5,5,5-5-5,5.0,Champions
13448,United Kingdom,2010-12-01 10:52:00,2011-11-23 12:33:00,17,6,3539.37,195,1660,4,5,5,4-5-5,4.67,Champions
13334,United Kingdom,2011-02-07 11:42:00,2011-09-18 15:21:00,83,3,3536.82,268,1774,2,4,5,2-4-5,3.67,At-Risk
12454,Spain,2011-10-14 17:13:00,2011-10-14 17:13:00,57,1,3528.34,15,1006,3,2,5,3-2-5,3.33,Need Attention
17160,United Kingdom,2011-04-12 12:00:00,2011-11-08 14:05:00,32,6,3518.03,229,2856,4,5,5,4-5-5,4.67,Champions
13953,United Kingdom,2010-12-22 10:29:00,2011-12-02 16:04:00,8,7,3515.68,20,2724,5,5,5,5-5-5,5.0,Champions
16360,United Kingdom,2011-09-12 13:50:00,2011-12-05 12:16:00,5,6,3512.53,662,2144,5,5,5,5-5-5,5.0,Champions
14395,United Kingdom,2010-12-02 18:15:00,2011-12-07 14:34:00,3,9,3507.71,350,1693,5,5,5,5-5-5,5.0,Champions
16131,United Kingdom,2011-04-14 08:32:00,2011-10-19 11:53:00,52,6,3506.54,78,1802,3,5,5,3-5-5,4.33,Loyal Customers
14907,United Kingdom,2010-12-07 10:14:00,2011-12-06 14:14:00,4,7,3501.1,165,1691,5,5,5,5-5-5,5.0,Champions
16458,United Kingdom,2010-12-14 11:51:00,2011-12-07 09:34:00,3,18,3482.74,202,2154,5,5,5,5-5-5,5.0,Champions
13993,United Kingdom,2011-01-13 10:43:00,2011-10-28 09:06:00,43,9,3466.36,121,900,3,5,5,3-5-5,4.33,Loyal Customers
13014,United Kingdom,2011-03-03 18:28:00,2011-11-29 12:27:00,11,10,3466.28,109,905,5,5,5,5-5-5,5.0,Champions
17758,United Kingdom,2011-04-03 15:22:00,2011-11-20 14:45:00,20,8,3456.7,412,2091,4,5,5,4-5-5,4.67,Champions
15410,United Kingdom,2011-03-23 10:15:00,2011-09-16 14:47:00,85,8,3450.84,122,1200,2,5,5,2-5-5,4.0,At-Risk
13536,United Kingdom,2011-09-25 13:30:00,2011-12-08 16:38:00,2,7,3448.29,179,2136,5,5,5,5-5-5,5.0,Champions
15129,United Kingdom,2011-02-21 09:09:00,2011-10-20 14:40:00,51,11,3447.4,84,1794,3,5,5,3-5-5,4.33,Loyal Customers
15974,United Kingdom,2011-02-24 10:10:00,2011-10-31 13:13:00,40,7,3442.15,176,2262,3,5,5,3-5-5,4.33,Loyal Customers
17725,United Kingdom,2011-03-17 19:47:00,2011-11-23 16:34:00,17,11,3439.08,192,2162,4,5,5,4-5-5,4.67,Champions
15676,United Kingdom,2011-03-01 10:19:00,2011-11-21 12:40:00,19,3,3435.76,202,2252,4,4,5,4-4-5,4.33,Champions
14221,United Kingdom,2011-01-04 15:33:00,2011-10-28 13:42:00,43,9,3432.8,193,2191,3,5,5,3-5-5,4.33,Loyal Customers
12406,Denmark,2011-06-09 10:23:00,2011-11-17 19:22:00,23,2,3415.3,105,1818,4,3,5,4-3-5,4.0,Loyal Customers
15981,United Kingdom,2011-02-01 13:50:00,2011-11-15 08:00:00,25,8,3408.48,97,1866,4,5,5,4-5-5,4.67,Champions
13437,United Kingdom,2011-06-02 14:30:00,2011-11-25 14:00:00,15,7,3408.06,167,1283,4,5,5,4-5-5,4.67,Champions
17669,United Kingdom,2011-04-04 10:11:00,2011-10-28 08:53:00,43,7,3406.72,68,1916,3,5,5,3-5-5,4.33,Loyal Customers
13198,United Kingdom,2010-12-13 09:29:00,2011-11-29 15:17:00,11,6,3401.24,226,2648,5,5,5,5-5-5,5.0,Champions
15228,United Kingdom,2011-02-18 09:04:00,2011-10-04 13:56:00,67,4,3386.71,125,2255,3,4,5,3-4-5,4.0,Loyal Customers
13842,United Kingdom,2010-12-08 10:39:00,2011-10-12 10:51:00,59,9,3385.62,206,1768,3,5,5,3-5-5,4.33,Loyal Customers
15708,United Kingdom,2010-12-05 11:12:00,2011-10-30 10:54:00,41,7,3364.24,288,1267,3,5,5,3-5-5,4.33,Loyal Customers
16011,United Kingdom,2010-12-08 16:34:00,2011-12-01 16:31:00,9,16,3362.71,212,2042,5,5,5,5-5-5,5.0,Champions
14227,United Kingdom,2011-02-28 12:27:00,2011-11-13 15:48:00,27,10,3350.96,175,1820,4,5,5,4-5-5,4.67,Champions
16818,United Kingdom,2011-05-18 11:42:00,2011-11-29 10:41:00,11,11,3349.57,188,2164,5,5,5,5-5-5,5.0,Champions
16607,United Kingdom,2010-12-16 08:41:00,2011-11-22 10:24:00,18,14,3347.71,172,2859,4,5,5,4-5-5,4.67,Champions
17183,United Kingdom,2011-08-26 15:25:00,2011-12-02 10:07:00,8,6,3347.31,73,1296,5,5,5,5-5-5,5.0,Champions
13015,United Kingdom,2011-04-04 14:28:00,2011-10-17 13:19:00,54,5,3346.28,176,1617,3,4,5,3-4-5,4.0,Loyal Customers
12643,France,2011-01-11 11:48:00,2011-08-03 12:56:00,129,6,3344.64,24,1808,2,5,5,2-5-5,4.0,At-Risk
12613,Germany,2011-03-22 15:42:00,2011-10-13 14:59:00,58,5,3344.38,153,1644,3,4,5,3-4-5,4.0,Loyal Customers
12594,Italy,2011-01-21 09:52:00,2011-11-02 12:20:00,38,10,3338.22,118,1777,3,5,5,3-5-5,4.33,Loyal Customers
16556,United Kingdom,2010-12-14 13:32:00,2011-10-04 11:36:00,67,7,3313.79,207,1890,3,5,5,3-5-5,4.33,Loyal Customers
13373,United Kingdom,2011-03-08 14:35:00,2011-10-10 10:51:00,61,3,3312.25,158,1651,3,4,5,3-4-5,4.0,Loyal Customers
14841,United Kingdom,2010-12-16 10:28:00,2011-10-17 15:03:00,54,6,3295.76,138,1778,3,5,5,3-5-5,4.33,Loyal Customers
14702,United Kingdom,2010-12-09 19:23:00,2011-12-08 19:29:00,2,17,3292.14,347,1454,5,5,5,5-5-5,5.0,Champions
15632,United Kingdom,2011-03-10 08:29:00,2011-11-24 09:51:00,16,8,3285.31,167,2109,4,5,5,4-5-5,4.67,Champions
12480,Germany,2011-01-07 15:27:00,2011-11-11 14:52:00,29,4,3281.63,154,1707,4,4,5,4-4-5,4.33,Champions
15764,United Kingdom,2011-03-08 09:23:00,2011-09-12 17:58:00,89,6,3279.97,180,2050,2,5,5,2-5-5,4.0,At-Risk
17723,United Kingdom,2011-05-09 14:44:00,2011-08-04 18:37:00,128,6,3276.4,10,792,2,5,5,2-5-5,4.0,At-Risk
13952,United Kingdom,2011-04-15 09:27:00,2011-05-06 09:00:00,218,2,3251.07,137,1431,1,3,5,1-3-5,3.0,At-Risk
13047,United Kingdom,2010-12-01 08:34:00,2011-11-08 12:06:00,32,10,3237.54,172,1391,4,5,5,4-5-5,4.67,Champions
15443,United Kingdom,2011-01-23 13:25:00,2011-12-08 10:40:00,2,7,3236.91,382,1663,5,5,5,5-5-5,5.0,Champions
17050,United Kingdom,2011-02-13 12:41:00,2011-09-04 13:48:00,97,6,3228.84,316,1614,2,5,5,2-5-5,4.0,At-Risk
14175,United Kingdom,2011-01-14 12:22:00,2011-10-11 11:55:00,60,3,3222.3,149,1515,3,4,5,3-4-5,4.0,Loyal Customers
13880,United Kingdom,2010-12-07 14:00:00,2011-11-18 13:44:00,22,13,3219.77,165,1842,4,5,5,4-5-5,4.67,Champions
13268,United Kingdom,2011-03-17 13:20:00,2011-11-22 11:51:00,18,11,3214.69,440,3658,4,5,5,4-5-5,4.67,Champions
14388,United Kingdom,2010-12-02 11:02:00,2011-11-29 13:32:00,11,8,3212.84,186,1941,5,5,5,5-5-5,5.0,Champions
16107,United Kingdom,2011-06-09 18:42:00,2011-11-22 09:40:00,18,7,3204.16,31,1176,4,5,5,4-5-5,4.67,Champions
17220,United Kingdom,2010-12-10 14:54:00,2011-11-15 13:47:00,25,14,3198.25,472,1905,4,5,5,4-5-5,4.67,Champions
13868,United Kingdom,2011-11-01 12:45:00,2011-12-02 16:32:00,8,2,3192.54,33,1964,5,3,5,5-3-5,4.33,Loyal Customers
17685,United Kingdom,2010-12-02 14:42:00,2011-11-23 11:36:00,17,7,3191.53,130,1956,4,5,5,4-5-5,4.67,Champions
13758,United Kingdom,2010-12-01 12:08:00,2011-11-28 11:11:00,12,7,3190.55,117,1844,5,5,5,5-5-5,5.0,Champions
14844,United Kingdom,2011-04-12 13:10:00,2011-10-07 10:41:00,64,4,3189.81,130,1833,3,4,5,3-4-5,4.0,Loyal Customers
12456,Switzerland,2011-03-30 09:12:00,2011-10-26 14:41:00,45,3,3181.04,125,1633,3,4,5,3-4-5,4.0,Loyal Customers
17672,United Kingdom,2011-02-03 13:29:00,2011-10-20 14:18:00,51,2,3178.17,110,1690,3,3,5,3-3-5,3.67,Loyal Customers
17231,United Kingdom,2010-12-13 14:16:00,2011-11-27 15:18:00,13,10,3174.32,541,1742,5,5,5,5-5-5,5.0,Champions
16837,United Kingdom,2011-04-08 08:48:00,2011-11-08 14:27:00,32,11,3170.98,165,1563,4,5,5,4-5-5,4.67,Champions
16041,United Kingdom,2011-07-21 16:27:00,2011-11-09 12:25:00,31,3,3166.4,6,1584,4,4,5,4-4-5,4.33,Champions
15861,United Kingdom,2011-03-17 20:12:00,2011-11-27 15:59:00,13,8,3165.36,546,2544,5,5,5,5-5-5,5.0,Champions
17863,United Kingdom,2010-12-05 13:21:00,2011-10-11 13:45:00,60,6,3160.0,148,2638,3,5,5,3-5-5,4.33,Loyal Customers
15065,United Kingdom,2011-02-21 12:54:00,2011-11-02 09:45:00,38,4,3158.13,155,1383,3,4,5,3-4-5,4.0,Loyal Customers
14235,United Kingdom,2011-03-24 13:23:00,2011-09-25 14:37:00,76,5,3144.86,79,1959,2,4,5,2-4-5,3.67,At-Risk
13742,United Kingdom,2011-01-23 14:59:00,2011-11-23 11:07:00,17,12,3131.02,321,1124,4,5,5,4-5-5,4.67,Champions
16156,United Kingdom,2011-02-02 12:02:00,2011-12-01 12:42:00,9,9,3122.04,130,1308,5,5,5,5-5-5,5.0,Champions
13685,United Kingdom,2011-10-10 12:59:00,2011-12-07 11:41:00,3,7,3119.44,39,5056,5,5,5,5-5-5,5.0,Champions
16326,United Kingdom,2011-01-09 12:01:00,2011-12-04 10:11:00,6,14,3110.96,319,709,5,5,5,5-5-5,5.0,Champions
16678,United Kingdom,2011-03-02 09:24:00,2011-12-07 12:17:00,3,12,3109.99,163,2397,5,5,5,5-5-5,5.0,Champions
13869,United Kingdom,2010-12-17 15:14:00,2011-08-08 13:53:00,124,4,3104.95,307,1721,2,4,5,2-4-5,3.67,At-Risk
14099,United Kingdom,2010-12-20 11:14:00,2011-11-23 13:53:00,17,11,3104.17,250,2179,4,5,5,4-5-5,4.67,Champions
16905,United Kingdom,2010-12-03 10:43:00,2011-12-04 14:01:00,6,7,3102.43,208,1408,5,5,5,5-5-5,5.0,Champions
15491,United Kingdom,2011-04-18 10:04:00,2011-09-05 15:56:00,96,6,3100.09,154,1646,2,5,5,2-5-5,4.0,At-Risk
14257,United Kingdom,2011-01-25 10:49:00,2011-10-06 16:54:00,65,5,3099.72,106,1682,3,4,5,3-4-5,4.0,Loyal Customers
14565,United Kingdom,2010-12-13 13:25:00,2011-09-05 09:07:00,96,4,3099.12,127,1540,2,4,5,2-4-5,3.67,At-Risk
13135,United Kingdom,2011-05-27 10:52:00,2011-05-27 10:52:00,197,1,3096.0,1,4300,1,2,5,1-2-5,2.67,At-Risk
17059,United Kingdom,2010-12-05 12:35:00,2011-11-10 12:27:00,30,5,3095.04,516,1855,4,4,5,4-4-5,4.33,Champions
13362,United Kingdom,2011-02-25 11:33:00,2011-11-30 14:41:00,10,4,3090.74,166,1382,5,4,5,5-4-5,4.67,Champions
15998,United Kingdom,2010-12-12 13:32:00,2011-11-03 12:45:00,37,5,3089.97,506,2041,3,4,5,3-4-5,4.0,Loyal Customers
16218,United Kingdom,2010-12-01 11:29:00,2011-11-10 09:59:00,30,7,3084.68,84,2088,4,5,5,4-5-5,4.67,Champions
18272,United Kingdom,2011-04-07 09:35:00,2011-12-07 12:43:00,3,6,3078.58,166,2050,5,5,5,5-5-5,5.0,Champions
12910,United Kingdom,2011-04-12 10:01:00,2011-11-16 14:28:00,24,8,3075.04,75,1692,4,5,5,4-5-5,4.67,Champions
13631,United Kingdom,2011-03-17 17:13:00,2011-09-01 09:57:00,100,11,3070.42,11,467,2,5,5,2-5-5,4.0,At-Risk
16686,United Kingdom,2010-12-19 14:41:00,2011-10-23 13:49:00,48,7,3062.83,585,2030,3,5,5,3-5-5,4.33,Loyal Customers
14456,United Kingdom,2011-07-20 13:06:00,2011-12-04 13:59:00,6,9,3062.4,970,2908,5,5,5,5-5-5,5.0,Champions
17799,United Kingdom,2010-12-13 13:10:00,2011-11-17 15:16:00,23,10,3055.93,408,1758,4,5,5,4-5-5,4.67,Champions
16940,United Kingdom,2011-02-23 12:27:00,2011-10-18 13:15:00,53,3,3049.88,305,2169,3,4,5,3-4-5,4.0,Loyal Customers
16393,United Kingdom,2010-12-05 13:10:00,2011-12-07 12:51:00,3,13,3046.21,330,1576,5,5,5,5-5-5,5.0,Champions
16709,United Kingdom,2011-03-03 10:55:00,2011-09-16 10:56:00,85,5,3029.87,79,851,2,4,5,2-4-5,3.67,At-Risk
12598,France,2011-02-28 11:58:00,2011-11-30 12:18:00,10,8,3023.08,132,1964,5,5,5,5-5-5,5.0,Champions
12395,Belgium,2010-12-03 16:35:00,2011-11-20 15:21:00,20,12,3018.63,156,2118,4,5,5,4-5-5,4.67,Champions
18094,United Kingdom,2011-02-21 08:50:00,2011-09-19 09:28:00,82,7,3017.3,70,2518,2,5,5,2-5-5,4.0,At-Risk
12754,Japan,2011-02-04 10:31:00,2011-04-18 09:00:00,236,3,3010.74,63,6481,1,4,5,1-4-5,3.33,At-Risk
12916,United Kingdom,2011-01-23 10:43:00,2011-07-24 10:35:00,139,4,3006.15,107,1119,2,4,5,2-4-5,3.67,At-Risk
15521,United Kingdom,2011-03-30 09:15:00,2011-10-30 13:42:00,41,8,3000.2,185,1836,3,5,5,3-5-5,4.33,Loyal Customers
17659,United Kingdom,2010-12-02 16:46:00,2011-11-22 13:29:00,18,12,2999.46,158,1525,4,5,5,4-5-5,4.67,Champions
17504,United Kingdom,2011-01-21 11:09:00,2011-05-17 12:59:00,207,9,2997.03,127,1664,1,5,5,1-5-5,3.67,At-Risk
12670,France,2011-04-21 10:16:00,2011-11-29 15:23:00,11,5,2996.05,92,1397,5,4,5,5-4-5,4.67,Champions
14307,United Kingdom,2010-12-01 11:41:00,2011-09-12 09:38:00,89,6,2995.72,180,2058,2,5,5,2-5-5,4.0,At-Risk
15687,United Kingdom,2011-01-13 15:13:00,2011-12-01 08:33:00,9,9,2993.1,166,1310,5,5,5,5-5-5,5.0,Champions
14639,United Kingdom,2010-12-13 13:50:00,2011-10-18 15:06:00,53,6,2984.49,172,1431,3,5,5,3-5-5,4.33,Loyal Customers
13451,United Kingdom,2011-01-09 15:35:00,2011-11-13 15:58:00,27,5,2976.15,443,2149,4,4,5,4-4-5,4.33,Champions
14032,United Kingdom,2010-12-08 10:53:00,2011-12-07 15:23:00,3,11,2975.59,143,2032,5,5,5,5-5-5,5.0,Champions
15854,United Kingdom,2010-12-13 11:47:00,2011-12-05 13:39:00,5,12,2974.65,140,939,5,5,5,5-5-5,5.0,Champions
16497,United Kingdom,2011-01-10 13:20:00,2011-10-21 10:55:00,50,6,2965.69,136,1396,3,5,5,3-5-5,4.33,Loyal Customers
17924,United Kingdom,2010-12-01 10:51:00,2011-11-28 09:11:00,12,7,2962.5,31,1160,5,5,5,5-5-5,5.0,Champions
14868,United Kingdom,2011-04-20 13:36:00,2011-12-06 14:49:00,4,8,2953.59,144,1405,5,5,5,5-5-5,5.0,Champions
17084,United Kingdom,2011-11-04 14:49:00,2011-11-04 14:54:00,36,2,2949.75,162,1816,3,3,5,3-3-5,3.67,Loyal Customers
17444,Canada,2011-06-20 09:04:00,2011-07-15 12:05:00,148,3,2940.04,135,2119,2,4,5,2-4-5,3.67,At-Risk
16316,United Kingdom,2010-12-16 14:26:00,2011-10-06 13:48:00,65,8,2938.91,151,1484,3,5,5,3-5-5,4.33,Loyal Customers
14530,United Kingdom,2011-02-16 10:47:00,2011-11-14 10:38:00,26,6,2925.91,216,1410,4,5,5,4-5-5,4.67,Champions
17512,United Kingdom,2011-02-11 12:22:00,2011-11-11 12:11:00,29,10,2924.99,105,2753,4,5,5,4-5-5,4.67,Champions
15606,United Kingdom,2011-01-19 12:07:00,2011-10-09 15:47:00,62,9,2920.16,77,892,3,5,5,3-5-5,4.33,Loyal Customers
12906,United Kingdom,2011-09-22 15:03:00,2011-11-28 09:55:00,12,5,2919.81,63,1749,5,4,5,5-4-5,4.67,Champions
14112,United Kingdom,2011-03-09 11:28:00,2011-11-17 12:30:00,23,7,2915.15,160,1651,4,5,5,4-5-5,4.67,Champions
12438,Norway,2011-07-22 13:29:00,2011-11-25 13:28:00,15,2,2906.85,98,1180,4,3,5,4-3-5,4.0,Loyal Customers
17644,United Kingdom,2011-03-24 09:44:00,2011-12-08 13:43:00,2,11,2895.64,157,1793,5,5,5,5-5-5,5.0,Champions
18144,United Kingdom,2010-12-01 13:45:00,2011-12-02 12:46:00,8,12,2888.75,43,1343,5,5,5,5-5-5,5.0,Champions
12408,Belgium,2011-03-24 14:46:00,2011-11-07 12:27:00,33,5,2888.55,105,1409,4,4,5,4-4-5,4.33,Champions
13735,United Kingdom,2011-04-19 13:49:00,2011-11-15 11:14:00,25,4,2885.24,196,1130,4,4,5,4-4-5,4.33,Champions
16633,United Kingdom,2011-04-19 14:36:00,2011-11-22 13:41:00,18,6,2883.1,152,1138,4,5,5,4-5-5,4.67,Champions
15673,United Kingdom,2011-01-16 16:25:00,2011-09-12 16:12:00,89,4,2881.02,155,1514,2,4,5,2-4-5,3.67,At-Risk
14251,United Kingdom,2011-10-13 12:46:00,2011-12-08 08:32:00,2,5,2879.7,78,1674,5,4,5,5-4-5,4.67,Champions
17728,United Kingdom,2011-09-14 11:39:00,2011-12-06 08:52:00,4,3,2876.01,165,1469,5,4,5,5-4-5,4.67,Champions
14005,United Kingdom,2011-05-08 10:33:00,2011-11-30 12:41:00,10,5,2874.72,84,2478,5,4,5,5-4-5,4.67,Champions
15628,United Kingdom,2010-12-08 09:51:00,2011-12-05 10:24:00,5,9,2870.24,155,1894,5,5,5,5-5-5,5.0,Champions
14711,United Kingdom,2011-03-22 13:32:00,2011-11-29 14:58:00,11,11,2868.8,357,978,5,5,5,5-5-5,5.0,Champions
13901,United Kingdom,2011-01-25 09:01:00,2011-09-28 14:48:00,73,5,2867.2,149,1739,2,4,5,2-4-5,3.67,At-Risk
14535,United Kingdom,2011-04-05 12:50:00,2011-10-10 15:39:00,61,3,2864.19,330,1831,3,4,5,3-4-5,4.0,Loyal Customers
12685,France,2011-09-07 10:28:00,2011-11-11 13:46:00,29,6,2863.08,157,1523,4,5,5,4-5-5,4.67,Champions
18145,United Kingdom,2011-01-31 12:10:00,2011-11-27 11:22:00,13,4,2861.55,221,2625,5,4,5,5-4-5,4.67,Champions
16928,United Kingdom,2010-12-01 15:21:00,2011-09-20 15:10:00,81,17,2847.6,209,2114,2,5,5,2-5-5,4.0,At-Risk
15984,United Kingdom,2010-12-06 13:21:00,2011-12-07 12:16:00,3,10,2837.67,270,1843,5,5,5,5-5-5,5.0,Champions
14852,United Kingdom,2011-04-01 13:22:00,2011-10-12 13:20:00,59,6,2836.69,143,1747,3,5,5,3-5-5,4.33,Loyal Customers
14572,United Kingdom,2011-01-19 17:23:00,2011-12-06 14:40:00,4,7,2832.84,270,1428,5,5,5,5-5-5,5.0,Champions
17596,United Kingdom,2010-12-06 12:34:00,2011-11-16 14:11:00,24,7,2827.93,270,4400,4,5,5,4-5-5,4.67,Champions
14842,United Kingdom,2011-02-04 15:32:00,2011-10-27 12:37:00,44,4,2824.69,145,1166,3,4,5,3-4-5,4.0,Loyal Customers
13174,United Kingdom,2010-12-05 16:24:00,2011-11-23 14:35:00,17,3,2817.03,314,1395,4,4,5,4-4-5,4.33,Champions
16871,United Kingdom,2011-03-14 10:31:00,2011-11-17 19:27:00,23,6,2812.34,137,1253,4,5,5,4-5-5,4.67,Champions
12356,Portugal,2011-01-18 09:50:00,2011-11-17 08:40:00,23,3,2811.43,59,1591,4,4,5,4-4-5,4.33,Champions
14903,United Kingdom,2011-03-06 11:50:00,2011-11-18 16:07:00,22,5,2810.63,355,1536,4,4,5,4-4-5,4.33,Champions
18230,United Kingdom,2011-02-10 13:06:00,2011-11-30 13:22:00,10,7,2810.2,86,1316,5,5,5,5-5-5,5.0,Champions
13230,United Kingdom,2010-12-09 19:28:00,2011-12-05 16:03:00,5,14,2806.97,611,1665,5,5,5,5-5-5,5.0,Champions
16081,United Kingdom,2010-12-08 11:16:00,2011-10-14 13:06:00,57,5,2806.9,227,1477,3,4,5,3-4-5,4.0,Loyal Customers
16764,United Kingdom,2011-07-19 17:17:00,2011-12-06 11:41:00,4,13,2799.25,706,1259,5,5,5,5-5-5,5.0,Champions
15993,United Kingdom,2011-10-26 16:21:00,2011-12-01 10:45:00,9,7,2797.57,552,2051,5,5,5,5-5-5,5.0,Champions
13769,United Kingdom,2010-12-07 13:28:00,2011-12-07 15:08:00,3,10,2796.51,135,1163,5,5,5,5-5-5,5.0,Champions
12578,Italy,2011-01-13 15:34:00,2011-11-18 13:30:00,22,2,2794.51,114,1196,4,3,5,4-3-5,4.0,Loyal Customers
12758,Portugal,2011-03-08 12:05:00,2011-08-15 10:22:00,117,2,2791.59,97,2135,2,3,5,2-3-5,3.33,At-Risk
17739,United Kingdom,2010-12-14 14:26:00,2011-11-28 09:12:00,12,7,2791.35,47,861,5,5,5,5-5-5,5.0,Champions
14626,United Kingdom,2011-04-20 13:18:00,2011-11-16 10:37:00,24,4,2791.27,122,1403,4,4,5,4-4-5,4.33,Champions
17213,United Kingdom,2010-12-08 13:03:00,2011-10-30 14:53:00,41,7,2781.23,157,1176,3,5,5,3-5-5,4.33,Loyal Customers
12388,Australia,2011-01-17 11:12:00,2011-11-24 12:30:00,16,6,2780.66,100,1462,4,5,5,4-5-5,4.67,Champions
14121,United Kingdom,2011-10-11 10:39:00,2011-12-06 12:19:00,4,4,2780.15,159,2082,5,4,5,5-4-5,4.67,Champions
17838,United Kingdom,2010-12-02 15:55:00,2011-11-13 11:20:00,27,5,2779.3,121,1879,4,4,5,4-4-5,4.33,Champions
13870,United Kingdom,2011-02-25 09:09:00,2011-12-07 13:23:00,3,8,2770.94,115,1325,5,5,5,5-5-5,5.0,Champions
15356,United Kingdom,2010-12-06 14:05:00,2011-11-08 13:11:00,32,10,2766.5,519,1673,4,5,5,4-5-5,4.67,Champions
15114,United Kingdom,2011-02-11 08:45:00,2011-11-09 15:05:00,31,10,2760.56,197,3096,4,5,5,4-5-5,4.67,Champions
14854,United Kingdom,2011-03-10 12:22:00,2011-09-22 17:00:00,79,7,2759.83,127,1832,2,5,5,2-5-5,4.0,At-Risk
13971,United Kingdom,2011-02-27 12:27:00,2011-11-21 12:06:00,19,8,2758.26,149,1844,4,5,5,4-5-5,4.67,Champions
15321,United Kingdom,2011-02-21 11:10:00,2011-09-30 09:40:00,71,3,2748.31,95,1181,3,4,5,3-4-5,4.0,Loyal Customers
12669,France,2011-03-28 10:15:00,2011-07-12 09:54:00,151,3,2744.03,101,1115,2,4,5,2-4-5,3.67,At-Risk
14808,United Kingdom,2011-06-20 12:53:00,2011-10-31 12:21:00,40,8,2741.17,235,2147,3,5,5,3-5-5,4.33,Loyal Customers
14125,United Kingdom,2011-09-22 15:40:00,2011-11-29 12:47:00,11,3,2740.43,167,1640,5,4,5,5-4-5,4.67,Champions
15696,United Kingdom,2011-01-17 11:24:00,2011-11-06 14:02:00,34,8,2736.46,171,1028,3,5,5,3-5-5,4.33,Loyal Customers
16938,United Kingdom,2011-02-04 09:34:00,2011-12-01 10:20:00,9,4,2736.38,241,2540,5,4,5,5-4-5,4.67,Champions
16003,United Kingdom,2010-12-15 12:09:00,2011-11-10 09:57:00,30,5,2735.37,103,1185,4,4,5,4-4-5,4.33,Champions
12840,United Kingdom,2011-04-27 12:21:00,2011-07-19 09:29:00,144,4,2726.77,113,1511,2,4,5,2-4-5,3.67,At-Risk
12380,Belgium,2011-06-07 09:49:00,2011-11-18 11:27:00,22,4,2724.81,104,1127,4,4,5,4-4-5,4.33,Champions
12708,Germany,2010-12-06 10:43:00,2011-11-10 09:52:00,30,10,2712.91,157,1307,4,5,5,4-5-5,4.67,Champions
15796,United Kingdom,2011-02-10 15:40:00,2011-12-08 19:55:00,2,8,2711.56,133,861,5,5,5,5-5-5,5.0,Champions
17069,United Kingdom,2010-12-01 16:49:00,2011-11-11 17:13:00,29,9,2709.7,143,1506,4,5,5,4-5-5,4.67,Champions
13285,United Kingdom,2011-02-22 17:13:00,2011-11-16 13:19:00,24,4,2709.12,187,2051,4,4,5,4-4-5,4.33,Champions
13654,United Kingdom,2011-03-11 12:54:00,2011-10-27 16:24:00,44,6,2707.33,166,2182,3,5,5,3-5-5,4.33,Loyal Customers
14107,United Kingdom,2010-12-10 13:29:00,2011-10-19 12:12:00,52,7,2703.23,123,1793,3,5,5,3-5-5,4.33,Loyal Customers
14732,United Kingdom,2011-01-04 14:40:00,2011-12-01 14:34:00,9,8,2702.49,147,1405,5,5,5,5-5-5,5.0,Champions
18097,United Kingdom,2010-12-20 14:49:00,2011-12-02 11:16:00,8,6,2697.8,108,1686,5,5,5,5-5-5,5.0,Champions
17386,United Kingdom,2011-06-27 12:11:00,2011-12-02 11:28:00,8,6,2686.42,28,1902,5,5,5,5-5-5,5.0,Champions
12625,Germany,2011-01-24 13:27:00,2011-05-12 09:54:00,212,2,2683.82,86,1612,1,3,5,1-3-5,3.0,At-Risk
17346,United Kingdom,2010-12-01 14:34:00,2011-12-06 12:18:00,4,15,2676.56,500,1657,5,5,5,5-5-5,5.0,Champions
13883,United Kingdom,2011-03-31 17:17:00,2011-11-29 10:45:00,11,5,2674.48,142,1436,5,4,5,5-4-5,4.67,Champions
14713,United Kingdom,2010-12-09 18:58:00,2011-11-30 16:26:00,10,11,2666.36,339,1615,5,5,5,5-5-5,5.0,Champions
12360,Austria,2011-05-23 09:43:00,2011-10-18 15:22:00,53,3,2662.06,129,1165,3,4,5,3-4-5,4.0,Loyal Customers
14439,Greece,2011-01-24 11:39:00,2011-01-24 11:39:00,320,1,2661.24,32,526,1,2,5,1-2-5,2.67,At-Risk
15671,United Kingdom,2011-03-14 09:37:00,2011-11-21 12:43:00,19,7,2657.13,78,1699,4,5,5,4-5-5,4.67,Champions
12721,France,2010-12-20 11:38:00,2011-11-08 12:13:00,32,6,2656.13,161,1959,4,5,5,4-5-5,4.67,Champions
13851,United Kingdom,2011-02-24 17:18:00,2011-09-05 12:36:00,96,3,2651.46,81,1705,2,4,5,2-4-5,3.67,At-Risk
16618,United Kingdom,2011-01-21 11:55:00,2011-11-08 13:52:00,32,5,2647.59,96,1363,4,4,5,4-4-5,4.33,Champions
18260,United Kingdom,2010-12-16 18:23:00,2011-06-20 12:37:00,173,6,2643.2,134,1478,2,5,5,2-5-5,4.0,At-Risk
13658,United Kingdom,2011-05-19 17:15:00,2011-11-30 10:13:00,10,5,2639.17,108,1019,5,4,5,5-4-5,4.67,Champions
17655,United Kingdom,2010-12-08 16:45:00,2011-11-29 11:34:00,11,7,2638.94,91,1116,5,5,5,5-5-5,5.0,Champions
15752,United Kingdom,2010-12-02 09:43:00,2011-10-31 11:37:00,40,7,2637.38,411,1978,3,5,5,3-5-5,4.33,Loyal Customers
13804,United Kingdom,2011-02-23 09:09:00,2011-11-09 12:32:00,31,7,2635.79,137,1498,4,5,5,4-5-5,4.67,Champions
13771,United Kingdom,2011-04-06 15:47:00,2011-10-06 14:18:00,65,4,2634.45,119,1477,3,4,5,3-4-5,4.0,Loyal Customers
12520,Germany,2011-03-11 11:35:00,2011-09-21 15:23:00,80,5,2634.26,152,1439,2,4,5,2-4-5,3.67,At-Risk
17402,United Kingdom,2010-12-05 13:53:00,2011-12-05 10:15:00,5,13,2633.85,59,701,5,5,5,5-5-5,5.0,Champions
18077,United Kingdom,2010-12-08 10:21:00,2011-12-01 13:32:00,9,11,2633.01,227,1878,5,5,5,5-5-5,5.0,Champions
13422,United Kingdom,2011-10-06 13:42:00,2011-10-06 13:42:00,65,1,2626.3,127,1326,3,2,5,3-2-5,3.33,Need Attention
13644,United Kingdom,2011-08-26 11:53:00,2011-11-23 14:07:00,17,4,2624.26,146,2067,4,4,5,4-4-5,4.33,Champions
17965,United Kingdom,2010-12-05 15:54:00,2011-11-02 09:31:00,38,14,2622.57,329,1556,3,5,5,3-5-5,4.33,Loyal Customers
18210,United Kingdom,2011-03-17 16:58:00,2011-12-08 11:02:00,2,6,2621.38,134,1398,5,5,5,5-5-5,5.0,Champions
16255,United Kingdom,2010-12-09 14:25:00,2011-11-23 12:40:00,17,8,2619.91,270,1767,4,5,5,4-5-5,4.67,Champions
14262,United Kingdom,2011-04-13 12:23:00,2011-12-01 14:17:00,9,8,2618.23,143,1645,5,5,5,5-5-5,5.0,Champions
13021,United Kingdom,2010-12-16 10:12:00,2011-12-05 16:37:00,5,9,2616.38,131,1352,5,5,5,5-5-5,5.0,Champions
15782,United Kingdom,2011-09-11 14:29:00,2011-11-30 10:49:00,10,3,2614.74,43,864,5,4,5,5-4-5,4.67,Champions
14397,United Kingdom,2011-05-10 12:25:00,2011-12-07 09:22:00,3,19,2612.96,87,1890,5,5,5,5-5-5,5.0,Champions
12836,United Kingdom,2011-02-01 11:19:00,2011-10-11 15:10:00,60,4,2612.86,175,1064,3,4,5,3-4-5,4.0,Loyal Customers
18075,United Kingdom,2010-12-14 10:48:00,2011-11-16 15:21:00,24,10,2611.75,142,1464,4,5,5,4-5-5,4.67,Champions
12726,France,2010-12-17 12:56:00,2011-11-11 13:35:00,29,7,2609.1,124,3143,4,5,5,4-5-5,4.67,Champions
16241,United Kingdom,2010-12-05 11:04:00,2011-11-30 11:08:00,10,13,2607.87,662,1453,5,5,5,5-5-5,5.0,Champions
13136,United Kingdom,2011-05-11 12:47:00,2011-10-14 13:41:00,57,5,2607.61,127,1328,3,4,5,3-4-5,4.0,Loyal Customers
14408,United Kingdom,2011-03-20 14:41:00,2011-11-29 11:41:00,11,7,2606.53,107,1616,5,5,5,5-5-5,5.0,Champions
13983,United Kingdom,2010-12-08 10:38:00,2011-11-10 11:06:00,30,12,2603.43,107,1183,4,5,5,4-5-5,4.67,Champions
17317,United Kingdom,2011-09-11 12:45:00,2011-10-24 17:19:00,47,3,2600.34,9,1146,3,4,5,3-4-5,4.0,Loyal Customers
12600,Germany,2010-12-03 12:57:00,2011-11-11 10:29:00,29,10,2599.04,64,774,4,5,5,4-5-5,4.67,Champions
16919,United Kingdom,2010-12-06 12:52:00,2011-07-06 13:35:00,157,11,2596.45,327,1413,2,5,5,2-5-5,4.0,At-Risk
13895,United Kingdom,2011-06-28 10:17:00,2011-11-11 16:57:00,29,4,2593.07,118,1365,4,4,5,4-4-5,4.33,Champions
14243,United Kingdom,2010-12-09 08:34:00,2011-12-01 11:12:00,9,10,2588.77,141,1221,5,5,5,5-5-5,5.0,Champions
15033,United Kingdom,2011-01-14 13:28:00,2011-12-05 12:40:00,5,10,2586.67,510,1695,5,5,5,5-5-5,5.0,Champions
13911,United Kingdom,2011-02-04 14:46:00,2011-10-13 15:43:00,58,9,2580.91,148,2731,3,5,5,3-5-5,4.33,Loyal Customers
14546,United Kingdom,2011-04-05 12:37:00,2011-12-04 13:00:00,6,5,2578.09,399,1317,5,4,5,5-4-5,4.67,Champions
16912,United Kingdom,2011-01-20 15:42:00,2011-11-11 12:18:00,29,11,2575.38,101,1029,4,5,5,4-5-5,4.67,Champions
15485,United Kingdom,2010-12-01 13:23:00,2011-11-09 14:31:00,31,3,2575.0,86,1306,4,4,5,4-4-5,4.33,Champions
18245,United Kingdom,2010-12-19 14:58:00,2011-12-02 14:48:00,8,7,2567.06,175,1788,5,5,5,5-5-5,5.0,Champions
16308,United Kingdom,2011-03-23 14:46:00,2011-11-02 11:24:00,38,4,2560.0,4,8000,3,4,5,3-4-5,4.0,Loyal Customers
15572,United Kingdom,2011-03-06 14:44:00,2011-12-05 10:09:00,5,7,2552.86,215,1229,5,5,5,5-5-5,5.0,Champions
14334,United Kingdom,2010-12-16 17:37:00,2011-11-23 10:01:00,17,8,2552.21,162,1731,4,5,5,4-5-5,4.67,Champions
14701,United Kingdom,2011-01-27 12:40:00,2011-11-29 12:38:00,11,9,2549.37,335,932,5,5,5,5-5-5,5.0,Champions
14676,United Kingdom,2011-03-01 14:26:00,2011-11-08 13:29:00,32,6,2548.24,42,2500,4,5,5,4-5-5,4.67,Champions
13344,United Kingdom,2011-03-07 10:28:00,2011-10-03 09:45:00,68,3,2543.72,119,971,3,4,5,3-4-5,4.0,Loyal Customers
14776,United Kingdom,2011-01-31 13:17:00,2011-10-19 15:34:00,52,11,2538.3,117,3134,3,5,5,3-5-5,4.33,Loyal Customers
17700,United Kingdom,2011-03-03 16:34:00,2011-11-23 11:51:00,17,4,2534.64,142,1266,4,4,5,4-4-5,4.33,Champions
13471,United Kingdom,2011-10-23 13:10:00,2011-12-08 15:44:00,2,4,2531.58,260,1590,5,4,5,5-4-5,4.67,Champions
14659,United Kingdom,2011-01-28 12:43:00,2011-12-01 12:17:00,9,9,2529.93,253,1195,5,5,5,5-5-5,5.0,Champions
17314,United Kingdom,2011-01-31 11:25:00,2011-11-15 09:41:00,25,8,2527.92,131,1896,4,5,5,4-5-5,4.67,Champions
13975,United Kingdom,2011-03-08 12:19:00,2011-11-08 13:19:00,32,6,2526.28,338,1732,4,5,5,4-5-5,4.67,Champions
17449,United Kingdom,2010-12-15 10:57:00,2011-12-07 16:56:00,3,7,2520.86,277,1122,5,5,5,5-5-5,5.0,Champions
13394,United Kingdom,2011-02-03 10:39:00,2011-12-08 11:36:00,2,8,2520.02,155,2392,5,5,5,5-5-5,5.0,Champions
15245,United Kingdom,2011-03-23 13:42:00,2011-07-28 18:56:00,135,3,2515.84,89,1784,2,4,5,2-4-5,3.67,At-Risk
15271,United Kingdom,2010-12-09 13:47:00,2011-12-02 14:11:00,8,15,2507.07,274,1262,5,5,5,5-5-5,5.0,Champions
12352,Norway,2011-02-16 12:33:00,2011-11-03 14:37:00,37,8,2506.04,85,536,3,5,5,3-5-5,4.33,Loyal Customers
13695,United Kingdom,2011-03-25 11:31:00,2011-11-08 14:26:00,32,15,2504.13,90,1603,4,5,5,4-5-5,4.67,Champions
12517,Germany,2011-06-02 15:13:00,2011-11-11 14:04:00,29,5,2502.84,284,1371,4,4,5,4-4-5,4.33,Champions
15932,United Kingdom,2011-02-23 14:50:00,2011-12-05 17:13:00,5,8,2495.87,115,2325,5,5,5,5-5-5,5.0,Champions
16477,United Kingdom,2010-12-03 12:48:00,2011-10-07 09:44:00,64,7,2494.46,146,1415,3,5,5,3-5-5,4.33,Loyal Customers
12483,Sweden,2011-01-04 14:20:00,2011-11-22 17:02:00,18,8,2484.98,75,1110,4,5,5,4-5-5,4.67,Champions
12913,United Kingdom,2010-12-06 16:36:00,2011-12-05 12:11:00,5,5,2483.63,50,1419,5,4,5,5-4-5,4.67,Champions
16710,United Kingdom,2010-12-06 13:13:00,2011-11-20 14:50:00,20,10,2483.04,402,1836,4,5,5,4-5-5,4.67,Champions
14315,United Kingdom,2011-03-18 12:59:00,2011-10-26 12:06:00,45,6,2481.13,101,1021,3,5,5,3-5-5,4.33,Loyal Customers
13507,United Kingdom,2011-07-17 11:50:00,2011-12-06 13:13:00,4,4,2479.16,162,1597,5,4,5,5-4-5,4.67,Champions
13588,United Kingdom,2011-03-29 15:53:00,2011-11-24 10:42:00,16,9,2478.95,174,2606,4,5,5,4-5-5,4.67,Champions
17682,United Kingdom,2010-12-06 13:35:00,2011-11-29 15:59:00,11,6,2474.33,118,1367,5,5,5,5-5-5,5.0,Champions
17188,United Kingdom,2010-12-12 12:56:00,2011-11-28 13:53:00,12,7,2474.23,84,1328,5,5,5,5-5-5,5.0,Champions
14766,United Kingdom,2010-12-08 15:33:00,2011-12-01 16:05:00,9,6,2473.37,135,1349,5,5,5,5-5-5,5.0,Champions
14502,United Kingdom,2011-01-30 15:52:00,2011-11-20 11:50:00,20,11,2470.67,624,1498,4,5,5,4-5-5,4.67,Champions
17164,United Kingdom,2011-03-11 14:26:00,2011-11-07 09:14:00,33,7,2467.35,144,1501,4,5,5,4-5-5,4.67,Champions
12455,Spain,2011-02-16 09:56:00,2011-09-27 15:31:00,74,6,2466.86,90,2089,2,5,5,2-5-5,4.0,At-Risk
15750,United Kingdom,2010-12-08 10:36:00,2011-12-07 12:34:00,3,8,2465.48,293,1786,5,5,5,5-5-5,5.0,Champions
17131,United Kingdom,2011-09-25 12:42:00,2011-12-04 12:52:00,6,5,2463.17,134,983,5,4,5,5-4-5,4.67,Champions
13784,United Kingdom,2011-01-11 14:38:00,2011-11-30 09:33:00,10,11,2462.79,31,2493,5,5,5,5-5-5,5.0,Champions
15674,United Kingdom,2011-03-30 09:19:00,2011-09-27 15:17:00,74,5,2446.6,114,1275,2,4,5,2-4-5,3.67,At-Risk
14163,United Kingdom,2011-04-14 17:33:00,2011-09-13 15:18:00,88,4,2445.91,52,893,2,4,5,2-4-5,3.67,At-Risk
15527,United Kingdom,2010-12-20 14:15:00,2011-11-21 12:17:00,19,8,2429.78,163,992,4,5,5,4-5-5,4.67,Champions
17071,United Kingdom,2011-02-03 08:18:00,2011-11-11 16:31:00,29,9,2429.03,140,1197,4,5,5,4-5-5,4.67,Champions
13949,United Kingdom,2011-09-06 11:55:00,2011-12-07 09:35:00,3,6,2427.32,160,2474,5,5,5,5-5-5,5.0,Champions
16143,United Kingdom,2010-12-05 15:18:00,2011-12-06 14:13:00,4,6,2424.94,117,919,5,5,5,5-5-5,5.0,Champions
17722,United Kingdom,2010-12-08 12:41:00,2011-09-04 15:22:00,97,4,2424.04,115,1595,2,4,5,2-4-5,3.67,At-Risk
15089,United Kingdom,2011-08-03 14:14:00,2011-11-29 16:31:00,11,6,2420.84,145,1359,5,5,5,5-5-5,5.0,Champions
15373,United Kingdom,2010-12-03 14:40:00,2011-12-01 15:05:00,9,12,2415.91,132,500,5,5,5,5-5-5,5.0,Champions
12397,Belgium,2011-07-27 14:21:00,2011-11-04 09:52:00,36,2,2409.9,126,1263,3,3,5,3-3-5,3.67,Loyal Customers
17589,United Kingdom,2011-04-13 13:47:00,2011-10-10 16:58:00,61,4,2404.17,253,1631,3,4,5,3-4-5,4.0,Loyal Customers
15980,United Kingdom,2011-03-30 15:05:00,2011-09-12 09:41:00,89,3,2398.86,43,1560,2,4,5,2-4-5,3.67,At-Risk
18065,United Kingdom,2010-12-10 12:44:00,2011-12-04 10:30:00,6,14,2392.83,137,1027,5,5,5,5-5-5,5.0,Champions
13141,United Kingdom,2011-01-28 13:04:00,2011-09-16 09:54:00,85,5,2388.75,135,1548,2,4,5,2-4-5,3.67,At-Risk
15370,United Kingdom,2011-01-11 11:32:00,2011-10-30 10:58:00,41,7,2386.05,94,830,3,5,5,3-5-5,4.33,Loyal Customers
17530,United Kingdom,2010-12-09 20:01:00,2011-12-08 18:42:00,2,10,2385.0,394,1526,5,5,5,5-5-5,5.0,Champions
14493,United Kingdom,2011-07-07 16:59:00,2011-12-02 16:14:00,8,5,2383.24,120,1285,5,4,5,5-4-5,4.67,Champions
14554,United Kingdom,2011-10-18 13:04:00,2011-11-29 16:44:00,11,4,2381.04,216,1478,5,4,5,5-4-5,4.67,Champions
14239,United Kingdom,2011-01-27 14:45:00,2011-10-27 14:40:00,44,11,2380.85,112,993,3,5,5,3-5-5,4.33,Loyal Customers
15270,United Kingdom,2011-02-02 13:25:00,2011-11-24 09:24:00,16,7,2379.49,41,1521,4,5,5,4-5-5,4.67,Champions
13722,United Kingdom,2011-03-02 11:43:00,2011-07-31 12:44:00,132,3,2375.41,85,1401,2,4,5,2-4-5,3.67,At-Risk
17434,United Kingdom,2011-09-15 13:54:00,2011-12-07 13:16:00,3,7,2373.82,134,1693,5,5,5,5-5-5,5.0,Champions
14930,Channel Islands,2011-03-10 14:42:00,2011-08-23 10:31:00,109,3,2372.86,128,1166,2,4,5,2-4-5,3.67,At-Risk
13908,United Kingdom,2011-03-08 12:04:00,2011-09-21 11:49:00,80,4,2369.55,122,1478,2,4,5,2-4-5,3.67,At-Risk
15755,United Kingdom,2011-02-18 11:53:00,2011-11-29 14:57:00,11,6,2364.25,141,1427,5,5,5,5-5-5,5.0,Champions
12457,Cyprus,2011-04-14 18:57:00,2011-10-04 13:13:00,67,7,2363.23,62,843,3,5,5,3-5-5,4.33,Loyal Customers
17634,United Kingdom,2011-01-06 12:45:00,2011-11-03 13:09:00,37,9,2361.97,297,840,3,5,5,3-5-5,4.33,Loyal Customers
14030,United Kingdom,2010-12-08 16:11:00,2011-11-21 16:48:00,19,8,2360.09,243,1479,4,5,5,4-5-5,4.67,Champions
14440,United Kingdom,2010-12-09 12:49:00,2011-12-01 15:42:00,9,5,2357.68,55,588,5,4,5,5-4-5,4.67,Champions
15140,United Kingdom,2011-03-20 14:37:00,2011-10-18 14:07:00,53,7,2354.25,80,1572,3,5,5,3-5-5,4.33,Loyal Customers
14309,United Kingdom,2010-12-16 13:05:00,2011-12-01 13:33:00,9,9,2352.53,117,1633,5,5,5,5-5-5,5.0,Champions
12704,Finland,2011-06-23 10:20:00,2011-12-02 13:15:00,8,8,2340.84,88,1006,5,5,5,5-5-5,5.0,Champions
18259,United Kingdom,2010-12-08 13:38:00,2011-11-15 12:34:00,25,3,2338.6,42,714,4,4,5,4-4-5,4.33,Champions
12584,Italy,2011-03-04 15:15:00,2011-12-06 09:35:00,4,9,2338.15,96,416,5,5,5,5-5-5,5.0,Champions
18257,United Kingdom,2011-02-16 15:13:00,2011-10-31 14:48:00,40,8,2337.63,118,1041,3,5,5,3-5-5,4.33,Loyal Customers
17954,United Kingdom,2010-12-03 14:18:00,2011-12-04 14:15:00,6,12,2332.72,485,2234,5,5,5,5-5-5,5.0,Champions
15281,United Kingdom,2011-01-10 15:51:00,2011-10-12 09:10:00,59,9,2332.15,139,1211,3,5,5,3-5-5,4.33,Loyal Customers
12782,Portugal,2010-12-17 11:30:00,2011-12-05 09:16:00,5,5,2330.92,103,1086,5,4,5,5-4-5,4.67,Champions
15785,United Kingdom,2011-02-17 14:17:00,2011-11-07 11:33:00,33,5,2328.97,83,1612,4,4,5,4-4-5,4.33,Champions
17313,United Kingdom,2011-11-08 15:45:00,2011-11-08 15:45:00,32,1,2328.84,24,1402,4,2,5,4-2-5,3.67,Potential Loyalists
17744,United Kingdom,2010-12-16 14:17:00,2011-12-06 12:11:00,4,6,2322.4,136,3412,5,5,5,5-5-5,5.0,Champions
17211,United Kingdom,2010-12-05 12:44:00,2011-11-13 12:03:00,27,8,2317.22,211,1323,4,5,5,4-5-5,4.67,Champions
14290,United Kingdom,2010-12-13 10:24:00,2011-11-28 14:02:00,12,5,2314.65,101,915,5,4,5,5-4-5,4.67,Champions
15365,United Kingdom,2011-01-28 13:08:00,2011-11-14 08:29:00,26,7,2314.32,114,1084,4,5,5,4-5-5,4.67,Champions
13994,United Kingdom,2011-07-14 18:28:00,2011-12-06 11:05:00,4,6,2313.14,155,940,5,5,5,5-5-5,5.0,Champions
13704,United Kingdom,2011-09-12 14:40:00,2011-12-04 15:13:00,6,9,2308.06,134,1531,5,5,5,5-5-5,5.0,Champions
15288,United Kingdom,2010-12-09 13:59:00,2011-10-27 16:58:00,44,5,2306.52,88,775,3,4,5,3-4-5,4.0,Loyal Customers
16735,United Kingdom,2011-01-09 12:53:00,2011-09-22 11:49:00,79,5,2300.56,125,1573,2,4,5,2-4-5,3.67,At-Risk
16550,United Kingdom,2010-12-06 13:53:00,2011-08-23 11:12:00,109,5,2298.97,251,1540,2,4,5,2-4-5,3.67,At-Risk
15105,United Kingdom,2011-07-28 10:09:00,2011-11-21 16:54:00,19,7,2298.93,101,1211,4,5,5,4-5-5,4.67,Champions
13115,United Kingdom,2011-06-08 16:15:00,2011-11-28 12:38:00,12,4,2294.78,120,1567,5,4,5,5-4-5,4.67,Champions
15704,United Kingdom,2011-05-08 12:42:00,2011-07-22 13:35:00,141,4,2293.62,117,1028,2,4,5,2-4-5,3.67,At-Risk
12615,France,2011-06-24 13:35:00,2011-12-07 15:02:00,3,4,2291.19,105,1376,5,4,5,5-4-5,4.67,Champions
13527,United Kingdom,2011-01-17 11:17:00,2011-11-06 12:04:00,34,7,2287.51,223,1692,3,5,5,3-5-5,4.33,Loyal Customers
17696,United Kingdom,2010-12-10 09:51:00,2011-11-01 13:43:00,39,8,2285.71,115,1756,3,5,5,3-5-5,4.33,Loyal Customers
12684,France,2011-05-10 12:55:00,2011-12-02 09:53:00,8,7,2283.63,105,1985,5,5,5,5-5-5,5.0,Champions
16782,United Kingdom,2010-12-09 11:28:00,2011-11-29 13:20:00,11,13,2279.9,190,712,5,5,5,5-5-5,5.0,Champions
13317,United Kingdom,2010-12-16 09:22:00,2011-10-04 13:35:00,67,6,2273.68,124,1035,3,5,5,3-5-5,4.33,Loyal Customers
17768,United Kingdom,2011-06-26 13:46:00,2011-12-01 13:22:00,9,3,2273.18,105,1186,5,4,5,5-4-5,4.67,Champions
14466,United Kingdom,2010-12-02 13:36:00,2011-11-10 14:07:00,30,7,2272.4,72,1006,4,5,5,4-5-5,4.67,Champions
13700,United Kingdom,2011-01-16 13:18:00,2011-11-13 13:00:00,27,10,2265.12,197,2304,4,5,5,4-5-5,4.67,Champions
16057,United Kingdom,2011-02-28 10:35:00,2011-11-23 15:23:00,17,7,2263.12,121,863,4,5,5,4-5-5,4.67,Champions
16209,United Kingdom,2011-04-07 12:23:00,2011-09-12 11:58:00,89,5,2262.62,46,1179,2,4,5,2-4-5,3.67,At-Risk
14432,United Kingdom,2011-09-11 14:09:00,2011-11-30 08:04:00,10,6,2255.51,382,2070,5,5,5,5-5-5,5.0,Champions
16293,United Kingdom,2010-12-07 15:02:00,2011-11-18 09:58:00,22,10,2248.99,118,982,4,5,5,4-5-5,4.67,Champions
17442,United Kingdom,2011-02-22 13:02:00,2011-11-03 09:17:00,37,6,2248.56,135,1496,3,5,5,3-5-5,4.33,Loyal Customers
15235,United Kingdom,2010-12-01 17:22:00,2011-05-06 09:44:00,218,12,2247.51,143,1324,1,5,5,1-5-5,3.67,At-Risk
16771,United Kingdom,2011-01-05 13:57:00,2011-11-06 13:28:00,34,5,2246.81,255,1489,3,4,5,3-4-5,4.0,Loyal Customers
15665,United Kingdom,2011-04-10 15:09:00,2011-06-24 14:57:00,169,2,2242.01,116,1666,2,3,5,2-3-5,3.33,At-Risk
14211,United Kingdom,2011-02-17 15:50:00,2011-10-17 13:23:00,54,9,2241.1,112,1242,3,5,5,3-5-5,4.33,Loyal Customers
16743,United Kingdom,2010-12-16 12:15:00,2011-11-10 13:13:00,30,7,2238.09,191,2047,4,5,5,4-5-5,4.67,Champions
14560,United Kingdom,2010-12-17 09:22:00,2011-12-02 15:22:00,8,22,2237.77,74,1260,5,5,5,5-5-5,5.0,Champions
14700,United Kingdom,2011-04-15 13:16:00,2011-11-07 14:40:00,33,3,2235.3,115,1342,4,4,5,4-4-5,4.33,Champions
16076,United Kingdom,2011-05-15 12:31:00,2011-12-06 14:59:00,4,10,2234.73,129,1435,5,5,5,5-5-5,5.0,Champions
15834,United Kingdom,2011-03-07 17:52:00,2011-09-30 14:41:00,71,4,2233.75,273,965,3,4,5,3-4-5,4.0,Loyal Customers
18242,United Kingdom,2011-05-10 11:20:00,2011-09-28 13:43:00,73,4,2232.49,78,1017,2,4,5,2-4-5,3.67,At-Risk
14226,United Kingdom,2011-03-15 15:36:00,2011-11-11 11:34:00,29,5,2232.19,67,1308,4,4,5,4-4-5,4.33,Champions
14825,United Kingdom,2010-12-06 12:30:00,2011-12-06 11:38:00,4,12,2226.91,121,991,5,5,5,5-5-5,5.0,Champions
17591,United Kingdom,2010-12-07 15:39:00,2011-09-27 13:42:00,74,7,2225.97,166,1009,2,5,5,2-5-5,4.0,At-Risk
12783,Portugal,2011-09-25 15:35:00,2011-12-07 15:56:00,3,6,2225.91,84,624,5,5,5,5-5-5,5.0,Champions
13365,United Kingdom,2011-05-06 12:00:00,2011-11-06 12:36:00,34,2,2225.37,128,1247,3,3,5,3-3-5,3.67,Loyal Customers
15722,United Kingdom,2011-02-22 12:24:00,2011-11-04 11:43:00,36,5,2222.56,69,1026,3,4,5,3-4-5,4.0,Loyal Customers
15811,United Kingdom,2010-12-09 15:29:00,2011-11-17 15:31:00,23,6,2218.62,133,1071,4,5,5,4-5-5,4.67,Champions
12876,Belgium,2011-05-27 13:34:00,2011-10-13 12:26:00,58,2,2218.02,85,1941,3,3,5,3-3-5,3.67,Loyal Customers
12653,Israel,2011-02-16 10:53:00,2011-07-14 10:41:00,149,2,2209.85,43,919,2,3,5,2-3-5,3.33,At-Risk
13862,United Kingdom,2011-01-11 15:13:00,2011-11-21 16:24:00,19,8,2209.36,139,1688,4,5,5,4-5-5,4.67,Champions
15797,United Kingdom,2011-01-24 15:47:00,2011-08-18 17:04:00,114,4,2207.4,8,873,2,4,5,2-4-5,3.67,At-Risk
15179,United Kingdom,2011-01-24 13:48:00,2011-11-21 12:53:00,19,5,2206.95,93,1938,4,4,5,4-4-5,4.33,Champions
13831,United Kingdom,2010-12-05 12:13:00,2011-11-23 15:41:00,17,6,2202.99,74,745,4,5,5,4-5-5,4.67,Champions
17406,United Kingdom,2010-12-08 10:35:00,2011-01-10 15:07:00,334,3,2200.42,113,787,1,4,5,1-4-5,3.33,At-Risk
15123,United Kingdom,2011-05-17 14:57:00,2011-12-02 13:12:00,8,2,2199.31,106,1195,5,3,5,5-3-5,4.33,Loyal Customers
16628,United Kingdom,2011-04-19 08:55:00,2011-11-10 12:45:00,30,5,2188.05,117,1205,4,4,5,4-4-5,4.33,Champions
15394,United Kingdom,2010-12-16 12:46:00,2011-11-30 11:49:00,10,4,2183.54,85,910,5,4,5,5-4-5,4.67,Champions
14341,United Kingdom,2011-01-25 13:55:00,2011-10-25 15:48:00,46,8,2182.28,129,1403,3,5,5,3-5-5,4.33,Loyal Customers
12856,United Kingdom,2011-10-07 12:38:00,2011-12-02 10:52:00,8,6,2179.93,314,1079,5,5,5,5-5-5,5.0,Champions
12909,United Kingdom,2011-03-31 12:51:00,2011-10-31 12:43:00,40,5,2178.67,91,1280,3,4,5,3-4-5,4.0,Loyal Customers
12501,Germany,2011-01-07 12:28:00,2011-01-07 12:28:00,337,1,2169.39,149,1783,1,2,5,1-2-5,2.67,At-Risk
12633,Germany,2011-02-25 08:44:00,2011-10-12 11:40:00,59,4,2163.98,101,1162,3,4,5,3-4-5,4.0,Loyal Customers
13755,United Kingdom,2011-10-07 15:45:00,2011-12-06 12:26:00,4,9,2161.35,342,1264,5,5,5,5-5-5,5.0,Champions
12935,United Kingdom,2011-01-24 13:58:00,2011-12-07 17:25:00,3,7,2160.7,129,1853,5,5,5,5-5-5,5.0,Champions
16456,United Kingdom,2010-12-01 14:11:00,2011-09-01 13:50:00,100,5,2158.37,111,1148,2,4,5,2-4-5,3.67,At-Risk
14407,United Kingdom,2011-03-08 11:59:00,2011-08-24 14:02:00,108,6,2157.73,73,1415,2,5,5,2-5-5,4.0,At-Risk
16379,United Kingdom,2011-09-22 09:33:00,2011-12-05 15:38:00,5,4,2157.4,108,1410,5,4,5,5-4-5,4.67,Champions
13224,United Kingdom,2011-07-11 14:10:00,2011-10-10 14:55:00,61,2,2155.95,108,1518,3,3,5,3-3-5,3.67,Loyal Customers
16966,United Kingdom,2011-04-13 14:17:00,2011-12-01 13:40:00,9,7,2154.97,28,1981,5,5,5,5-5-5,5.0,Champions
17272,United Kingdom,2011-03-22 12:05:00,2011-10-28 16:37:00,43,4,2148.63,114,1778,3,4,5,3-4-5,4.0,Loyal Customers
14828,United Kingdom,2011-01-07 09:50:00,2011-05-27 10:16:00,197,3,2139.76,17,2172,1,4,5,1-4-5,3.33,At-Risk
12560,Germany,2011-07-19 15:55:00,2011-12-04 13:54:00,6,3,2134.01,105,1110,5,4,5,5-4-5,4.67,Champions
17400,United Kingdom,2010-12-21 17:16:00,2011-08-05 15:38:00,127,5,2129.96,213,1097,2,4,5,2-4-5,3.67,At-Risk
13517,United Kingdom,2011-06-13 08:44:00,2011-10-11 11:43:00,60,3,2128.42,141,1369,3,4,5,3-4-5,4.0,Loyal Customers
14360,United Kingdom,2011-09-06 11:58:00,2011-11-08 09:12:00,32,4,2128.23,118,1151,4,4,5,4-4-5,4.33,Champions
16407,United Kingdom,2011-01-31 14:02:00,2011-11-27 11:05:00,13,10,2126.93,172,1124,5,5,5,5-5-5,5.0,Champions
14640,United Kingdom,2011-04-26 12:31:00,2011-11-15 13:07:00,25,6,2125.08,106,886,4,5,5,4-5-5,4.67,Champions
15058,United Kingdom,2011-01-31 15:35:00,2011-11-14 14:57:00,26,11,2124.99,276,1069,4,5,5,4-5-5,4.67,Champions
13632,United Kingdom,2011-04-10 15:07:00,2011-11-15 10:51:00,25,5,2121.27,146,1037,4,4,5,4-4-5,4.33,Champions
18061,United Kingdom,2010-12-08 13:03:00,2011-11-18 11:20:00,22,10,2119.41,46,955,4,5,5,4-5-5,4.67,Champions
18008,United Kingdom,2011-01-25 12:26:00,2011-09-30 15:17:00,71,9,2116.19,30,1581,3,5,5,3-5-5,4.33,Loyal Customers
14691,United Kingdom,2011-05-11 09:55:00,2011-11-09 12:30:00,31,5,2114.33,71,707,4,4,5,4-4-5,4.33,Champions
13265,United Kingdom,2011-03-11 09:54:00,2011-10-17 15:02:00,54,5,2107.66,91,1752,3,4,5,3-4-5,4.0,Loyal Customers
18173,United Kingdom,2011-03-10 11:56:00,2011-09-14 11:26:00,87,4,2106.84,31,1220,2,4,5,2-4-5,3.67,At-Risk
18093,United Kingdom,2011-02-10 12:15:00,2011-09-07 15:43:00,94,4,2106.52,36,1392,2,4,5,2-4-5,3.67,At-Risk
14461,United Kingdom,2011-03-23 12:15:00,2011-07-14 17:11:00,149,3,2103.06,180,766,2,4,5,2-4-5,3.67,At-Risk
14515,United Kingdom,2011-05-05 12:13:00,2011-11-22 11:37:00,18,6,2102.09,101,1134,4,5,5,4-5-5,4.67,Champions
17861,United Kingdom,2011-01-24 11:34:00,2011-12-06 16:21:00,4,8,2100.8,222,1988,5,5,5,5-5-5,5.0,Champions
15815,United Kingdom,2011-03-25 08:43:00,2011-10-07 12:42:00,64,5,2100.6,49,1856,3,4,5,3-4-5,4.0,Loyal Customers
13126,United Kingdom,2010-12-08 11:42:00,2011-12-05 10:00:00,5,8,2099.64,140,2143,5,5,5,5-5-5,5.0,Champions
12610,Italy,2011-08-05 13:52:00,2011-11-17 09:34:00,23,5,2099.54,106,1049,4,4,5,4-4-5,4.33,Champions
16875,United Kingdom,2011-01-04 10:37:00,2011-10-03 13:39:00,68,5,2095.53,112,1069,3,4,5,3-4-5,4.0,Loyal Customers
17191,United Kingdom,2010-12-06 14:36:00,2011-11-11 16:58:00,29,7,2095.13,237,1167,4,5,5,4-5-5,4.67,Champions
18283,United Kingdom,2011-01-06 14:14:00,2011-12-06 12:02:00,4,16,2094.88,756,1397,5,5,5,5-5-5,5.0,Champions
14306,United Kingdom,2011-09-15 10:31:00,2011-10-19 13:23:00,52,2,2093.32,33,1075,3,3,5,3-3-5,3.67,Loyal Customers
13571,United Kingdom,2011-03-31 12:43:00,2011-11-27 10:47:00,13,12,2092.32,341,1759,5,5,5,5-5-5,5.0,Champions
17490,United Kingdom,2011-06-16 09:15:00,2011-12-09 09:08:00,1,7,2092.32,76,1134,5,5,5,5-5-5,5.0,Champions
13297,United Kingdom,2011-10-03 15:08:00,2011-12-02 09:32:00,8,4,2089.85,59,963,5,4,5,5-4-5,4.67,Champions
18044,United Kingdom,2010-12-14 12:25:00,2011-12-05 14:26:00,5,10,2088.6,127,1033,5,5,5,5-5-5,5.0,Champions
14810,United Kingdom,2010-12-05 12:08:00,2011-10-30 11:19:00,41,11,2087.88,255,1016,3,5,5,3-5-5,4.33,Loyal Customers
16954,United Kingdom,2010-12-15 10:41:00,2011-12-09 09:46:00,1,9,2085.08,54,1054,5,5,5,5-5-5,5.0,Champions
18231,United Kingdom,2011-02-24 09:08:00,2011-05-31 14:18:00,193,5,2083.27,124,821,1,4,5,1-4-5,3.33,At-Risk
14696,United Kingdom,2010-12-01 15:37:00,2011-12-05 13:43:00,5,7,2078.95,130,1630,5,5,5,5-5-5,5.0,Champions
14209,United Kingdom,2011-01-11 12:56:00,2011-11-29 10:18:00,11,6,2073.43,87,691,5,5,5,5-5-5,5.0,Champions
18241,United Kingdom,2011-05-06 09:22:00,2011-11-30 12:10:00,10,17,2073.09,104,1051,5,5,5,5-5-5,5.0,Champions
18219,United Kingdom,2010-12-06 10:05:00,2011-12-07 11:43:00,3,10,2069.77,114,885,5,5,5,5-5-5,5.0,Champions
14482,United Kingdom,2011-04-14 16:41:00,2011-11-21 13:14:00,19,6,2068.15,144,1646,4,5,5,4-5-5,4.67,Champions
12948,United Kingdom,2011-03-20 10:17:00,2011-11-23 17:10:00,17,7,2064.95,116,1080,4,5,5,4-5-5,4.67,Champions
12928,United Kingdom,2010-12-15 15:45:00,2011-11-04 14:24:00,36,5,2062.7,84,1472,3,4,5,3-4-5,4.0,Loyal Customers
16281,United Kingdom,2011-09-28 14:57:00,2011-09-28 14:57:00,73,1,2062.06,17,934,2,2,5,2-2-5,3.0,At-Risk
14409,United Kingdom,2010-12-06 15:03:00,2011-09-29 18:18:00,72,6,2059.45,54,1230,3,5,4,3-5-4,4.0,Loyal Customers
12518,Germany,2011-08-21 13:18:00,2011-12-09 10:13:00,1,5,2056.89,124,1318,5,4,4,5-4-4,4.33,Champions
17667,United Kingdom,2011-02-14 09:24:00,2011-10-04 14:32:00,67,5,2055.51,116,1033,3,4,4,3-4-4,3.67,Loyal Customers
14188,United Kingdom,2011-02-02 13:46:00,2011-11-09 12:45:00,31,6,2054.36,65,1162,4,5,4,4-5-4,4.33,Champions
16150,United Kingdom,2010-12-02 18:27:00,2011-10-28 12:39:00,43,5,2053.02,117,1047,3,4,4,3-4-4,3.67,Loyal Customers
17086,United Kingdom,2011-10-07 11:22:00,2011-12-02 13:54:00,8,6,2050.08,96,1859,5,5,4,5-5-4,4.67,Champions
17612,United Kingdom,2011-02-15 10:40:00,2011-10-17 14:59:00,54,6,2048.45,135,1808,3,5,4,3-5-4,4.0,Loyal Customers
14232,United Kingdom,2011-03-20 12:44:00,2011-10-28 11:09:00,43,5,2048.07,115,1941,3,4,4,3-4-4,3.67,Loyal Customers
17625,United Kingdom,2011-03-27 12:21:00,2011-11-21 13:36:00,19,4,2047.0,315,1198,4,4,4,4-4-4,4.0,Champions
13495,United Kingdom,2010-12-06 15:14:00,2011-12-02 11:21:00,8,5,2044.87,48,829,5,4,4,5-4-4,4.33,Champions
17597,United Kingdom,2011-05-10 11:54:00,2011-05-10 11:54:00,214,1,2044.37,55,1176,1,2,4,1-2-4,2.33,At-Risk
17090,United Kingdom,2010-12-20 13:52:00,2011-12-05 13:44:00,5,7,2043.95,63,921,5,5,4,5-5-4,4.67,Champions
13450,United Kingdom,2011-05-05 19:48:00,2011-11-13 11:54:00,27,6,2043.72,71,1982,4,5,4,4-5-4,4.33,Champions
14001,United Kingdom,2010-12-01 12:58:00,2011-10-25 10:31:00,46,3,2043.08,39,962,3,4,4,3-4-4,3.67,Loyal Customers
12585,Germany,2010-12-23 12:58:00,2011-04-19 13:39:00,235,2,2040.1,87,1279,1,3,4,1-3-4,2.67,At-Risk
13593,United Kingdom,2011-01-07 16:32:00,2011-08-23 13:35:00,109,5,2037.08,128,731,2,4,4,2-4-4,3.33,At-Risk
18069,United Kingdom,2011-01-16 15:50:00,2011-11-13 16:03:00,27,5,2036.67,470,1311,4,4,4,4-4-4,4.0,Champions
17846,United Kingdom,2011-09-15 15:20:00,2011-09-15 15:20:00,86,1,2033.1,1,1,2,2,4,2-2-4,2.67,At-Risk
13630,United Kingdom,2011-02-27 12:49:00,2011-12-04 15:16:00,6,7,2031.78,71,1391,5,5,4,5-5-4,4.67,Champions
16409,United Kingdom,2011-01-26 14:51:00,2011-11-03 16:45:00,37,5,2028.88,232,1306,3,4,4,3-4-4,3.67,Loyal Customers
17337,United Kingdom,2011-02-02 17:06:00,2011-07-11 14:55:00,152,4,2027.87,543,1269,2,4,4,2-4-4,3.33,At-Risk
16358,United Kingdom,2011-06-08 15:05:00,2011-12-08 15:09:00,2,4,2027.5,109,1302,5,4,4,5-4-4,4.33,Champions
14544,United Kingdom,2010-12-13 12:50:00,2011-11-15 15:06:00,25,2,2024.45,114,1543,4,3,4,4-3-4,3.67,Loyal Customers
15341,United Kingdom,2011-09-20 09:40:00,2011-09-20 09:40:00,81,1,2020.52,17,812,2,2,4,2-2-4,2.67,At-Risk
14506,United Kingdom,2010-12-05 14:25:00,2011-11-22 13:02:00,18,5,2012.17,316,730,4,4,4,4-4-4,4.0,Champions
15531,United Kingdom,2011-11-09 17:47:00,2011-12-01 18:43:00,9,2,2007.44,228,1105,5,3,4,5-3-4,4.0,Loyal Customers
15372,United Kingdom,2011-07-25 16:39:00,2011-07-25 16:39:00,138,1,2007.4,27,2924,2,2,4,2-2-4,2.67,At-Risk
16098,United Kingdom,2010-12-01 09:45:00,2011-09-13 09:59:00,88,7,2005.63,67,613,2,5,4,2-5-4,3.67,At-Risk
14730,United Kingdom,2011-03-08 12:49:00,2011-12-08 14:39:00,2,8,2005.06,501,1132,5,5,4,5-5-4,4.67,Champions
14217,United Kingdom,2010-12-08 13:28:00,2011-12-08 11:53:00,2,17,2004.98,100,689,5,5,4,5-5-4,4.67,Champions
14462,United Kingdom,2011-01-04 12:45:00,2011-10-04 15:55:00,67,11,2004.02,240,964,3,5,4,3-5-4,4.0,Loyal Customers
17082,United Kingdom,2011-01-25 14:36:00,2011-11-06 15:17:00,34,2,2003.85,81,1049,3,3,4,3-3-4,3.33,Loyal Customers
16754,United Kingdom,2010-12-02 17:38:00,2010-12-02 17:38:00,373,1,2002.4,2,4280,1,2,4,1-2-4,2.33,At-Risk
15493,United Kingdom,2011-03-14 11:44:00,2011-11-07 12:04:00,33,5,2001.8,297,560,4,4,4,4-4-4,4.0,Champions
18188,United Kingdom,2011-02-22 14:43:00,2011-11-24 16:46:00,16,3,2001.04,71,1168,4,4,4,4-4-4,4.0,Champions
13305,United Kingdom,2010-12-02 12:10:00,2011-12-05 15:15:00,5,10,2000.86,81,1232,5,5,4,5-5-4,4.67,Champions
16698,United Kingdom,2011-03-31 13:33:00,2011-04-27 10:52:00,227,2,1998.0,5,840,1,3,4,1-3-4,2.67,At-Risk
17827,United Kingdom,2010-12-10 10:18:00,2011-12-04 15:00:00,6,5,1995.46,220,1247,5,4,4,5-4-4,4.33,Champions
18204,United Kingdom,2011-05-31 15:26:00,2011-09-29 16:44:00,72,3,1993.7,200,1200,3,4,4,3-4-4,3.67,Loyal Customers
17679,United Kingdom,2011-09-15 10:35:00,2011-10-18 07:43:00,53,2,1992.11,30,729,3,3,4,3-3-4,3.33,Loyal Customers
17088,United Kingdom,2011-03-31 09:48:00,2011-11-11 14:23:00,29,4,1991.01,115,868,4,4,4,4-4-4,4.0,Champions
13246,United Kingdom,2011-01-13 13:36:00,2011-11-21 16:50:00,19,6,1987.3,141,1602,4,5,4,4-5-4,4.33,Champions
13590,United Kingdom,2011-02-09 13:25:00,2011-11-28 12:54:00,12,6,1981.92,87,1848,5,5,4,5-5-4,4.67,Champions
13725,United Kingdom,2011-02-04 12:18:00,2011-10-21 10:03:00,50,8,1980.56,104,806,3,5,4,3-5-4,4.0,Loyal Customers
17422,United Kingdom,2011-02-16 14:44:00,2011-11-23 13:27:00,17,6,1979.37,117,2253,4,5,4,4-5-4,4.33,Champions
16341,United Kingdom,2011-05-22 13:20:00,2011-11-15 09:12:00,25,4,1971.87,77,1398,4,4,4,4-4-4,4.0,Champions
17997,United Kingdom,2011-06-28 17:28:00,2011-09-26 16:13:00,75,8,1970.67,166,2298,2,5,4,2-5-4,3.67,At-Risk
12674,France,2011-05-16 09:10:00,2011-11-01 12:12:00,39,4,1970.6,83,1133,3,4,4,3-4-4,3.67,Loyal Customers
17790,United Kingdom,2010-12-10 10:47:00,2011-11-13 11:30:00,27,14,1965.55,190,836,4,5,4,4-5-4,4.33,Champions
17218,United Kingdom,2010-12-06 15:25:00,2011-12-05 13:52:00,5,10,1960.72,274,958,5,5,4,5-5-4,4.67,Champions
15351,United Kingdom,2010-12-05 11:49:00,2011-11-27 12:52:00,13,7,1960.11,225,753,5,5,4,5-5-4,4.67,Champions
14498,United Kingdom,2010-12-13 11:29:00,2011-10-28 12:09:00,43,5,1957.32,193,1098,3,4,4,3-4-4,3.67,Loyal Customers
12853,United Kingdom,2011-01-28 10:28:00,2011-07-28 11:29:00,135,6,1957.1,78,800,2,5,4,2-5-4,3.67,At-Risk
17554,United Kingdom,2011-07-14 20:01:00,2011-12-08 14:15:00,2,5,1952.45,88,1763,5,4,4,5-4-4,4.33,Champions
14533,United Kingdom,2010-12-22 11:07:00,2011-11-15 12:05:00,25,7,1949.72,62,4019,4,5,4,4-5-4,4.33,Champions
14653,United Kingdom,2011-01-05 13:40:00,2011-12-08 13:45:00,2,7,1947.55,237,950,5,5,4,5-5-4,4.67,Champions
15814,United Kingdom,2011-10-20 09:04:00,2011-11-23 08:17:00,17,4,1945.33,72,1271,4,4,4,4-4-4,4.0,Champions
15518,United Kingdom,2011-01-11 12:55:00,2011-10-06 13:05:00,65,8,1942.45,214,1273,3,5,4,3-5-4,4.0,Loyal Customers
14418,United Kingdom,2011-08-23 17:18:00,2011-12-06 11:39:00,4,3,1937.25,124,1711,5,4,4,5-4-4,4.33,Champions
14472,United Kingdom,2010-12-19 14:03:00,2011-08-28 11:01:00,104,8,1936.84,281,1160,2,5,4,2-5-4,3.67,At-Risk
15864,United Kingdom,2011-01-27 16:43:00,2011-11-17 13:32:00,23,6,1936.32,20,1192,4,5,4,4-5-4,4.33,Champions
15157,United Kingdom,2010-12-16 13:44:00,2011-12-06 11:28:00,4,3,1936.07,125,2392,5,4,4,5-4-4,4.33,Champions
12528,Germany,2011-01-31 09:05:00,2011-11-30 14:40:00,10,6,1933.48,92,756,5,5,4,5-5-4,4.67,Champions
14655,United Kingdom,2011-05-01 14:59:00,2011-12-01 16:28:00,9,4,1932.23,49,1089,5,4,4,5-4-4,4.33,Champions
14978,United Kingdom,2011-01-13 12:03:00,2011-09-28 13:07:00,73,5,1931.42,216,525,2,4,4,2-4-4,3.33,At-Risk
16983,United Kingdom,2010-12-05 12:34:00,2011-11-27 12:10:00,13,7,1931.25,148,1379,5,5,4,5-5-4,4.67,Champions
13094,United Kingdom,2010-12-06 10:34:00,2011-11-18 14:07:00,22,12,1927.32,24,1716,4,5,4,4-5-4,4.33,Champions
16942,United Kingdom,2011-04-26 11:59:00,2011-11-27 12:40:00,13,9,1920.59,281,811,5,5,4,5-5-4,4.67,Champions
15021,United Kingdom,2010-12-08 12:17:00,2011-12-01 11:53:00,9,9,1914.82,472,847,5,5,4,5-5-4,4.67,Champions
17368,United Kingdom,2011-01-06 11:57:00,2011-11-16 15:26:00,24,8,1912.67,111,1391,4,5,4,4-5-4,4.33,Champions
14285,United Kingdom,2011-06-16 12:36:00,2011-11-18 14:50:00,22,4,1910.01,27,541,4,4,4,4-4-4,4.0,Champions
16426,United Kingdom,2011-03-08 15:45:00,2011-12-07 14:01:00,3,10,1908.25,372,1243,5,5,4,5-5-4,4.67,Champions
17228,United Kingdom,2010-12-02 16:00:00,2011-11-24 10:24:00,16,8,1906.09,208,1532,4,5,4,4-5-4,4.33,Champions
14210,United Kingdom,2010-12-03 12:43:00,2011-08-26 12:36:00,106,6,1905.84,102,760,2,5,4,2-5-4,3.67,At-Risk
15819,United Kingdom,2011-03-08 09:45:00,2011-10-21 14:50:00,50,4,1905.45,123,1357,3,4,4,3-4-4,3.67,Loyal Customers
14250,United Kingdom,2011-09-11 13:44:00,2011-12-02 14:30:00,8,3,1904.05,111,1200,5,4,4,5-4-4,4.33,Champions
12762,Portugal,2011-11-14 14:23:00,2011-12-02 10:23:00,8,2,1898.52,69,1227,5,3,4,5-3-4,4.0,Loyal Customers
17463,United Kingdom,2011-01-30 15:48:00,2011-11-23 13:40:00,17,5,1896.41,215,1095,4,4,4,4-4-4,4.0,Champions
17870,United Kingdom,2010-12-08 08:12:00,2011-12-07 15:07:00,3,12,1894.35,279,1401,5,5,4,5-5-4,4.67,Champions
14934,Channel Islands,2011-03-02 11:48:00,2011-09-19 10:10:00,82,2,1890.94,87,1042,2,3,4,2-3-4,3.0,At-Risk
12371,Switzerland,2011-10-11 10:43:00,2011-10-26 10:16:00,45,2,1887.96,63,591,3,3,4,3-3-4,3.33,Loyal Customers
15641,United Kingdom,2010-12-15 14:45:00,2011-08-26 14:04:00,106,4,1887.2,119,1562,2,4,4,2-4-4,3.33,At-Risk
16170,United Kingdom,2011-04-05 13:42:00,2011-10-20 08:21:00,51,6,1885.05,125,1770,3,5,4,3-5-4,4.0,Loyal Customers
13890,United Kingdom,2010-12-16 09:31:00,2011-12-08 15:36:00,2,10,1883.81,110,831,5,5,4,5-5-4,4.67,Champions
16128,United Kingdom,2011-03-02 12:21:00,2011-11-22 11:14:00,18,5,1880.22,89,988,4,4,4,4-4-4,4.0,Champions
17738,United Kingdom,2011-03-02 16:26:00,2011-11-20 15:05:00,20,4,1879.05,97,1029,4,4,4,4-4-4,4.0,Champions
15367,United Kingdom,2011-03-09 13:53:00,2011-10-13 14:13:00,58,4,1877.59,95,1057,3,4,4,3-4-4,3.67,Loyal Customers
17293,United Kingdom,2010-12-13 14:55:00,2011-12-01 14:37:00,9,9,1875.11,135,1140,5,5,4,5-5-4,4.67,Champions
16986,United Kingdom,2011-11-09 15:52:00,2011-11-10 11:55:00,30,2,1873.2,3,1040,4,3,4,4-3-4,3.67,Loyal Customers
13982,United Kingdom,2010-12-09 13:57:00,2011-10-31 16:24:00,40,4,1871.81,111,1136,3,4,4,3-4-4,3.67,Loyal Customers
16474,United Kingdom,2011-07-17 14:51:00,2011-12-02 13:02:00,8,7,1871.5,360,943,5,5,4,5-5-4,4.67,Champions
17469,United Kingdom,2011-05-19 08:55:00,2011-11-23 13:15:00,17,5,1870.97,88,787,4,4,4,4-4-4,4.0,Champions
16841,United Kingdom,2011-02-25 12:40:00,2011-11-03 11:51:00,37,6,1869.82,116,2250,3,5,4,3-5-4,4.0,Loyal Customers
14524,United Kingdom,2010-12-14 11:01:00,2011-11-08 12:29:00,32,9,1867.68,203,676,4,5,4,4-5-4,4.33,Champions
17787,United Kingdom,2010-12-03 13:43:00,2011-07-10 11:24:00,153,4,1865.19,134,910,2,4,4,2-4-4,3.33,At-Risk
16201,United Kingdom,2011-08-22 10:47:00,2011-12-06 16:02:00,4,4,1863.47,111,1286,5,4,4,5-4-4,4.33,Champions
14887,United Kingdom,2011-09-21 15:32:00,2011-09-21 15:32:00,80,1,1862.0,6,1100,2,2,4,2-2-4,2.67,At-Risk
12423,Belgium,2010-12-21 10:54:00,2011-12-09 10:10:00,1,8,1859.31,125,1339,5,5,4,5-5-4,4.67,Champions
17873,United Kingdom,2010-12-01 14:54:00,2011-09-20 16:41:00,81,5,1859.16,44,1047,2,4,4,2-4-4,3.33,At-Risk
14305,United Kingdom,2011-07-27 14:14:00,2011-09-29 15:29:00,72,3,1858.96,105,1089,3,4,4,3-4-4,3.67,Loyal Customers
12963,United Kingdom,2010-12-09 09:14:00,2011-12-01 12:55:00,9,8,1856.63,95,881,5,5,4,5-5-4,4.67,Champions
16979,United Kingdom,2011-02-15 09:20:00,2011-12-06 12:21:00,4,6,1852.0,89,865,5,5,4,5-5-4,4.67,Champions
13421,United Kingdom,2011-02-22 15:46:00,2011-10-30 14:21:00,41,2,1851.08,104,1181,3,3,4,3-3-4,3.33,Loyal Customers
12383,Belgium,2010-12-22 14:28:00,2011-06-08 08:02:00,185,5,1850.56,99,1532,1,4,4,1-4-4,3.0,At-Risk
12381,Norway,2011-08-12 09:57:00,2011-12-05 12:44:00,5,5,1845.31,87,808,5,4,4,5-4-4,4.33,Champions
17519,United Kingdom,2010-12-06 15:18:00,2011-11-22 16:43:00,18,6,1844.02,82,1236,4,5,4,4-5-4,4.33,Champions
18180,United Kingdom,2011-07-20 08:59:00,2011-12-05 08:39:00,5,6,1843.75,119,1721,5,5,4,5-5-4,4.67,Champions
12950,United Kingdom,2011-11-15 13:48:00,2011-12-07 13:17:00,3,3,1843.0,23,1380,5,4,4,5-4-4,4.33,Champions
17015,United Kingdom,2011-06-07 13:19:00,2011-11-11 10:45:00,29,3,1842.56,217,1981,4,4,4,4-4-4,4.0,Champions
16102,United Kingdom,2011-08-03 12:50:00,2011-10-28 13:19:00,43,3,1842.14,57,942,3,4,4,3-4-4,3.67,Loyal Customers
16455,United Kingdom,2010-12-03 16:44:00,2011-10-07 12:17:00,64,7,1841.18,99,988,3,5,4,3-5-4,4.0,Loyal Customers
14113,United Kingdom,2010-12-20 12:14:00,2011-12-06 12:18:00,4,4,1840.42,34,745,5,4,4,5-4-4,4.33,Champions
14216,United Kingdom,2011-11-02 10:51:00,2011-12-06 14:56:00,4,4,1839.3,59,594,5,4,4,5-4-4,4.33,Champions
13924,United Kingdom,2011-09-28 15:07:00,2011-12-08 09:39:00,2,6,1838.85,117,1575,5,5,4,5-5-4,4.67,Champions
14459,United Kingdom,2011-07-07 13:35:00,2011-07-07 13:35:00,156,1,1837.92,37,760,2,2,4,2-2-4,2.67,At-Risk
18287,United Kingdom,2011-05-22 10:39:00,2011-10-28 09:29:00,43,3,1837.28,70,1586,3,4,4,3-4-4,3.67,Loyal Customers
13650,United Kingdom,2011-03-17 12:37:00,2011-11-23 12:22:00,17,6,1836.34,96,922,4,5,4,4-5-4,4.33,Champions
15827,United Kingdom,2010-12-02 13:06:00,2011-09-27 15:35:00,74,14,1836.09,115,882,2,5,4,2-5-4,3.67,At-Risk
13048,United Kingdom,2011-01-16 14:36:00,2011-11-25 13:23:00,15,4,1835.91,136,1238,4,4,4,4-4-4,4.0,Champions
14665,United Kingdom,2011-02-02 09:08:00,2011-10-10 09:14:00,61,5,1835.7,90,740,3,4,4,3-4-4,3.67,Loyal Customers
16152,United Kingdom,2011-03-16 09:47:00,2011-03-16 09:47:00,269,1,1829.04,29,642,1,2,4,1-2-4,2.33,At-Risk
15203,United Kingdom,2011-02-01 12:29:00,2011-11-14 08:16:00,26,6,1827.8,142,1753,4,5,4,4-5-4,4.33,Champions
18122,United Kingdom,2011-07-12 11:37:00,2011-12-01 13:08:00,9,6,1826.21,364,1234,5,5,4,5-5-4,4.67,Champions
17702,United Kingdom,2011-05-17 16:23:00,2011-11-09 16:03:00,31,4,1824.37,74,1353,4,4,4,4-4-4,4.0,Champions
16153,United Kingdom,2010-12-20 09:22:00,2011-10-21 10:50:00,50,5,1824.23,89,1073,3,4,4,3-4-4,3.67,Loyal Customers
17705,United Kingdom,2011-02-11 10:57:00,2011-12-06 13:45:00,4,9,1823.52,103,963,5,5,4,5-5-4,4.67,Champions
16169,United Kingdom,2011-09-25 11:33:00,2011-12-01 15:28:00,9,4,1822.97,85,1325,5,4,4,5-4-4,4.33,Champions
17828,Malta,2011-06-08 08:31:00,2011-11-17 08:41:00,23,4,1820.09,67,667,4,4,4,4-4-4,4.0,Champions
17629,United Kingdom,2010-12-15 09:58:00,2011-12-04 10:56:00,6,8,1814.12,123,1629,5,5,4,5-5-4,4.67,Champions
15260,United Kingdom,2010-12-02 12:09:00,2011-08-31 13:55:00,101,7,1810.77,77,885,2,5,4,2-5-4,3.67,At-Risk
13481,United Kingdom,2011-03-28 09:07:00,2011-10-25 09:07:00,46,5,1804.56,109,1142,3,4,4,3-4-4,3.67,Loyal Customers
17663,United Kingdom,2011-02-25 14:11:00,2011-11-14 08:56:00,26,7,1802.91,86,797,4,5,4,4-5-4,4.33,Champions
15812,United Kingdom,2011-01-26 12:12:00,2011-08-24 14:19:00,108,5,1801.14,41,922,2,4,4,2-4-4,3.33,At-Risk
16249,United Kingdom,2011-04-14 13:50:00,2011-10-18 10:07:00,53,5,1800.07,69,950,3,4,4,3-4-4,3.67,Loyal Customers
13562,United Kingdom,2011-04-08 12:42:00,2011-09-19 10:51:00,82,3,1799.33,82,757,2,4,4,2-4-4,3.33,At-Risk
13196,United Kingdom,2011-03-22 14:24:00,2011-11-28 13:54:00,12,4,1797.78,110,1224,5,4,4,5-4-4,4.33,Champions
17750,United Kingdom,2011-06-28 15:44:00,2011-12-04 14:09:00,6,9,1797.57,193,3957,5,5,4,5-5-4,4.67,Champions
17648,United Kingdom,2011-04-04 10:29:00,2011-10-10 09:41:00,61,4,1797.5,91,487,3,4,4,3-4-4,3.67,Loyal Customers
12348,Finland,2010-12-16 19:09:00,2011-09-25 13:13:00,76,4,1797.24,31,2341,2,4,4,2-4-4,3.33,At-Risk
18235,United Kingdom,2011-05-06 13:35:00,2011-09-29 08:27:00,72,3,1796.48,104,1578,3,4,4,3-4-4,3.67,Loyal Customers
13134,United Kingdom,2011-04-13 12:57:00,2011-09-15 10:35:00,86,4,1793.58,98,1059,2,4,4,2-4-4,3.33,At-Risk
18179,United Kingdom,2011-01-07 14:22:00,2011-11-30 16:23:00,10,6,1793.17,90,1360,5,5,4,5-5-4,4.67,Champions
13510,United Kingdom,2011-06-09 09:32:00,2011-12-08 13:46:00,2,4,1791.56,115,1386,5,4,4,5-4-4,4.33,Champions
16719,United Kingdom,2010-12-06 12:06:00,2011-11-25 09:27:00,15,7,1790.42,201,1204,4,5,4,4-5-4,4.33,Champions
12523,France,2011-01-12 09:43:00,2011-11-20 12:55:00,20,11,1789.77,106,865,4,5,4,4-5-4,4.33,Champions
14215,United Kingdom,2010-12-06 15:34:00,2011-11-28 12:19:00,12,6,1789.72,108,1358,5,5,4,5-5-4,4.67,Champions
14621,United Kingdom,2010-12-16 13:00:00,2011-12-08 16:22:00,2,5,1788.36,92,993,5,4,4,5-4-4,4.33,Champions
13875,United Kingdom,2011-02-11 15:39:00,2011-10-17 09:36:00,54,5,1786.79,104,1316,3,4,4,3-4-4,3.67,Loyal Customers
14608,United Kingdom,2010-12-12 14:49:00,2011-12-05 16:52:00,5,4,1785.15,20,437,5,4,4,5-4-4,4.33,Champions
14935,Channel Islands,2011-02-15 14:44:00,2011-02-15 14:44:00,298,1,1784.71,10,935,1,2,4,1-2-4,2.33,At-Risk
15050,United Kingdom,2011-09-29 13:22:00,2011-11-14 16:17:00,26,3,1782.09,78,1224,4,4,4,4-4-4,4.0,Champions
16380,United Kingdom,2011-10-09 15:40:00,2011-10-09 15:40:00,62,1,1780.59,32,1524,3,2,4,3-2-4,3.0,Need Attention
15220,United Kingdom,2011-03-04 10:24:00,2011-10-19 12:39:00,52,6,1778.96,117,1393,3,5,4,3-5-4,4.0,Loyal Customers
17092,United Kingdom,2011-03-07 14:51:00,2011-10-20 19:51:00,51,4,1777.78,125,1131,3,4,4,3-4-4,3.67,Loyal Customers
12645,Germany,2011-01-27 13:08:00,2011-11-06 12:38:00,34,4,1775.18,73,1084,3,4,4,3-4-4,3.67,Loyal Customers
17754,United Kingdom,2011-03-24 13:54:00,2011-12-09 11:20:00,1,5,1772.26,92,1869,5,4,4,5-4-4,4.33,Champions
15594,United Kingdom,2011-04-19 10:08:00,2011-11-24 08:53:00,16,5,1771.78,103,983,4,4,4,4-4-4,4.0,Champions
15473,United Kingdom,2011-10-10 11:12:00,2011-11-25 15:15:00,15,7,1771.2,11,672,4,5,4,4-5-4,4.33,Champions
17813,United Kingdom,2011-09-29 15:57:00,2011-11-25 16:13:00,15,5,1770.88,371,790,4,4,4,4-4-4,4.0,Champions
14387,United Kingdom,2011-08-22 14:13:00,2011-11-07 12:29:00,33,3,1770.56,140,819,4,4,4,4-4-4,4.0,Champions
16681,United Kingdom,2011-03-31 13:46:00,2011-09-28 11:11:00,73,6,1770.34,44,1407,2,5,4,2-5-4,3.67,At-Risk
13456,United Kingdom,2011-05-16 15:34:00,2011-11-22 09:18:00,18,6,1766.72,63,765,4,5,4,4-5-4,4.33,Champions
15950,United Kingdom,2010-12-15 11:56:00,2011-11-08 11:09:00,32,4,1765.51,98,729,4,4,4,4-4-4,4.0,Champions
16751,United Kingdom,2011-11-09 10:48:00,2011-11-09 10:48:00,31,1,1764.72,25,1031,4,2,4,4-2-4,3.33,Potential Loyalists
12424,Australia,2011-06-30 12:06:00,2011-06-30 12:06:00,163,2,1760.96,30,740,2,3,4,2-3-4,3.0,At-Risk
12823,United Kingdom,2011-02-16 12:15:00,2011-09-26 07:35:00,75,5,1759.5,5,230,2,4,4,2-4-4,3.33,At-Risk
12349,Italy,2011-11-21 09:51:00,2011-11-21 09:51:00,19,1,1757.55,73,631,4,2,4,4-2-4,3.33,Potential Loyalists
15241,United Kingdom,2011-03-01 11:02:00,2011-10-04 09:05:00,67,8,1756.44,110,1818,3,5,4,3-5-4,4.0,Loyal Customers
16359,United Kingdom,2011-01-12 10:49:00,2011-12-02 17:04:00,8,9,1750.92,66,1183,5,5,4,5-5-4,4.67,Champions
13564,United Kingdom,2010-12-06 17:26:00,2011-07-18 14:33:00,145,3,1749.02,83,661,2,4,4,2-4-4,3.33,At-Risk
13808,United Kingdom,2011-09-04 12:07:00,2011-12-04 12:18:00,6,5,1747.66,76,782,5,4,4,5-4-4,4.33,Champions
15067,United Kingdom,2011-03-02 12:10:00,2011-09-22 13:20:00,79,3,1744.76,82,954,2,4,4,2-4-4,3.33,At-Risk
13157,United Kingdom,2011-02-14 14:03:00,2011-10-21 13:50:00,50,4,1741.22,87,1439,3,4,4,3-4-4,3.67,Loyal Customers
14595,United Kingdom,2011-01-30 13:36:00,2011-11-20 12:12:00,20,6,1740.6,102,978,4,5,4,4-5-4,4.33,Champions
17930,United Kingdom,2011-04-14 15:46:00,2011-11-04 10:23:00,36,5,1740.48,39,1594,3,4,4,3-4-4,3.67,Loyal Customers
17353,United Kingdom,2011-07-08 16:17:00,2011-08-02 17:19:00,130,2,1740.0,8,1200,2,3,4,2-3-4,3.0,At-Risk
17457,United Kingdom,2011-01-04 14:33:00,2011-08-05 12:48:00,127,5,1737.7,19,826,2,4,4,2-4-4,3.33,At-Risk
14673,United Kingdom,2010-12-07 12:49:00,2011-12-06 14:31:00,4,5,1736.4,74,1004,5,4,4,5-4-4,4.33,Champions
17043,United Kingdom,2011-03-18 14:53:00,2011-11-07 15:33:00,33,4,1735.18,102,998,4,4,4,4-4-4,4.0,Champions
16791,United Kingdom,2011-01-11 15:42:00,2011-11-10 19:12:00,30,7,1721.78,320,763,4,5,4,4-5-4,4.33,Champions
17451,United Kingdom,2011-08-26 11:54:00,2011-12-08 15:02:00,2,7,1721.4,100,1203,5,5,4,5-5-4,4.67,Champions
14834,United Kingdom,2011-04-13 15:00:00,2011-11-22 10:30:00,18,6,1720.3,67,734,4,5,4,4-5-4,4.33,Champions
15267,United Kingdom,2011-06-10 10:24:00,2011-11-17 15:59:00,23,5,1717.36,11,944,4,4,4,4-4-4,4.0,Champions
17162,United Kingdom,2011-02-07 12:27:00,2011-11-11 11:34:00,29,10,1715.46,104,1001,4,5,4,4-5-4,4.33,Champions
13763,United Kingdom,2011-10-07 15:13:00,2011-10-07 15:13:00,64,1,1714.96,15,728,3,2,4,3-2-4,3.0,Need Attention
17147,United Kingdom,2011-02-01 09:36:00,2011-11-17 12:32:00,23,4,1714.59,81,882,4,4,4,4-4-4,4.0,Champions
14441,United Kingdom,2011-03-29 12:01:00,2011-12-09 09:07:00,1,4,1712.89,51,446,5,4,4,5-4-4,4.33,Champions
12405,Finland,2011-07-14 08:52:00,2011-07-14 08:52:00,149,1,1710.39,54,857,2,2,4,2-2-4,2.67,At-Risk
15947,United Kingdom,2011-09-18 10:46:00,2011-09-18 10:46:00,83,1,1708.24,29,898,2,2,4,2-2-4,2.67,At-Risk
12407,Belgium,2011-03-20 13:21:00,2011-10-21 10:11:00,50,5,1708.12,77,1416,3,4,4,3-4-4,3.67,Loyal Customers
16902,United Kingdom,2011-08-15 14:17:00,2011-08-15 14:17:00,117,1,1706.88,44,629,2,2,4,2-2-4,2.67,At-Risk
15240,United Kingdom,2011-02-01 08:23:00,2011-10-26 09:50:00,45,5,1706.57,78,1369,3,4,4,3-4-4,3.67,Loyal Customers
16398,United Kingdom,2011-03-31 09:38:00,2011-07-08 15:16:00,155,2,1705.8,82,758,2,3,4,2-3-4,3.0,At-Risk
17282,United Kingdom,2011-02-13 11:36:00,2011-08-01 14:29:00,131,3,1703.41,94,1877,2,4,4,2-4-4,3.33,At-Risk
12843,United Kingdom,2011-03-20 14:38:00,2011-10-05 12:09:00,66,8,1702.26,103,781,3,5,4,3-5-4,4.0,Loyal Customers
16007,United Kingdom,2011-05-08 13:32:00,2011-10-23 11:05:00,48,4,1701.94,385,1393,3,4,4,3-4-4,3.67,Loyal Customers
13184,United Kingdom,2011-02-22 17:25:00,2011-11-25 12:02:00,15,10,1701.29,181,1692,4,5,4,4-5-4,4.33,Champions
17193,United Kingdom,2011-06-16 10:04:00,2011-11-04 12:47:00,36,7,1699.3,32,1254,3,5,4,3-5-4,4.0,Loyal Customers
13824,United Kingdom,2011-02-02 13:07:00,2011-11-07 12:41:00,33,5,1698.94,46,768,4,4,4,4-4-4,4.0,Champions
16775,United Kingdom,2010-12-07 15:15:00,2011-11-29 15:22:00,11,11,1695.66,158,440,5,5,4,5-5-4,4.67,Champions
12764,Lebanon,2011-01-27 10:19:00,2011-01-27 10:19:00,317,1,1693.88,45,386,1,2,4,1-2-4,2.33,At-Risk
14245,United Kingdom,2011-03-21 10:41:00,2011-05-04 08:40:00,220,2,1693.45,108,976,1,3,4,1-3-4,2.67,At-Risk
15549,United Kingdom,2011-01-27 15:38:00,2011-09-23 16:22:00,78,3,1693.26,115,698,2,4,4,2-4-4,3.33,At-Risk
16813,United Kingdom,2011-05-19 13:28:00,2011-12-01 14:03:00,9,10,1692.98,449,1525,5,5,4,5-5-4,4.67,Champions
16671,United Kingdom,2011-06-28 11:20:00,2011-11-11 13:40:00,29,3,1692.27,6,875,4,4,4,4-4-4,4.0,Champions
15380,United Kingdom,2010-12-09 15:01:00,2011-12-01 12:13:00,9,5,1690.26,36,376,5,4,4,5-4-4,4.33,Champions
17152,United Kingdom,2011-03-21 16:20:00,2011-05-29 12:19:00,195,3,1689.5,14,517,1,4,4,1-4-4,3.0,At-Risk
12635,Germany,2011-07-08 08:43:00,2011-09-11 11:04:00,90,2,1689.18,101,1172,2,3,4,2-3-4,3.0,At-Risk
13162,United Kingdom,2011-01-09 10:43:00,2011-08-09 15:59:00,123,4,1688.29,79,1713,2,4,4,2-4-4,3.33,At-Risk
13577,United Kingdom,2011-04-12 10:33:00,2011-11-14 15:19:00,26,4,1687.6,83,791,4,4,4,4-4-4,4.0,Champions
16638,United Kingdom,2010-12-06 10:19:00,2011-11-17 11:09:00,23,10,1680.72,94,1255,4,5,4,4-5-4,4.33,Champions
13647,United Kingdom,2011-04-19 09:49:00,2011-11-30 12:00:00,10,4,1678.12,79,895,5,4,4,5-4-4,4.33,Champions
13149,United Kingdom,2011-02-23 13:57:00,2011-11-25 13:09:00,15,4,1676.06,86,1280,4,4,4,4-4-4,4.0,Champions
17656,United Kingdom,2011-08-03 10:45:00,2011-09-27 13:04:00,74,5,1674.69,82,1399,2,4,4,2-4-4,3.33,At-Risk
16115,United Kingdom,2011-02-20 12:14:00,2011-11-30 11:32:00,10,8,1667.97,284,1001,5,5,4,5-5-4,4.67,Champions
12912,United Kingdom,2011-10-30 11:35:00,2011-12-07 08:55:00,3,5,1662.3,24,670,5,4,4,5-4-4,4.33,Champions
12530,Germany,2011-01-07 10:04:00,2011-10-11 12:34:00,60,4,1662.28,66,913,3,4,4,3-4-4,3.67,Loyal Customers
13012,United Kingdom,2011-02-18 09:43:00,2011-11-30 13:05:00,10,8,1661.84,89,824,5,5,4,5-5-4,4.67,Champions
15214,United Kingdom,2011-04-11 09:46:00,2011-12-08 12:07:00,2,8,1661.44,110,1254,5,5,4,5-5-4,4.67,Champions
15024,United Kingdom,2010-12-07 13:20:00,2011-11-30 12:06:00,10,10,1661.33,155,920,5,5,4,5-5-4,4.67,Champions
15332,Lithuania,2010-12-05 12:00:00,2010-12-08 14:43:00,367,4,1661.06,35,652,1,4,4,1-4-4,3.0,At-Risk
12967,United Kingdom,2010-12-03 09:49:00,2010-12-16 19:10:00,359,2,1660.9,19,438,1,3,4,1-3-4,2.67,At-Risk
14045,United Kingdom,2010-12-01 11:32:00,2011-08-22 15:27:00,110,4,1659.75,6,535,2,4,4,2-4-4,3.33,At-Risk
15953,United Kingdom,2010-12-05 15:15:00,2011-11-24 15:32:00,16,8,1659.38,98,892,4,5,4,4-5-4,4.33,Champions
15826,United Kingdom,2011-05-13 10:44:00,2011-10-14 16:05:00,57,3,1654.31,68,963,3,4,4,3-4-4,3.67,Loyal Customers
14573,United Kingdom,2010-12-02 19:59:00,2011-06-13 11:15:00,180,9,1653.42,235,544,2,5,4,2-5-4,3.67,At-Risk
17284,United Kingdom,2011-01-07 14:31:00,2011-10-10 14:38:00,61,6,1652.58,292,1364,3,5,4,3-5-4,4.0,Loyal Customers
16711,United Kingdom,2010-12-17 12:43:00,2011-12-06 16:32:00,4,5,1651.03,22,833,5,4,4,5-4-4,4.33,Champions
14837,United Kingdom,2011-05-22 12:49:00,2011-09-11 10:58:00,90,4,1649.5,108,1436,2,4,4,2-4-4,3.33,At-Risk
13750,United Kingdom,2011-01-07 11:49:00,2011-10-17 12:16:00,54,5,1647.26,24,516,3,4,4,3-4-4,3.67,Loyal Customers
12657,France,2011-09-22 11:40:00,2011-11-28 15:47:00,12,4,1643.18,47,1044,5,4,4,5-4-4,4.33,Champions
15002,United Kingdom,2010-12-07 13:16:00,2011-08-16 10:44:00,116,4,1641.76,115,862,2,4,4,2-4-4,3.33,At-Risk
13627,United Kingdom,2010-12-17 09:52:00,2011-10-11 14:20:00,60,5,1638.47,92,1269,3,4,4,3-4-4,3.67,Loyal Customers
12398,Switzerland,2011-10-25 10:27:00,2011-10-25 10:27:00,46,1,1635.66,85,1394,3,2,4,3-2-4,3.0,Need Attention
15122,United Kingdom,2011-02-15 09:59:00,2011-08-17 16:48:00,115,3,1633.78,82,800,2,4,4,2-4-4,3.33,At-Risk
14164,United Kingdom,2011-09-20 12:18:00,2011-09-30 12:24:00,71,2,1631.77,29,1033,3,3,4,3-3-4,3.33,Loyal Customers
17673,United Kingdom,2011-01-23 15:16:00,2011-12-08 12:50:00,2,6,1629.12,227,1487,5,5,4,5-5-4,4.67,Champions
12377,Switzerland,2010-12-20 09:37:00,2011-01-28 15:45:00,316,2,1628.12,77,944,1,3,4,1-3-4,2.67,At-Risk
16515,United Kingdom,2011-02-01 13:09:00,2011-10-18 13:10:00,53,5,1627.13,113,833,3,4,4,3-4-4,3.67,Loyal Customers
14759,United Kingdom,2011-04-21 10:55:00,2011-12-05 12:03:00,5,3,1625.97,102,569,5,4,4,5-4-4,4.33,Champions
16987,United Kingdom,2011-05-18 15:55:00,2011-12-06 17:26:00,4,7,1625.05,129,402,5,5,4,5-5-4,4.67,Champions
13425,United Kingdom,2011-02-18 08:34:00,2011-08-23 17:13:00,109,3,1624.21,78,1123,2,4,4,2-4-4,3.33,At-Risk
15172,United Kingdom,2011-04-17 11:56:00,2011-12-01 11:51:00,9,5,1624.05,110,1611,5,4,4,5-4-4,4.33,Champions
14937,Channel Islands,2011-08-01 14:16:00,2011-10-14 12:29:00,57,3,1621.88,34,484,3,4,4,3-4-4,3.67,Loyal Customers
17101,United Kingdom,2011-06-14 14:49:00,2011-11-29 13:57:00,11,4,1621.73,42,815,5,4,4,5-4-4,4.33,Champions
14178,United Kingdom,2011-06-10 12:51:00,2011-12-01 12:01:00,9,7,1620.93,327,1505,5,5,4,5-5-4,4.67,Champions
16801,United Kingdom,2011-03-11 13:56:00,2011-06-29 15:33:00,164,4,1619.73,76,499,2,4,4,2-4-4,3.33,At-Risk
18161,United Kingdom,2011-01-24 11:56:00,2011-11-24 16:40:00,16,5,1618.69,80,812,4,4,4,4-4-4,4.0,Champions
14336,United Kingdom,2011-03-08 16:48:00,2011-11-23 11:40:00,17,4,1614.91,90,1759,4,4,4,4-4-4,4.0,Champions
16992,United Kingdom,2011-02-28 10:37:00,2011-11-29 11:50:00,11,5,1614.31,93,860,5,4,4,5-4-4,4.33,Champions
15791,United Kingdom,2011-05-19 15:15:00,2011-10-27 10:14:00,44,2,1612.69,75,731,3,3,4,3-3-4,3.33,Loyal Customers
14312,United Kingdom,2011-01-06 16:35:00,2011-10-24 09:46:00,47,6,1611.59,87,1012,3,5,4,3-5-4,4.0,Loyal Customers
13614,United Kingdom,2011-01-13 12:37:00,2011-11-15 14:47:00,25,4,1610.46,201,570,4,4,4,4-4-4,4.0,Champions
14918,United Kingdom,2011-07-08 12:50:00,2011-08-16 11:50:00,116,2,1610.15,45,675,2,3,4,2-3-4,3.0,At-Risk
12868,United Kingdom,2010-12-01 12:50:00,2011-06-07 10:42:00,186,6,1607.06,107,928,1,5,4,1-5-4,3.33,At-Risk
16817,United Kingdom,2010-12-06 14:19:00,2011-12-07 11:03:00,3,9,1604.75,86,822,5,5,4,5-5-4,4.67,Champions
12947,United Kingdom,2010-12-01 16:21:00,2011-07-19 10:06:00,144,6,1603.99,97,1165,2,5,4,2-5-4,3.67,At-Risk
16466,United Kingdom,2011-02-20 11:39:00,2011-11-06 11:35:00,34,7,1603.46,148,789,3,5,4,3-5-4,4.0,Loyal Customers
14719,United Kingdom,2011-04-04 14:17:00,2011-12-08 12:43:00,2,5,1602.13,237,1032,5,4,4,5-4-4,4.33,Champions
14587,United Kingdom,2011-01-12 13:16:00,2011-11-21 11:34:00,19,9,1601.14,383,761,4,5,4,4-5-4,4.33,Champions
15660,United Kingdom,2010-12-09 09:49:00,2011-11-14 16:58:00,26,9,1600.86,90,1050,4,5,4,4-5-4,4.33,Champions
16496,United Kingdom,2011-01-27 09:42:00,2011-12-01 10:31:00,9,3,1599.52,95,1111,5,4,4,5-4-4,4.33,Champions
13850,United Kingdom,2011-08-02 14:04:00,2011-08-02 14:04:00,130,1,1595.48,93,944,2,2,4,2-2-4,2.67,At-Risk
17837,United Kingdom,2011-06-29 16:44:00,2011-10-28 16:13:00,43,8,1593.38,169,518,3,5,4,3-5-4,4.0,Loyal Customers
16332,United Kingdom,2011-02-07 14:16:00,2011-11-11 14:22:00,29,7,1593.2,153,801,4,5,4,4-5-4,4.33,Champions
16676,United Kingdom,2011-01-06 13:00:00,2011-11-06 12:01:00,34,4,1592.12,89,636,3,4,4,3-4-4,3.67,Loyal Customers
14970,United Kingdom,2011-01-27 12:23:00,2011-10-02 13:44:00,69,4,1592.06,34,250,3,4,4,3-4-4,3.67,Loyal Customers
15611,United Kingdom,2011-01-09 11:32:00,2011-11-30 12:36:00,10,13,1591.45,43,504,5,5,4,5-5-4,4.67,Champions
18178,United Kingdom,2010-12-10 12:42:00,2011-08-03 09:30:00,129,4,1590.81,97,983,2,4,4,2-4-4,3.33,At-Risk
14442,Channel Islands,2011-01-27 09:33:00,2011-05-19 11:36:00,205,2,1589.82,63,482,1,3,4,1-3-4,2.67,At-Risk
12393,Australia,2011-01-11 09:47:00,2011-09-28 15:41:00,73,4,1582.6,64,816,2,4,4,2-4-4,3.33,At-Risk
15532,United Kingdom,2010-12-16 16:45:00,2011-11-14 14:51:00,26,4,1580.93,256,521,4,4,4,4-4-4,4.0,Champions
12607,USA,2011-10-10 16:06:00,2011-10-10 16:06:00,61,1,1579.51,101,1228,3,2,4,3-2-4,3.0,Need Attention
13814,Germany,2011-07-25 13:54:00,2011-09-08 13:48:00,93,2,1579.12,57,864,2,3,4,2-3-4,3.0,At-Risk
16889,United Kingdom,2011-01-07 10:47:00,2011-05-29 11:05:00,195,3,1578.67,135,925,1,4,4,1-4-4,3.0,At-Risk
13186,United Kingdom,2011-08-03 09:09:00,2011-10-31 11:40:00,40,3,1575.89,79,820,3,4,4,3-4-4,3.67,Loyal Customers
13634,United Kingdom,2011-01-16 15:30:00,2011-11-06 13:40:00,34,5,1575.16,188,704,3,4,4,3-4-4,3.67,Loyal Customers
13659,United Kingdom,2011-01-23 12:08:00,2011-05-18 12:37:00,206,2,1573.2,104,894,1,3,4,1-3-4,2.67,At-Risk
17671,United Kingdom,2010-12-09 14:27:00,2011-11-24 12:21:00,16,4,1572.71,53,772,4,4,4,4-4-4,4.0,Champions
16283,United Kingdom,2011-05-15 13:37:00,2011-12-04 12:08:00,6,5,1570.81,166,1236,5,4,4,5-4-4,4.33,Champions
12865,Austria,2011-08-08 10:11:00,2011-11-13 14:31:00,27,2,1568.23,95,925,4,3,4,4-3-4,3.67,Loyal Customers
15906,United Kingdom,2011-03-29 13:28:00,2011-11-20 12:24:00,20,7,1567.69,150,544,4,5,4,4-5-4,4.33,Champions
15111,United Kingdom,2010-12-02 11:45:00,2011-11-10 16:58:00,30,3,1567.48,84,710,4,4,4,4-4-4,4.0,Champions
17085,United Kingdom,2010-12-12 12:24:00,2011-08-08 14:15:00,124,5,1566.65,187,786,2,4,4,2-4-4,3.33,At-Risk
17204,United Kingdom,2011-03-21 12:42:00,2011-06-17 14:46:00,176,4,1564.56,57,646,2,4,4,2-4-4,3.33,At-Risk
18239,United Kingdom,2010-12-02 17:48:00,2011-05-05 12:38:00,219,5,1561.61,88,795,1,4,4,1-4-4,3.0,At-Risk
14038,United Kingdom,2011-05-16 14:05:00,2011-09-22 13:37:00,79,3,1560.38,92,965,2,4,4,2-4-4,3.33,At-Risk
16394,United Kingdom,2011-02-23 10:58:00,2011-10-14 09:48:00,57,5,1555.34,83,2604,3,4,4,3-4-4,3.67,Loyal Customers
13313,United Kingdom,2011-01-04 10:00:00,2011-11-17 16:48:00,23,5,1555.32,78,851,4,4,4,4-4-4,4.0,Champions
16369,United Kingdom,2011-05-27 09:39:00,2011-11-21 16:25:00,19,3,1553.66,118,1035,4,4,4,4-4-4,4.0,Champions
15620,United Kingdom,2010-12-16 14:34:00,2011-10-14 12:41:00,57,3,1553.18,100,915,3,4,4,3-4-4,3.67,Loyal Customers
15117,United Kingdom,2011-05-08 12:38:00,2011-11-25 08:12:00,15,5,1551.78,79,1948,4,4,4,4-4-4,4.0,Champions
13320,United Kingdom,2011-05-10 10:29:00,2011-09-22 18:07:00,79,4,1548.7,106,1096,2,4,4,2-4-4,3.33,At-Risk
14229,United Kingdom,2011-01-10 12:03:00,2011-10-19 10:04:00,52,3,1547.2,40,610,3,4,4,3-4-4,3.67,Loyal Customers
14704,United Kingdom,2011-06-12 13:59:00,2011-11-28 12:51:00,12,9,1546.91,415,1082,5,5,4,5-5-4,4.67,Champions
16790,United Kingdom,2011-11-02 11:23:00,2011-12-06 11:53:00,4,6,1545.62,93,898,5,5,4,5-5-4,4.67,Champions
13397,United Kingdom,2011-01-04 13:50:00,2011-09-28 10:56:00,73,5,1544.13,38,430,2,4,4,2-4-4,3.33,At-Risk
15701,United Kingdom,2011-08-21 12:36:00,2011-12-07 14:39:00,3,4,1542.14,237,923,5,4,4,5-4-4,4.33,Champions
12818,Austria,2011-03-23 12:06:00,2011-03-23 12:06:00,262,1,1542.08,14,929,1,2,4,1-2-4,2.33,At-Risk
16365,United Kingdom,2010-12-07 17:19:00,2011-11-22 11:24:00,18,9,1540.42,51,504,4,5,4,4-5-4,4.33,Champions
17159,United Kingdom,2011-06-21 09:49:00,2011-11-18 10:52:00,22,3,1538.88,101,1111,4,4,4,4-4-4,4.0,Champions
13849,United Kingdom,2011-06-22 10:11:00,2011-10-19 10:59:00,52,2,1537.95,101,1016,3,3,4,3-3-4,3.33,Loyal Customers
12877,United Kingdom,2010-12-16 12:23:00,2011-12-06 10:30:00,4,12,1535.77,154,1178,5,5,4,5-5-4,4.67,Champions
15392,United Kingdom,2010-12-14 15:50:00,2011-12-05 11:01:00,5,4,1535.53,84,1277,5,4,4,5-4-4,4.33,Champions
15625,United Kingdom,2011-04-18 14:01:00,2011-08-28 10:21:00,104,4,1534.26,64,1188,2,4,4,2-4-4,3.33,At-Risk
13107,United Kingdom,2011-01-10 12:28:00,2011-10-26 14:52:00,45,4,1531.62,58,1293,3,4,4,3-4-4,3.67,Loyal Customers
12759,Netherlands,2011-03-09 08:09:00,2011-10-18 14:49:00,53,3,1531.44,95,902,3,4,4,3-4-4,3.67,Loyal Customers
14321,United Kingdom,2011-01-10 11:35:00,2011-11-29 09:47:00,11,5,1530.75,123,2406,5,4,4,5-4-4,4.33,Champions
14567,United Kingdom,2011-08-01 13:48:00,2011-10-14 10:21:00,57,2,1530.36,33,412,3,3,4,3-3-4,3.33,Loyal Customers
15916,United Kingdom,2010-12-08 13:07:00,2011-11-23 13:46:00,17,8,1528.09,155,757,4,5,4,4-5-4,4.33,Champions
16244,United Kingdom,2010-12-02 11:41:00,2011-05-12 10:18:00,212,2,1522.75,91,855,1,3,4,1-3-4,2.67,At-Risk
16434,United Kingdom,2011-02-13 12:17:00,2011-11-10 14:28:00,30,7,1522.25,109,767,4,5,4,4-5-4,4.33,Champions
16066,United Kingdom,2011-08-07 14:33:00,2011-11-23 11:54:00,17,5,1521.87,102,936,4,4,4,4-4-4,4.0,Champions
13764,United Kingdom,2011-01-06 14:53:00,2011-09-30 12:03:00,71,3,1521.76,208,932,3,4,4,3-4-4,3.67,Loyal Customers
13213,United Kingdom,2011-05-24 12:22:00,2011-10-14 11:42:00,57,5,1520.58,90,1360,3,4,4,3-4-4,3.67,Loyal Customers
16880,United Kingdom,2011-06-03 16:45:00,2011-11-09 11:33:00,31,7,1519.08,178,753,4,5,4,4-5-4,4.33,Champions
14267,United Kingdom,2011-03-24 11:38:00,2011-06-30 10:09:00,163,3,1516.24,55,530,2,4,4,2-4-4,3.33,At-Risk
13791,United Kingdom,2011-06-24 16:38:00,2011-08-04 11:44:00,128,2,1516.0,11,1200,2,3,4,2-3-4,3.0,At-Risk
16748,United Kingdom,2011-01-09 13:50:00,2011-11-22 10:17:00,18,5,1515.9,69,880,4,4,4,4-4-4,4.0,Champions
16053,United Kingdom,2011-08-09 14:57:00,2011-11-07 11:21:00,33,2,1511.95,84,1793,3,3,4,3-3-4,3.33,Loyal Customers
16910,United Kingdom,2011-09-09 14:14:00,2011-12-05 12:51:00,5,8,1510.06,547,886,5,5,4,5-5-4,4.67,Champions
16279,United Kingdom,2011-06-16 11:50:00,2011-11-18 15:00:00,22,3,1509.58,107,1054,4,4,4,4-4-4,4.0,Champions
16016,United Kingdom,2010-12-08 12:36:00,2011-12-06 14:35:00,4,8,1508.76,235,620,5,5,4,5-5-4,4.67,Champions
15265,United Kingdom,2011-04-18 12:16:00,2011-07-11 14:46:00,152,2,1506.12,82,612,2,3,4,2-3-4,3.0,At-Risk
12937,United Kingdom,2011-03-17 14:19:00,2011-11-24 15:05:00,16,4,1504.27,120,1007,4,4,4,4-4-4,4.0,Champions
15530,United Kingdom,2011-04-07 11:16:00,2011-11-18 12:25:00,22,4,1502.35,108,950,4,4,4,4-4-4,4.0,Champions
16762,United Kingdom,2011-07-18 12:52:00,2011-11-20 11:43:00,20,3,1501.38,89,618,4,4,4,4-4-4,4.0,Champions
13810,Germany,2011-10-14 12:57:00,2011-11-11 08:33:00,29,3,1499.01,35,312,4,4,4,4-4-4,4.0,Champions
17571,United Kingdom,2011-02-14 15:15:00,2011-10-20 15:57:00,51,4,1498.51,299,905,3,4,4,3-4-4,3.67,Loyal Customers
14414,United Kingdom,2010-12-16 11:11:00,2011-09-09 12:09:00,92,7,1496.98,97,2512,2,5,4,2-5-4,3.67,At-Risk
16755,United Kingdom,2011-01-28 10:47:00,2011-08-17 13:21:00,115,3,1496.83,170,1064,2,4,4,2-4-4,3.33,At-Risk
17002,United Kingdom,2011-02-22 11:46:00,2011-09-15 12:40:00,86,3,1493.73,49,679,2,4,4,2-4-4,3.33,At-Risk
15057,United Kingdom,2011-01-28 09:09:00,2011-03-09 15:17:00,276,2,1489.5,25,668,1,3,4,1-3-4,2.67,At-Risk
13110,United Kingdom,2011-02-01 15:24:00,2011-11-08 14:30:00,32,7,1488.67,145,388,4,5,4,4-5-4,4.33,Champions
13692,United Kingdom,2011-04-17 12:57:00,2011-11-15 11:17:00,25,3,1488.32,53,1226,4,4,4,4-4-4,4.0,Champions
14963,United Kingdom,2011-06-09 12:30:00,2011-11-30 12:16:00,10,5,1487.8,198,1176,5,4,4,5-4-4,4.33,Champions
17553,United Kingdom,2011-08-02 10:00:00,2011-08-02 10:00:00,130,1,1487.6,2,1048,2,2,4,2-2-4,2.67,At-Risk
16395,United Kingdom,2011-01-13 12:10:00,2011-10-10 12:50:00,61,5,1486.9,210,1476,3,4,4,3-4-4,3.67,Loyal Customers
14878,United Kingdom,2010-12-16 12:11:00,2011-11-27 11:15:00,13,9,1485.54,124,802,5,5,4,5-5-4,4.67,Champions
14758,United Kingdom,2011-03-25 12:10:00,2011-07-18 08:21:00,145,4,1484.06,71,419,2,4,4,2-4-4,3.33,At-Risk
18016,United Kingdom,2010-12-10 17:14:00,2011-11-07 13:25:00,33,5,1483.56,123,1029,4,4,4,4-4-4,4.0,Champions
15427,United Kingdom,2011-10-23 14:47:00,2011-11-06 14:29:00,34,3,1483.14,306,1013,3,4,4,3-4-4,3.67,Loyal Customers
17590,United Kingdom,2011-10-30 14:05:00,2011-12-07 12:55:00,3,3,1479.22,201,828,5,4,4,5-4-4,4.33,Champions
14403,United Kingdom,2011-04-06 14:23:00,2011-08-01 12:57:00,131,4,1475.81,20,519,2,4,4,2-4-4,3.33,At-Risk
15983,United Kingdom,2010-12-01 12:15:00,2011-11-17 17:34:00,23,4,1475.02,113,892,4,4,4,4-4-4,4.0,Champions
12826,United Kingdom,2010-12-09 15:21:00,2011-12-07 10:25:00,3,7,1474.72,91,1058,5,5,4,5-5-4,4.67,Champions
14404,United Kingdom,2010-12-05 16:00:00,2011-11-06 12:30:00,34,6,1474.32,103,839,3,5,4,3-5-4,4.0,Loyal Customers
14246,United Kingdom,2011-04-08 08:25:00,2011-08-21 11:50:00,111,3,1474.06,75,804,2,4,4,2-4-4,3.33,At-Risk
15128,United Kingdom,2011-05-04 12:32:00,2011-10-10 13:54:00,61,4,1471.0,102,1343,3,4,4,3-4-4,3.67,Loyal Customers
16348,United Kingdom,2011-04-13 15:49:00,2011-11-07 15:44:00,33,7,1469.45,235,819,4,5,4,4-5-4,4.33,Champions
14875,United Kingdom,2011-03-22 11:53:00,2011-08-24 12:20:00,108,2,1465.32,47,558,2,3,4,2-3-4,3.0,At-Risk
12882,United Kingdom,2011-11-06 11:22:00,2011-11-30 16:18:00,10,2,1463.04,13,246,5,3,4,5-3-4,4.0,Loyal Customers
14233,United Kingdom,2011-01-26 12:43:00,2011-10-21 15:54:00,50,4,1462.72,35,680,3,4,4,3-4-4,3.67,Loyal Customers
14541,United Kingdom,2011-01-24 14:16:00,2011-10-12 10:08:00,59,8,1461.65,111,647,3,5,4,3-5-4,4.0,Loyal Customers
17063,United Kingdom,2011-02-23 13:44:00,2011-11-18 16:19:00,22,7,1461.14,78,770,4,5,4,4-5-4,4.33,Champions
16059,United Kingdom,2010-12-07 10:36:00,2011-10-05 09:56:00,66,6,1459.86,180,643,3,5,4,3-5-4,4.0,Loyal Customers
16996,United Kingdom,2010-12-21 13:22:00,2011-11-09 16:43:00,31,6,1456.96,37,544,4,5,4,4-5-4,4.33,Champions
13309,United Kingdom,2011-02-04 12:29:00,2011-12-02 16:34:00,8,5,1456.79,107,1544,5,4,4,5-4-4,4.33,Champions
13477,United Kingdom,2011-02-21 12:29:00,2011-11-02 12:04:00,38,6,1454.58,79,1021,3,5,4,3-5-4,4.0,Loyal Customers
15987,United Kingdom,2010-12-06 08:34:00,2011-11-27 15:38:00,13,7,1451.28,140,1556,5,5,4,5-5-4,4.67,Champions
14740,United Kingdom,2011-03-01 08:35:00,2011-05-26 18:17:00,198,3,1448.21,89,735,1,4,4,1-4-4,3.0,At-Risk
15426,United Kingdom,2010-12-05 13:55:00,2011-11-20 15:36:00,20,5,1447.39,292,674,4,4,4,4-4-4,4.0,Champions
14591,United Kingdom,2011-05-10 14:09:00,2011-11-24 13:57:00,16,4,1447.14,197,1297,4,4,4,4-4-4,4.0,Champions
17073,United Kingdom,2011-08-22 14:37:00,2011-11-22 11:47:00,18,4,1446.09,174,759,4,4,4,4-4-4,4.0,Champions
13717,United Kingdom,2011-02-14 13:21:00,2011-11-07 14:13:00,33,6,1445.01,102,1959,4,5,4,4-5-4,4.33,Champions
13461,United Kingdom,2011-06-29 10:23:00,2011-11-01 09:01:00,39,3,1445.0,27,1170,3,4,4,3-4-4,3.67,Loyal Customers
17175,United Kingdom,2011-02-16 14:56:00,2011-10-26 15:31:00,45,4,1443.69,63,866,3,4,4,3-4-4,3.67,Loyal Customers
15478,United Kingdom,2011-10-14 11:09:00,2011-10-30 14:19:00,41,2,1441.42,46,585,3,3,4,3-3-4,3.33,Loyal Customers
15858,United Kingdom,2010-12-07 14:31:00,2011-11-24 12:48:00,16,5,1438.85,191,1167,4,4,4,4-4-4,4.0,Champions
14071,United Kingdom,2011-03-20 11:33:00,2011-12-06 12:27:00,4,8,1438.82,324,995,5,5,4,5-5-4,4.67,Champions
13159,United Kingdom,2011-08-16 11:44:00,2011-12-01 11:20:00,9,4,1437.85,121,1059,5,4,4,5-4-4,4.33,Champions
14566,Channel Islands,2011-08-21 11:05:00,2011-08-21 11:05:00,111,1,1432.0,4,800,2,2,4,2-2-4,2.67,At-Risk
16503,United Kingdom,2010-12-14 13:50:00,2011-08-25 11:46:00,107,4,1431.93,84,569,2,4,4,2-4-4,3.33,At-Risk
13475,United Kingdom,2011-02-14 12:36:00,2011-06-01 13:52:00,192,4,1431.78,86,1012,1,4,4,1-4-4,3.0,At-Risk
16103,United Kingdom,2011-04-20 12:28:00,2011-12-02 14:16:00,8,6,1429.64,48,558,5,5,4,5-5-4,4.67,Champions
16271,United Kingdom,2010-12-16 16:36:00,2011-12-07 12:45:00,3,5,1429.24,133,1038,5,4,4,5-4-4,4.33,Champions
14035,United Kingdom,2011-02-15 12:48:00,2011-11-11 10:03:00,29,5,1428.02,66,739,4,4,4,4-4-4,4.0,Champions
15681,United Kingdom,2011-03-04 13:46:00,2011-11-14 16:30:00,26,5,1426.16,53,816,4,4,4,4-4-4,4.0,Champions
15106,United Kingdom,2011-03-15 12:52:00,2011-11-22 09:16:00,18,5,1422.52,100,1181,4,4,4,4-4-4,4.0,Champions
16463,United Kingdom,2011-05-19 14:45:00,2011-11-18 14:01:00,22,4,1422.4,82,1163,4,4,4,4-4-4,4.0,Champions
16571,United Kingdom,2011-03-03 09:41:00,2011-11-13 11:46:00,27,3,1421.69,87,1239,4,4,4,4-4-4,4.0,Champions
14019,United Kingdom,2011-07-24 15:39:00,2011-10-24 10:13:00,47,3,1421.61,66,1037,3,4,4,3-4-4,3.67,Loyal Customers
14901,United Kingdom,2010-12-02 11:20:00,2011-11-28 17:09:00,12,9,1421.29,96,661,5,5,4,5-5-4,4.67,Champions
14443,United Kingdom,2010-12-06 11:03:00,2011-10-17 10:10:00,54,4,1420.2,93,938,3,4,4,3-4-4,3.67,Loyal Customers
17288,United Kingdom,2010-12-16 13:33:00,2011-11-30 16:09:00,10,7,1419.73,142,1203,5,5,4,5-5-4,4.67,Champions
16173,United Kingdom,2011-09-02 15:23:00,2011-11-24 10:53:00,16,6,1418.32,84,575,4,5,4,4-5-4,4.33,Champions
15444,United Kingdom,2011-10-30 16:12:00,2011-11-30 17:37:00,10,2,1418.26,219,764,5,3,4,5-3-4,4.0,Loyal Customers
18116,United Kingdom,2010-12-10 12:14:00,2011-10-03 11:00:00,68,8,1418.03,378,848,3,5,4,3-5-4,4.0,Loyal Customers
17856,United Kingdom,2011-03-03 11:40:00,2011-12-08 09:40:00,2,4,1418.03,15,842,5,4,4,5-4-4,4.33,Champions
14649,United Kingdom,2011-05-11 14:37:00,2011-12-05 12:30:00,5,4,1417.29,199,1018,5,4,4,5-4-4,4.33,Champions
14748,United Kingdom,2010-12-06 10:19:00,2011-11-10 18:33:00,30,5,1415.75,89,1223,4,4,4,4-4-4,4.0,Champions
16012,United Kingdom,2011-07-07 18:02:00,2011-11-04 13:25:00,36,3,1415.29,94,799,3,4,4,3-4-4,3.67,Loyal Customers
16245,United Kingdom,2011-03-28 09:30:00,2011-11-16 10:14:00,24,3,1413.66,90,1014,4,4,4,4-4-4,4.0,Champions
17004,United Kingdom,2011-09-08 12:16:00,2011-10-24 14:25:00,47,2,1412.94,44,819,3,3,4,3-3-4,3.33,Loyal Customers
15237,United Kingdom,2011-04-26 15:04:00,2011-12-08 09:46:00,2,4,1412.32,99,1071,5,4,4,5-4-4,4.33,Champions
15596,United Kingdom,2010-12-09 16:10:00,2011-08-31 10:55:00,101,5,1406.59,77,561,2,4,4,2-4-4,3.33,At-Risk
17083,United Kingdom,2011-02-09 11:38:00,2011-08-22 15:43:00,110,3,1405.78,52,772,2,4,4,2-4-4,3.33,At-Risk
15563,United Kingdom,2010-12-16 11:27:00,2011-11-17 14:50:00,23,4,1400.44,113,1501,4,4,4,4-4-4,4.0,Champions
14741,United Kingdom,2010-12-02 08:43:00,2011-11-28 08:48:00,12,6,1400.34,59,841,5,5,4,5-5-4,4.67,Champions
18202,United Kingdom,2011-02-01 13:36:00,2011-05-24 12:12:00,200,3,1396.99,68,581,1,4,4,1-4-4,3.0,At-Risk
13995,United Kingdom,2011-04-08 08:20:00,2011-11-24 14:22:00,16,5,1393.69,86,879,4,4,4,4-4-4,4.0,Champions
17354,United Kingdom,2011-10-20 10:34:00,2011-10-20 10:34:00,51,1,1393.06,16,1006,3,2,4,3-2-4,3.0,Need Attention
15810,United Kingdom,2011-02-16 09:11:00,2011-09-22 09:38:00,79,4,1391.98,89,861,2,4,4,2-4-4,3.33,At-Risk
15051,United Kingdom,2011-07-12 15:29:00,2011-11-16 15:38:00,24,3,1391.61,143,1011,4,4,4,4-4-4,4.0,Champions
13414,United Kingdom,2011-02-16 12:13:00,2011-07-29 11:45:00,134,3,1390.5,24,1574,2,4,4,2-4-4,3.33,At-Risk
13516,United Kingdom,2011-04-15 11:06:00,2011-11-18 13:15:00,22,3,1389.41,44,985,4,4,4,4-4-4,4.0,Champions
15898,United Kingdom,2010-12-06 11:01:00,2011-12-08 15:23:00,2,5,1388.88,86,570,5,4,4,5-4-4,4.33,Champions
16539,United Kingdom,2010-12-01 15:40:00,2011-12-07 08:41:00,3,4,1388.81,45,477,5,4,4,5-4-4,4.33,Champions
15453,United Kingdom,2011-06-05 12:37:00,2011-12-08 10:59:00,2,7,1388.37,286,845,5,5,4,5-5-4,4.67,Champions
15134,United Kingdom,2011-04-13 11:05:00,2011-11-25 08:55:00,15,8,1387.99,73,887,4,5,4,4-5-4,4.33,Champions
12952,United Kingdom,2011-09-22 16:37:00,2011-12-04 10:35:00,6,4,1387.79,79,653,5,4,4,5-4-4,4.33,Champions
17676,United Kingdom,2010-12-08 13:49:00,2011-12-05 15:16:00,5,6,1387.68,78,932,5,5,4,5-5-4,4.67,Champions
12775,Netherlands,2011-02-01 13:45:00,2011-11-22 16:33:00,18,5,1386.04,66,877,4,4,4,4-4-4,4.0,Champions
13308,United Kingdom,2011-05-20 13:13:00,2011-11-17 09:31:00,23,3,1385.51,54,843,4,4,4,4-4-4,4.0,Champions
18167,United Kingdom,2011-08-26 11:40:00,2011-11-16 15:56:00,24,3,1384.86,37,382,4,4,4,4-4-4,4.0,Champions
17311,United Kingdom,2011-01-27 10:56:00,2011-09-22 14:11:00,79,2,1384.85,55,1005,2,3,4,2-3-4,3.0,At-Risk
13572,United Kingdom,2011-05-18 11:59:00,2011-05-18 11:59:00,206,1,1384.25,33,534,1,2,4,1-2-4,2.33,At-Risk
14507,United Kingdom,2011-03-08 17:23:00,2011-11-16 12:21:00,24,6,1383.18,96,600,4,5,4,4-5-4,4.33,Champions
14116,United Kingdom,2011-08-10 12:44:00,2011-11-20 10:29:00,20,5,1382.74,72,707,4,4,4,4-4-4,4.0,Champions
16389,United Kingdom,2011-03-01 15:47:00,2011-10-17 14:41:00,54,4,1382.07,34,1242,3,4,4,3-4-4,3.67,Loyal Customers
16726,United Kingdom,2010-12-13 13:28:00,2011-11-13 14:53:00,27,5,1382.02,185,977,4,4,4,4-4-4,4.0,Champions
17621,United Kingdom,2010-12-20 13:31:00,2011-11-18 17:11:00,22,3,1379.9,26,514,4,4,4,4-4-4,4.0,Champions
12886,United Kingdom,2011-05-04 11:21:00,2011-10-03 10:09:00,68,2,1378.4,82,770,3,3,4,3-3-4,3.33,Loyal Customers
15569,United Kingdom,2011-01-11 13:26:00,2011-08-28 10:15:00,104,5,1375.71,31,666,2,4,4,2-4-4,3.33,At-Risk
16669,United Kingdom,2011-09-22 14:13:00,2011-11-16 12:26:00,24,3,1374.87,160,888,4,4,4,4-4-4,4.0,Champions
14434,United Kingdom,2011-09-28 15:31:00,2011-11-18 08:56:00,22,6,1372.8,12,368,4,5,4,4-5-4,4.33,Champions
15095,United Kingdom,2011-05-20 14:27:00,2011-08-28 12:01:00,104,4,1370.6,47,1079,2,4,4,2-4-4,3.33,At-Risk
13813,Germany,2011-07-28 10:33:00,2011-10-31 10:38:00,40,4,1366.86,69,552,3,4,4,3-4-4,3.67,Loyal Customers
14897,United Kingdom,2011-02-16 08:37:00,2011-12-02 10:32:00,8,4,1366.38,55,468,5,4,4,5-4-4,4.33,Champions
13396,United Kingdom,2011-01-24 13:37:00,2011-11-10 16:59:00,30,2,1360.99,43,600,4,3,4,4-3-4,3.67,Loyal Customers
14102,United Kingdom,2011-10-26 12:46:00,2011-12-04 15:38:00,6,5,1360.28,79,961,5,4,4,5-4-4,4.33,Champions
15411,United Kingdom,2011-06-10 12:30:00,2011-11-13 15:19:00,27,4,1358.88,99,530,4,4,4,4-4-4,4.0,Champions
13232,United Kingdom,2011-04-10 13:48:00,2011-11-27 10:39:00,13,7,1357.6,207,778,5,5,4,5-5-4,4.67,Champions
17054,United Kingdom,2011-04-08 13:14:00,2011-11-11 12:56:00,29,5,1356.33,83,804,4,4,4,4-4-4,4.0,Champions
14064,United Kingdom,2011-03-10 12:59:00,2011-11-10 13:14:00,30,5,1353.74,80,1788,4,4,4,4-4-4,4.0,Champions
14859,United Kingdom,2011-05-19 14:42:00,2011-11-27 11:18:00,13,4,1353.74,58,671,5,4,4,5-4-4,4.33,Champions
15116,United Kingdom,2011-05-19 08:50:00,2011-11-22 12:25:00,18,4,1352.75,45,648,4,4,4,4-4-4,4.0,Champions
16079,United Kingdom,2011-10-30 13:06:00,2011-11-23 12:48:00,17,3,1352.0,21,864,4,4,4,4-4-4,4.0,Champions
16493,United Kingdom,2011-01-14 08:16:00,2011-09-21 11:10:00,80,4,1351.63,56,1164,2,4,4,2-4-4,3.33,At-Risk
12770,Japan,2011-05-13 09:33:00,2011-05-13 09:33:00,211,1,1351.45,12,743,1,2,4,1-2-4,2.33,At-Risk
12646,USA,2011-10-21 12:52:00,2011-12-05 10:14:00,5,2,1346.97,45,897,5,3,4,5-3-4,4.0,Loyal Customers
14154,United Kingdom,2011-04-14 15:58:00,2011-04-14 16:26:00,240,2,1345.62,52,465,1,3,4,1-3-4,2.67,At-Risk
15398,United Kingdom,2011-09-22 14:56:00,2011-11-23 16:47:00,17,2,1345.53,73,769,4,3,4,4-3-4,3.67,Loyal Customers
12463,Belgium,2011-04-12 12:47:00,2011-10-17 13:44:00,54,4,1344.78,83,776,3,4,4,3-4-4,3.67,Loyal Customers
17372,United Kingdom,2010-12-12 12:00:00,2011-10-30 11:37:00,41,8,1342.68,253,749,3,5,4,3-5-4,4.0,Loyal Customers
16317,United Kingdom,2011-02-15 14:30:00,2011-08-12 12:46:00,120,3,1341.65,69,890,2,4,4,2-4-4,3.33,At-Risk
13743,United Kingdom,2011-03-25 14:46:00,2011-12-07 10:09:00,3,7,1341.6,41,1776,5,5,4,5-5-4,4.67,Champions
18177,United Kingdom,2011-03-29 08:46:00,2011-11-08 14:44:00,32,6,1341.42,74,710,4,5,4,4-5-4,4.33,Champions
16045,United Kingdom,2011-02-22 14:55:00,2011-08-12 12:41:00,120,4,1340.7,83,897,2,4,4,2-4-4,3.33,At-Risk
13501,Switzerland,2011-02-24 18:59:00,2011-02-24 18:59:00,289,1,1340.32,52,560,1,2,4,1-2-4,2.33,At-Risk
15734,United Kingdom,2011-05-23 14:59:00,2011-08-17 10:50:00,115,2,1339.45,26,346,2,3,4,2-3-4,3.0,At-Risk
12620,France,2011-05-19 12:10:00,2011-11-25 10:20:00,15,3,1339.41,92,1181,4,4,4,4-4-4,4.0,Champions
15059,United Kingdom,2011-01-09 11:54:00,2011-10-30 11:35:00,41,9,1337.72,237,604,3,5,4,3-5-4,4.0,Loyal Customers
16110,United Kingdom,2011-02-01 14:01:00,2011-10-25 14:35:00,46,3,1337.48,354,733,3,4,4,3-4-4,3.67,Loyal Customers
12919,United Kingdom,2011-06-23 09:22:00,2011-12-01 13:47:00,9,6,1335.19,50,673,5,5,4,5-5-4,4.67,Champions
15680,United Kingdom,2010-12-08 14:43:00,2011-11-30 13:46:00,10,3,1333.68,78,952,5,4,4,5-4-4,4.33,Champions
17932,United Kingdom,2011-05-12 13:58:00,2011-11-10 19:49:00,30,3,1331.57,90,789,4,4,4,4-4-4,4.0,Champions
12676,Sweden,2011-02-01 15:41:00,2011-11-15 12:25:00,25,6,1331.39,45,670,4,5,4,4-5-4,4.33,Champions
16295,United Kingdom,2011-10-06 10:45:00,2011-11-30 08:17:00,10,4,1328.55,79,841,5,4,4,5-4-4,4.33,Champions
15146,United Kingdom,2011-02-21 13:07:00,2011-06-28 12:09:00,165,2,1327.16,91,1473,2,3,4,2-3-4,3.0,At-Risk
17633,United Kingdom,2011-08-11 15:43:00,2011-11-08 13:25:00,32,4,1324.84,70,644,4,4,4,4-4-4,4.0,Champions
12854,United Kingdom,2011-01-25 13:35:00,2011-09-22 12:15:00,79,3,1324.5,110,627,2,4,4,2-4-4,3.33,At-Risk
17095,United Kingdom,2011-01-09 11:05:00,2011-11-17 12:21:00,23,3,1324.16,74,618,4,4,4,4-4-4,4.0,Champions
16370,United Kingdom,2011-04-28 16:40:00,2011-09-18 15:55:00,83,4,1320.56,228,647,2,4,4,2-4-4,3.33,At-Risk
14794,United Kingdom,2011-01-09 16:11:00,2011-12-07 10:11:00,3,7,1319.91,80,673,5,5,4,5-5-4,4.67,Champions
13168,United Kingdom,2011-01-25 13:55:00,2011-11-03 12:56:00,37,4,1319.19,131,682,3,4,4,3-4-4,3.67,Loyal Customers
16083,United Kingdom,2010-12-14 11:51:00,2011-08-31 10:47:00,101,2,1317.62,31,908,2,3,4,2-3-4,3.0,At-Risk
12526,Germany,2011-09-06 14:19:00,2011-12-09 12:09:00,1,3,1316.66,71,632,5,4,4,5-4-4,4.33,Champions
14921,United Kingdom,2011-05-22 12:51:00,2011-11-09 13:17:00,31,2,1316.07,78,953,4,3,4,4-3-4,3.67,Loyal Customers
12576,Poland,2011-02-08 11:31:00,2011-11-04 10:11:00,36,5,1315.83,88,967,3,4,4,3-4-4,3.67,Loyal Customers
14511,United Kingdom,2011-07-29 12:13:00,2011-11-28 17:05:00,12,5,1314.81,68,784,5,4,4,5-4-4,4.33,Champions
16464,United Kingdom,2011-07-20 13:53:00,2011-11-20 12:11:00,20,3,1314.68,236,963,4,4,4,4-4-4,4.0,Champions
14973,United Kingdom,2011-04-28 12:22:00,2011-08-24 15:51:00,108,3,1314.45,32,369,2,4,4,2-4-4,3.33,At-Risk
14738,United Kingdom,2011-01-27 14:10:00,2011-10-28 08:56:00,43,7,1314.45,54,601,3,5,4,3-5-4,4.0,Loyal Customers
16040,United Kingdom,2011-03-16 09:58:00,2011-10-05 13:47:00,66,3,1313.55,65,684,3,4,4,3-4-4,3.67,Loyal Customers
12364,Belgium,2011-08-19 15:24:00,2011-12-02 10:22:00,8,4,1313.1,85,1506,5,4,4,5-4-4,4.33,Champions
12516,Germany,2011-06-12 11:37:00,2011-09-23 09:13:00,78,2,1312.06,26,875,2,3,4,2-3-4,3.0,At-Risk
14856,United Kingdom,2011-10-14 09:35:00,2011-11-03 14:53:00,37,3,1311.38,66,714,3,4,4,3-4-4,3.67,Loyal Customers
14477,United Kingdom,2011-02-15 15:44:00,2011-11-20 11:11:00,20,4,1309.6,10,720,4,4,4,4-4-4,4.0,Champions
16120,United Kingdom,2011-10-11 14:10:00,2011-10-11 14:22:00,60,4,1309.14,30,878,3,4,4,3-4-4,3.67,Loyal Customers
14047,United Kingdom,2010-12-02 10:09:00,2011-12-01 11:43:00,9,5,1308.61,32,381,5,4,4,5-4-4,4.33,Champions
13328,United Kingdom,2011-01-27 15:22:00,2011-01-27 15:22:00,317,1,1308.48,17,680,1,2,4,1-2-4,2.33,At-Risk
14297,United Kingdom,2011-03-10 08:31:00,2011-11-22 09:06:00,18,4,1305.33,62,865,4,4,4,4-4-4,4.0,Champions
12507,Spain,2011-02-14 09:24:00,2011-07-28 17:09:00,135,3,1304.81,21,894,2,4,4,2-4-4,3.33,At-Risk
16744,United Kingdom,2011-06-19 15:13:00,2011-11-28 13:06:00,12,7,1304.76,242,805,5,5,4,5-5-4,4.67,Champions
17919,United Kingdom,2011-09-12 13:41:00,2011-09-12 13:41:00,89,1,1304.04,23,756,2,2,4,2-2-4,2.67,At-Risk
15813,United Kingdom,2011-04-14 09:09:00,2011-05-16 08:13:00,208,2,1303.91,40,603,1,3,4,1-3-4,2.67,At-Risk
14898,United Kingdom,2010-12-03 15:25:00,2011-11-16 14:54:00,24,6,1303.52,116,1020,4,5,4,4-5-4,4.33,Champions
15108,European Community,2011-04-26 10:54:00,2011-07-21 10:24:00,142,4,1300.25,60,499,2,4,4,2-4-4,3.33,At-Risk
15494,United Kingdom,2011-08-10 15:29:00,2011-11-18 14:51:00,22,2,1299.23,125,1148,4,3,4,4-3-4,3.67,Loyal Customers
12488,France,2011-09-25 10:34:00,2011-11-30 08:50:00,10,3,1298.66,55,529,5,4,4,5-4-4,4.33,Champions
12372,Denmark,2011-02-16 12:46:00,2011-09-29 12:12:00,72,3,1298.04,52,794,3,4,4,3-4-4,3.67,Loyal Customers
15602,United Kingdom,2010-12-06 15:35:00,2011-12-01 14:14:00,9,9,1297.87,46,1137,5,5,4,5-5-4,4.67,Champions
17961,United Kingdom,2010-12-02 19:18:00,2011-11-18 16:55:00,22,39,1296.44,249,560,4,5,4,4-5-4,4.33,Champions
16929,United Kingdom,2011-07-07 12:39:00,2011-12-06 08:37:00,4,7,1295.39,77,929,5,5,4,5-5-4,4.67,Champions
16224,United Kingdom,2011-04-04 12:00:00,2011-10-13 17:51:00,58,4,1295.3,96,1116,3,4,4,3-4-4,3.67,Loyal Customers
15621,United Kingdom,2011-11-18 11:49:00,2011-12-05 14:01:00,5,4,1293.03,16,501,5,4,4,5-4-4,4.33,Champions
16101,United Kingdom,2011-09-30 10:18:00,2011-09-30 10:18:00,71,1,1290.7,76,757,3,2,4,3-2-4,3.0,Need Attention
15171,United Kingdom,2011-01-12 15:36:00,2011-01-12 15:36:00,332,1,1289.5,5,290,1,2,4,1-2-4,2.33,At-Risk
15136,United Kingdom,2011-09-04 16:05:00,2011-12-07 12:26:00,3,4,1286.7,68,776,5,4,4,5-4-4,4.33,Champions
16949,United Kingdom,2011-01-27 12:11:00,2011-12-06 11:07:00,4,6,1286.27,60,791,5,5,4,5-5-4,4.67,Champions
17350,United Kingdom,2011-10-19 16:05:00,2011-12-01 15:47:00,9,4,1286.07,71,795,5,4,4,5-4-4,4.33,Champions
17802,United Kingdom,2010-12-02 13:44:00,2011-09-18 14:56:00,83,3,1285.04,140,752,2,4,4,2-4-4,3.33,At-Risk
16899,United Kingdom,2010-12-14 13:11:00,2011-12-02 12:03:00,8,6,1281.56,125,522,5,5,4,5-5-4,4.67,Champions
13878,United Kingdom,2011-10-16 12:19:00,2011-10-16 12:19:00,55,1,1281.53,36,475,3,2,4,3-2-4,3.0,Need Attention
13538,United Kingdom,2011-01-28 10:40:00,2011-10-27 16:34:00,44,7,1280.85,25,175,3,5,4,3-5-4,4.0,Loyal Customers
16951,United Kingdom,2011-02-08 14:58:00,2011-07-28 12:05:00,135,3,1277.75,86,1318,2,4,4,2-4-4,3.33,At-Risk
16692,United Kingdom,2011-02-23 15:41:00,2011-03-28 14:46:00,257,2,1276.0,3,152,1,3,4,1-3-4,2.67,At-Risk
17019,United Kingdom,2010-12-06 12:55:00,2011-11-28 13:06:00,12,4,1272.61,234,827,5,4,4,5-4-4,4.33,Champions
12394,Denmark,2011-05-06 14:01:00,2011-10-07 08:08:00,64,2,1272.48,27,819,3,3,4,3-3-4,3.33,Loyal Customers
12630,Finland,2011-10-27 10:41:00,2011-11-30 10:48:00,10,2,1270.88,64,548,5,3,4,5-3-4,4.0,Loyal Customers
14669,United Kingdom,2011-01-11 12:30:00,2011-04-12 11:43:00,242,3,1269.99,170,775,1,4,4,1-4-4,3.0,At-Risk
13492,Switzerland,2011-05-09 10:06:00,2011-07-26 14:25:00,137,3,1269.84,50,408,2,4,4,2-4-4,3.33,At-Risk
13431,United Kingdom,2011-09-12 11:25:00,2011-10-03 13:49:00,68,2,1269.1,46,672,3,3,4,3-3-4,3.33,Loyal Customers
14916,United Kingdom,2011-01-19 15:30:00,2011-09-30 09:20:00,71,4,1268.98,77,1136,3,4,4,3-4-4,3.67,Loyal Customers
15199,United Kingdom,2011-02-04 14:04:00,2011-10-11 15:12:00,60,4,1268.7,13,396,3,4,4,3-4-4,3.67,Loyal Customers
16660,United Kingdom,2011-01-24 12:44:00,2011-11-23 14:53:00,17,4,1267.65,16,571,4,4,4,4-4-4,4.0,Champions
17037,United Kingdom,2011-09-13 12:49:00,2011-09-13 12:49:00,88,1,1267.32,75,656,2,2,4,2-2-4,2.67,At-Risk
17158,United Kingdom,2010-12-14 13:03:00,2011-11-07 15:15:00,33,3,1266.97,67,778,3,4,4,3-4-4,3.67,Loyal Customers
14105,United Kingdom,2011-04-14 17:58:00,2011-04-14 17:58:00,240,1,1266.23,74,800,1,2,4,1-2-4,2.33,At-Risk
13989,United Kingdom,2011-04-14 15:39:00,2011-10-05 09:47:00,66,2,1266.08,41,1313,3,3,4,3-3-4,3.33,Loyal Customers
16842,United Kingdom,2011-02-10 14:51:00,2011-08-31 10:42:00,101,3,1264.19,63,693,2,4,4,2-4-4,3.33,At-Risk
15497,United Kingdom,2011-01-24 10:01:00,2011-11-22 11:51:00,18,2,1262.2,15,624,4,3,4,4-3-4,3.67,Loyal Customers
15009,United Kingdom,2011-11-14 17:40:00,2011-11-27 13:35:00,13,3,1261.78,182,642,5,4,4,5-4-4,4.33,Champions
16688,United Kingdom,2011-10-10 12:23:00,2011-12-08 15:24:00,2,4,1260.86,62,804,5,4,4,5-4-4,4.33,Champions
17388,United Kingdom,2011-02-25 12:28:00,2011-09-23 10:31:00,78,4,1259.56,15,1068,2,4,4,2-4-4,3.33,At-Risk
17412,United Kingdom,2010-12-02 16:29:00,2011-12-07 11:36:00,3,7,1258.06,66,738,5,5,4,5-5-4,4.67,Champions
13151,United Kingdom,2011-02-17 12:29:00,2011-02-17 12:29:00,296,1,1257.87,74,363,1,2,4,1-2-4,2.33,At-Risk
14931,Channel Islands,2011-04-13 09:32:00,2011-12-05 10:19:00,5,5,1257.68,41,417,5,4,4,5-4-4,4.33,Champions
16639,United Kingdom,2011-04-18 09:31:00,2011-11-08 13:20:00,32,3,1257.51,50,510,4,4,4,4-4-4,4.0,Champions
17481,United Kingdom,2011-09-07 09:57:00,2011-12-06 12:28:00,4,4,1255.59,82,1061,5,4,4,5-4-4,4.33,Champions
13848,United Kingdom,2010-12-08 15:10:00,2011-09-08 12:58:00,93,3,1255.0,5,3700,2,4,4,2-4-4,3.33,At-Risk
17262,United Kingdom,2010-12-08 13:30:00,2011-10-18 12:56:00,53,5,1253.36,12,367,3,4,4,3-4-4,3.67,Loyal Customers
14698,United Kingdom,2011-10-19 12:54:00,2011-12-08 12:26:00,2,5,1250.76,210,615,5,4,4,5-4-4,4.33,Champions
14383,United Kingdom,2011-06-29 10:18:00,2011-11-01 15:53:00,39,3,1247.69,59,817,3,4,4,3-4-4,3.67,Loyal Customers
12689,France,2011-08-04 10:04:00,2011-11-14 08:31:00,26,2,1247.61,72,628,4,3,4,4-3-4,3.67,Loyal Customers
13029,United Kingdom,2010-12-21 13:53:00,2011-11-09 09:13:00,31,3,1247.5,10,134,4,4,4,4-4-4,4.0,Champions
15004,United Kingdom,2011-07-15 14:05:00,2011-07-15 14:05:00,148,1,1246.32,158,630,2,2,4,2-2-4,2.67,At-Risk
12494,France,2010-12-09 11:31:00,2011-11-24 09:34:00,16,7,1246.1,77,707,4,5,4,4-5-4,4.33,Champions
13860,United Kingdom,2011-09-14 09:27:00,2011-12-08 12:57:00,2,5,1245.9,76,591,5,4,4,5-4-4,4.33,Champions
14428,United Kingdom,2011-01-18 16:39:00,2011-12-02 13:17:00,8,5,1244.83,144,436,5,4,4,5-4-4,4.33,Champions
16531,United Kingdom,2010-12-14 13:19:00,2011-11-17 16:29:00,23,7,1244.59,77,915,4,5,4,4-5-4,4.33,Champions
17584,United Kingdom,2011-08-04 14:12:00,2011-12-02 17:12:00,8,2,1242.3,35,458,5,3,4,5-3-4,4.0,Loyal Customers
17588,United Kingdom,2011-04-21 10:31:00,2011-08-31 13:37:00,101,3,1240.2,23,676,2,4,4,2-4-4,3.33,At-Risk
17731,United Kingdom,2011-06-09 14:18:00,2011-09-21 15:02:00,80,4,1240.11,67,493,2,4,4,2-4-4,3.33,At-Risk
12985,United Kingdom,2011-11-11 12:44:00,2011-12-09 10:46:00,1,2,1239.38,76,1533,5,3,4,5-3-4,4.0,Loyal Customers
13476,United Kingdom,2011-03-03 14:43:00,2011-06-14 12:00:00,179,2,1238.47,58,417,2,3,4,2-3-4,3.0,At-Risk
14893,United Kingdom,2011-11-28 10:49:00,2011-11-30 12:31:00,10,2,1237.85,73,799,5,3,4,5-3-4,4.0,Loyal Customers
13931,United Kingdom,2011-03-04 08:43:00,2011-09-05 10:12:00,96,2,1237.53,58,725,2,3,4,2-3-4,3.0,At-Risk
15201,United Kingdom,2011-04-06 14:02:00,2011-09-13 14:53:00,88,5,1236.54,69,1210,2,4,4,2-4-4,3.33,At-Risk
14684,United Kingdom,2010-12-12 12:44:00,2011-11-14 11:33:00,26,5,1236.28,421,853,4,4,4,4-4-4,4.0,Champions
15376,United Kingdom,2011-05-01 13:45:00,2011-10-30 15:04:00,41,3,1233.36,117,619,3,4,4,3-4-4,3.67,Loyal Customers
15910,United Kingdom,2011-01-27 11:55:00,2011-12-09 10:51:00,1,8,1232.18,267,1015,5,5,4,5-5-4,4.67,Champions
18080,United Kingdom,2011-04-11 10:10:00,2011-11-21 08:02:00,19,2,1231.5,2,642,4,3,4,4-3-4,3.67,Loyal Customers
18171,United Kingdom,2011-01-10 09:55:00,2011-10-12 09:13:00,59,5,1231.31,54,481,3,4,4,3-4-4,3.67,Loyal Customers
14913,United Kingdom,2010-12-15 14:35:00,2011-11-04 08:29:00,36,4,1227.43,87,1743,3,4,4,3-4-4,3.67,Loyal Customers
12997,United Kingdom,2011-01-26 15:49:00,2011-11-17 15:47:00,23,4,1226.89,59,664,4,4,4,4-4-4,4.0,Champions
12412,Denmark,2011-06-23 13:51:00,2011-09-26 10:16:00,75,3,1226.88,61,829,2,4,4,2-4-4,3.33,At-Risk
17774,United Kingdom,2011-02-07 13:13:00,2011-09-04 12:49:00,97,4,1225.41,156,512,2,4,4,2-4-4,3.33,At-Risk
15841,United Kingdom,2011-01-05 11:25:00,2011-09-28 12:15:00,73,4,1224.06,47,942,2,4,4,2-4-4,3.33,At-Risk
13208,United Kingdom,2011-02-03 19:32:00,2011-10-12 09:54:00,59,6,1223.9,149,804,3,5,4,3-5-4,4.0,Loyal Customers
16794,United Kingdom,2011-06-12 14:15:00,2011-12-08 17:54:00,2,10,1222.71,285,937,5,5,4,5-5-4,4.67,Champions
14745,United Kingdom,2011-02-27 15:25:00,2011-08-19 10:05:00,113,5,1220.26,69,1038,2,4,4,2-4-4,3.33,At-Risk
15227,United Kingdom,2011-01-26 15:31:00,2011-11-03 11:59:00,37,5,1219.4,58,750,3,4,4,3-4-4,3.67,Loyal Customers
13491,United Kingdom,2010-12-02 14:30:00,2011-10-19 08:32:00,52,10,1215.82,86,903,3,5,4,3-5-4,4.0,Loyal Customers
17410,United Kingdom,2011-05-08 15:21:00,2011-11-23 15:46:00,17,5,1214.72,64,616,4,4,4,4-4-4,4.0,Champions
13055,United Kingdom,2011-05-10 08:58:00,2011-09-22 14:26:00,79,3,1214.41,76,894,2,4,4,2-4-4,3.33,At-Risk
18263,United Kingdom,2011-04-01 11:48:00,2011-11-14 09:00:00,26,3,1213.16,61,1468,4,4,4,4-4-4,4.0,Champions
13918,United Kingdom,2011-03-31 18:05:00,2011-10-21 12:25:00,50,2,1212.84,30,1140,3,3,4,3-3-4,3.33,Loyal Customers
16653,United Kingdom,2011-09-29 13:38:00,2011-11-23 14:51:00,17,2,1212.66,69,733,4,3,4,4-3-4,3.67,Loyal Customers
12464,Belgium,2011-02-03 13:30:00,2011-11-29 13:33:00,11,8,1212.05,29,112,5,5,4,5-5-4,4.67,Champions
17653,United Kingdom,2011-08-11 15:24:00,2011-11-03 12:46:00,37,4,1207.56,44,1409,3,4,4,3-4-4,3.67,Loyal Customers
15737,United Kingdom,2011-04-11 10:01:00,2011-11-25 11:21:00,15,8,1205.12,72,599,4,5,4,4-5-4,4.33,Champions
16800,United Kingdom,2011-11-28 14:06:00,2011-11-28 14:06:00,12,1,1201.49,164,540,5,2,4,5-2-4,3.67,Potential Loyalists
13158,United Kingdom,2011-01-25 09:58:00,2011-09-06 11:58:00,95,4,1201.06,79,784,2,4,4,2-4-4,3.33,At-Risk
17320,United Kingdom,2010-12-06 15:38:00,2011-08-31 13:31:00,101,3,1200.62,73,634,2,4,4,2-4-4,3.33,At-Risk
17800,United Kingdom,2011-01-09 13:50:00,2011-11-02 12:57:00,38,9,1199.01,104,736,3,5,4,3-5-4,4.0,Loyal Customers
15605,United Kingdom,2010-12-01 13:38:00,2011-11-03 14:17:00,37,5,1198.23,67,441,3,4,4,3-4-4,3.67,Loyal Customers
13118,United Kingdom,2011-02-24 12:32:00,2011-11-20 12:46:00,20,5,1197.81,79,410,4,4,4,4-4-4,4.0,Champions
13211,United Kingdom,2010-12-13 16:17:00,2011-11-29 14:43:00,11,3,1197.42,56,874,5,4,4,5-4-4,4.33,Champions
16042,United Kingdom,2011-01-11 13:25:00,2011-11-17 17:50:00,23,5,1197.27,71,755,4,4,4,4-4-4,4.0,Champions
17867,United Kingdom,2011-02-24 12:25:00,2011-11-09 14:15:00,31,6,1197.1,79,542,4,5,4,4-5-4,4.33,Champions
14487,United Kingdom,2010-12-06 13:22:00,2011-11-13 12:17:00,27,6,1196.33,144,735,4,5,4,4-5-4,4.33,Champions
17720,United Kingdom,2010-12-07 10:43:00,2011-11-13 15:04:00,27,4,1195.94,50,576,4,4,4,4-4-4,4.0,Champions
17526,United Kingdom,2010-12-09 12:20:00,2011-12-05 11:05:00,5,4,1195.9,19,310,5,4,4,5-4-4,4.33,Champions
15145,United Kingdom,2011-04-05 15:20:00,2011-12-05 17:21:00,5,4,1194.73,67,756,5,4,4,5-4-4,4.33,Champions
12611,Italy,2011-10-18 13:12:00,2011-10-18 13:12:00,53,1,1193.32,65,846,3,2,4,3-2-4,3.0,Need Attention
13882,United Kingdom,2011-10-06 15:28:00,2011-12-07 11:16:00,3,5,1191.13,65,953,5,4,4,5-4-4,4.33,Champions
12462,Spain,2011-02-09 14:44:00,2011-11-21 09:11:00,19,2,1189.59,62,536,4,3,4,4-3-4,3.67,Loyal Customers
16612,United Kingdom,2011-02-01 10:38:00,2011-11-07 07:38:00,33,4,1187.66,66,506,4,4,4,4-4-4,4.0,Champions
15630,United Kingdom,2011-05-19 10:16:00,2011-10-25 15:36:00,46,2,1186.35,60,800,3,3,4,3-3-4,3.33,Loyal Customers
13752,United Kingdom,2011-04-07 12:04:00,2011-08-07 14:16:00,125,6,1186.28,76,876,2,5,4,2-5-4,3.67,At-Risk
17058,United Kingdom,2011-04-14 09:18:00,2011-09-19 10:13:00,82,3,1179.89,62,592,2,4,4,2-4-4,3.33,At-Risk
16950,United Kingdom,2010-12-07 15:20:00,2011-10-14 09:06:00,57,3,1178.56,42,644,3,4,4,3-4-4,3.67,Loyal Customers
12885,United Kingdom,2011-08-08 11:45:00,2011-10-07 13:40:00,64,3,1175.22,71,655,3,4,4,3-4-4,3.67,Loyal Customers
12640,France,2011-09-19 12:01:00,2011-11-16 11:52:00,24,3,1174.58,53,311,4,4,4,4-4-4,4.0,Champions
15306,United Kingdom,2011-07-14 15:22:00,2011-10-06 12:56:00,65,3,1174.35,58,810,3,4,4,3-4-4,3.67,Loyal Customers
14857,United Kingdom,2011-07-14 15:03:00,2011-10-11 09:23:00,60,2,1173.12,60,464,3,3,4,3-3-4,3.33,Loyal Customers
13611,United Kingdom,2010-12-15 10:31:00,2011-09-11 14:51:00,90,3,1171.8,74,766,2,4,4,2-4-4,3.33,At-Risk
18168,United Kingdom,2010-12-02 18:08:00,2011-06-16 19:21:00,177,6,1169.94,131,594,2,5,4,2-5-4,3.67,At-Risk
12358,Austria,2011-07-12 10:04:00,2011-12-08 10:26:00,2,2,1168.06,19,248,5,3,4,5-3-4,4.0,Loyal Customers
13500,United Kingdom,2011-08-09 12:20:00,2011-11-16 15:35:00,24,3,1166.77,65,609,4,4,4,4-4-4,4.0,Champions
14737,United Kingdom,2010-12-21 13:49:00,2011-12-06 10:16:00,4,3,1164.55,17,345,5,4,4,5-4-4,4.33,Champions
14261,United Kingdom,2011-09-22 10:47:00,2011-10-20 10:04:00,51,2,1163.45,52,406,3,3,4,3-3-4,3.33,Loyal Customers
14447,United Kingdom,2011-03-04 10:49:00,2011-11-21 08:28:00,19,5,1163.23,70,571,4,4,4,4-4-4,4.0,Champions
16714,United Kingdom,2011-01-26 13:40:00,2011-05-05 11:09:00,219,3,1161.53,93,610,1,4,4,1-4-4,3.0,At-Risk
12546,Spain,2011-09-23 09:44:00,2011-10-24 12:09:00,47,2,1161.5,69,633,3,3,4,3-3-4,3.33,Loyal Customers
15088,United Kingdom,2011-10-03 14:05:00,2011-11-18 13:14:00,22,2,1160.07,57,460,4,3,4,4-3-4,3.67,Loyal Customers
17348,United Kingdom,2011-02-15 10:49:00,2011-11-25 11:25:00,15,5,1159.52,215,1401,4,4,4,4-4-4,4.0,Champions
13499,United Kingdom,2011-03-15 08:52:00,2011-11-22 11:21:00,18,5,1159.11,42,1365,4,4,4,4-4-4,4.0,Champions
16184,United Kingdom,2011-05-12 13:33:00,2011-10-06 17:43:00,65,6,1158.79,45,561,3,5,4,3-5-4,4.0,Loyal Customers
14723,United Kingdom,2010-12-03 14:18:00,2011-11-29 15:23:00,11,6,1158.3,278,695,5,5,4,5-5-4,4.67,Champions
13744,United Kingdom,2011-02-20 14:08:00,2011-09-05 15:19:00,96,2,1156.36,72,1249,2,3,4,2-3-4,3.0,At-Risk
16637,United Kingdom,2011-04-28 10:20:00,2011-11-07 13:17:00,33,4,1154.47,69,927,4,4,4,4-4-4,4.0,Champions
16062,United Kingdom,2010-12-10 12:00:00,2011-11-30 12:15:00,10,4,1153.62,64,800,5,4,4,5-4-4,4.33,Champions
12710,Germany,2011-05-22 14:05:00,2011-09-04 12:00:00,97,3,1149.02,77,851,2,4,4,2-4-4,3.33,At-Risk
17505,United Kingdom,2011-05-18 09:01:00,2011-07-01 12:50:00,162,2,1145.84,52,556,2,3,4,2-3-4,3.0,At-Risk
16766,United Kingdom,2011-03-11 13:34:00,2011-03-11 15:22:00,274,2,1145.6,34,536,1,3,4,1-3-4,2.67,At-Risk
12769,Brazil,2011-04-15 10:25:00,2011-04-15 10:25:00,239,1,1143.6,32,356,1,2,4,1-2-4,2.33,At-Risk
17770,United Kingdom,2011-03-02 13:35:00,2011-05-25 12:34:00,199,5,1143.27,38,365,1,4,4,1-4-4,3.0,At-Risk
18125,United Kingdom,2011-01-27 15:02:00,2011-11-10 12:29:00,30,4,1142.99,196,804,4,4,4,4-4-4,4.0,Champions
15985,United Kingdom,2011-04-17 11:04:00,2011-08-08 16:31:00,124,2,1142.42,37,1086,2,3,4,2-3-4,3.0,At-Risk
16270,United Kingdom,2010-12-21 14:26:00,2010-12-21 14:26:00,354,1,1141.24,54,688,1,2,4,1-2-4,2.33,At-Risk
13330,United Kingdom,2011-01-28 10:08:00,2011-09-08 12:27:00,93,3,1140.93,53,751,2,4,4,2-4-4,3.33,At-Risk
13819,United Kingdom,2011-01-24 10:38:00,2011-02-11 10:38:00,302,3,1140.35,36,1109,1,4,4,1-4-4,3.0,At-Risk
16172,United Kingdom,2011-04-12 12:02:00,2011-09-05 13:22:00,96,5,1140.21,69,787,2,4,4,2-4-4,3.33,At-Risk
17135,United Kingdom,2010-12-03 09:31:00,2011-11-23 16:48:00,17,7,1139.73,52,1224,4,5,4,4-5-4,4.33,Champions
17500,United Kingdom,2011-11-10 09:08:00,2011-11-22 14:25:00,18,3,1138.0,5,17,4,4,4,4-4-4,4.0,Champions
17302,United Kingdom,2011-02-07 10:14:00,2011-11-25 09:36:00,15,5,1135.63,79,575,4,4,4,4-4-4,4.0,Champions
17242,United Kingdom,2011-06-12 13:04:00,2011-08-23 14:55:00,109,2,1135.04,40,611,2,3,4,2-3-4,3.0,At-Risk
15489,United Kingdom,2011-05-12 12:54:00,2011-11-17 08:53:00,23,3,1134.28,50,608,4,4,4,4-4-4,4.0,Champions
16989,United Kingdom,2011-07-12 09:11:00,2011-12-02 16:39:00,8,6,1133.25,12,1233,5,5,4,5-5-4,4.67,Champions
17585,United Kingdom,2011-01-05 15:09:00,2011-08-22 13:30:00,110,4,1133.07,214,1671,2,4,4,2-4-4,3.33,At-Risk
13282,United Kingdom,2011-05-03 12:03:00,2011-11-21 15:33:00,19,3,1132.14,37,307,4,4,4,4-4-4,4.0,Champions
13772,United Kingdom,2011-04-14 12:31:00,2011-11-06 11:43:00,34,3,1132.13,177,546,3,4,4,3-4-4,3.67,Loyal Customers
13310,United Kingdom,2011-01-19 14:50:00,2011-11-11 17:23:00,29,3,1132.03,72,587,4,4,4,4-4-4,4.0,Champions
13610,United Kingdom,2011-02-27 14:44:00,2011-11-27 15:38:00,13,7,1131.88,226,516,5,5,4,5-5-4,4.67,Champions
15500,United Kingdom,2011-09-19 13:47:00,2011-12-01 13:47:00,9,4,1131.56,68,572,5,4,4,5-4-4,4.33,Champions
13447,United Kingdom,2011-11-04 10:10:00,2011-11-16 13:38:00,24,3,1129.14,59,584,4,4,4,4-4-4,4.0,Champions
14824,United Kingdom,2011-09-09 14:12:00,2011-11-29 14:20:00,11,4,1127.71,29,525,5,4,4,5-4-4,4.33,Champions
12609,Germany,2011-01-25 15:13:00,2011-09-22 16:34:00,79,3,1126.85,60,648,2,4,4,2-4-4,3.33,At-Risk
14708,United Kingdom,2010-12-06 12:23:00,2011-12-07 08:21:00,3,3,1126.37,28,621,5,4,4,5-4-4,4.33,Champions
17470,United Kingdom,2010-12-07 09:57:00,2011-10-26 12:42:00,45,5,1125.07,78,1675,3,4,4,3-4-4,3.67,Loyal Customers
14129,United Kingdom,2011-03-24 08:44:00,2011-12-08 11:02:00,2,5,1123.86,52,592,5,4,4,5-4-4,4.33,Champions
15436,United Kingdom,2011-04-19 16:52:00,2011-11-27 16:05:00,13,3,1122.53,329,613,5,4,4,5-4-4,4.33,Champions
13486,United Kingdom,2011-07-07 17:19:00,2011-09-22 13:13:00,79,3,1122.41,69,669,2,4,4,2-4-4,3.33,At-Risk
17562,United Kingdom,2011-06-19 13:06:00,2011-11-25 14:21:00,15,7,1122.38,63,817,4,5,4,4-5-4,4.33,Champions
16807,United Kingdom,2011-03-14 09:46:00,2011-07-20 12:00:00,143,3,1121.59,67,778,2,4,4,2-4-4,3.33,At-Risk
16086,United Kingdom,2010-12-07 13:45:00,2011-10-11 13:09:00,60,5,1121.39,39,511,3,4,4,3-4-4,3.67,Loyal Customers
15730,United Kingdom,2011-05-17 12:43:00,2011-10-05 12:31:00,66,3,1120.88,70,689,3,4,4,3-4-4,3.67,Loyal Customers
17894,United Kingdom,2010-12-08 14:50:00,2011-09-29 09:23:00,72,8,1119.81,193,405,3,5,4,3-5-4,4.0,Loyal Customers
14276,United Kingdom,2011-02-23 09:38:00,2011-09-02 09:45:00,99,3,1119.74,64,744,2,4,4,2-4-4,3.33,At-Risk
13064,United Kingdom,2011-01-16 13:41:00,2011-11-27 12:31:00,13,4,1119.49,69,516,5,4,4,5-4-4,4.33,Champions
12842,United Kingdom,2011-02-04 12:36:00,2011-09-30 15:33:00,71,2,1118.99,34,547,3,3,4,3-3-4,3.33,Loyal Customers
15716,United Kingdom,2010-12-05 12:26:00,2011-07-17 11:59:00,146,4,1118.81,118,744,2,4,4,2-4-4,3.33,At-Risk
17788,United Kingdom,2011-08-02 10:38:00,2011-09-27 10:09:00,74,2,1117.9,5,211,2,3,4,2-3-4,3.0,At-Risk
13591,United Kingdom,2011-03-18 12:18:00,2011-10-06 12:26:00,65,3,1117.13,58,485,3,4,4,3-4-4,3.67,Loyal Customers
14971,United Kingdom,2011-10-27 13:33:00,2011-11-04 17:07:00,36,3,1116.57,160,644,3,4,4,3-4-4,3.67,Loyal Customers
16350,United Kingdom,2011-01-10 09:44:00,2011-11-18 15:53:00,22,4,1116.47,57,545,4,4,4,4-4-4,4.0,Champions
12679,France,2011-03-01 12:26:00,2011-10-12 12:30:00,59,4,1113.02,48,554,3,4,4,3-4-4,3.67,Loyal Customers
17609,United Kingdom,2011-01-16 16:23:00,2011-10-30 12:28:00,41,5,1112.22,237,723,3,4,4,3-4-4,3.67,Loyal Customers
16049,United Kingdom,2011-09-25 14:33:00,2011-10-30 13:19:00,41,3,1111.79,312,793,3,4,4,3-4-4,3.67,Loyal Customers
14161,United Kingdom,2010-12-05 13:18:00,2011-05-08 11:41:00,216,3,1110.52,108,455,1,4,4,1-4-4,3.0,At-Risk
14817,United Kingdom,2011-03-07 13:51:00,2011-05-23 13:35:00,201,2,1110.34,63,655,1,3,4,1-3-4,2.67,At-Risk
15069,United Kingdom,2011-06-13 14:16:00,2011-06-13 14:16:00,180,1,1109.53,70,520,1,2,4,1-2-4,2.33,At-Risk
12399,Belgium,2011-03-23 09:42:00,2011-08-12 13:15:00,120,4,1108.65,59,1178,2,4,4,2-4-4,3.33,At-Risk
15933,United Kingdom,2011-09-14 12:05:00,2011-11-18 13:14:00,22,3,1107.46,74,885,4,4,4,4-4-4,4.0,Champions
16833,United Kingdom,2011-01-09 13:02:00,2011-12-08 14:39:00,2,4,1106.53,47,440,5,4,4,5-4-4,4.33,Champions
12857,United Kingdom,2011-02-10 12:32:00,2011-05-13 10:20:00,211,2,1106.4,46,343,1,3,4,1-3-4,2.67,At-Risk
14410,United Kingdom,2011-02-07 09:36:00,2011-09-08 15:08:00,93,9,1105.07,193,571,2,5,4,2-5-4,3.67,At-Risk
14948,United Kingdom,2011-05-04 14:52:00,2011-11-16 17:16:00,24,6,1101.97,63,673,4,5,4,4-5-4,4.33,Champions
17047,United Kingdom,2011-05-18 16:50:00,2011-09-15 13:27:00,86,3,1100.9,65,533,2,4,4,2-4-4,3.33,At-Risk
14744,United Kingdom,2010-12-08 10:21:00,2011-11-23 12:51:00,17,7,1099.98,26,627,4,5,4,4-5-4,4.33,Champions
15978,United Kingdom,2011-09-23 15:21:00,2011-09-23 15:21:00,78,1,1098.78,49,888,2,2,4,2-2-4,2.67,At-Risk
13104,United Kingdom,2010-12-20 11:58:00,2011-12-06 13:10:00,4,6,1098.48,20,504,5,5,4,5-5-4,4.67,Champions
17966,United Kingdom,2011-03-23 17:25:00,2011-11-02 10:26:00,38,5,1098.43,68,2571,3,4,4,3-4-4,3.67,Loyal Customers
16225,United Kingdom,2011-03-07 12:17:00,2011-10-26 08:30:00,45,5,1096.32,134,493,3,4,4,3-4-4,3.67,Loyal Customers
16533,United Kingdom,2011-10-02 15:07:00,2011-11-20 13:08:00,20,3,1095.56,177,612,4,4,4,4-4-4,4.0,Champions
13652,United Kingdom,2010-12-06 09:21:00,2011-10-25 08:51:00,46,3,1095.08,63,578,3,4,4,3-4-4,3.67,Loyal Customers
15745,United Kingdom,2011-04-17 13:04:00,2011-11-20 13:45:00,20,4,1094.59,62,421,4,4,4,4-4-4,4.0,Champions
15608,United Kingdom,2011-08-11 09:56:00,2011-11-11 13:20:00,29,4,1093.68,60,714,4,4,4,4-4-4,4.0,Champions
13521,United Kingdom,2011-11-29 15:09:00,2011-12-08 13:50:00,2,3,1093.65,436,736,5,4,4,5-4-4,4.33,Champions
18189,United Kingdom,2011-03-17 09:49:00,2011-09-23 12:40:00,78,2,1090.24,68,566,2,3,4,2-3-4,3.0,At-Risk
13853,United Kingdom,2011-10-13 14:18:00,2011-10-13 14:18:00,58,1,1090.14,23,312,3,2,4,3-2-4,3.0,Need Attention
12534,Germany,2011-08-01 10:26:00,2011-08-01 10:26:00,131,1,1089.18,63,651,2,2,4,2-2-4,2.67,At-Risk
15763,United Kingdom,2011-09-23 12:10:00,2011-11-08 09:44:00,32,2,1086.92,61,271,4,3,4,4-3-4,3.67,Loyal Customers
13467,United Kingdom,2011-11-03 16:56:00,2011-11-29 10:01:00,11,2,1083.71,99,584,5,3,4,5-3-4,4.0,Loyal Customers
17041,United Kingdom,2010-12-14 11:43:00,2011-11-13 11:21:00,27,3,1081.57,70,951,4,4,4,4-4-4,4.0,Champions
14561,United Kingdom,2011-06-08 13:26:00,2011-09-25 12:39:00,76,3,1080.76,69,1014,2,4,4,2-4-4,3.33,At-Risk
16200,United Kingdom,2011-06-28 15:47:00,2011-12-05 14:40:00,5,2,1080.62,179,523,5,3,4,5-3-4,4.0,Loyal Customers
13726,United Kingdom,2011-08-31 11:06:00,2011-11-01 10:49:00,39,2,1079.66,42,1054,3,3,4,3-3-4,3.33,Loyal Customers
15197,United Kingdom,2010-12-16 18:01:00,2011-11-29 10:00:00,11,3,1079.61,32,469,5,4,4,5-4-4,4.33,Champions
12354,Spain,2011-04-21 13:11:00,2011-04-21 13:11:00,233,1,1079.4,58,530,1,2,4,1-2-4,2.33,At-Risk
13715,United Kingdom,2010-12-02 08:52:00,2011-03-03 19:21:00,282,5,1079.34,105,563,1,4,4,1-4-4,3.0,At-Risk
16980,United Kingdom,2011-02-21 12:58:00,2011-03-29 16:36:00,256,2,1078.96,87,788,1,3,4,1-3-4,2.67,At-Risk
14352,United Kingdom,2011-03-11 14:58:00,2011-07-05 15:41:00,158,4,1078.96,47,538,2,4,4,2-4-4,3.33,At-Risk
16094,United Kingdom,2011-05-04 13:57:00,2011-11-28 12:45:00,12,4,1078.23,63,647,5,4,4,5-4-4,4.33,Champions
16563,United Kingdom,2011-10-17 11:51:00,2011-10-17 11:51:00,54,1,1077.74,19,486,3,2,4,3-2-4,3.0,Need Attention
13131,United Kingdom,2011-06-05 10:54:00,2011-11-16 13:21:00,24,3,1073.3,44,447,4,4,4,4-4-4,4.0,Champions
15712,United Kingdom,2011-02-25 11:32:00,2011-11-30 14:09:00,10,5,1072.36,53,486,5,4,4,5-4-4,4.33,Champions
15238,United Kingdom,2011-06-08 16:00:00,2011-11-10 14:28:00,30,3,1071.99,50,692,4,4,4,4-4-4,4.0,Champions
13635,United Kingdom,2011-10-03 10:55:00,2011-10-03 10:55:00,68,1,1071.03,62,677,3,2,4,3-2-4,3.0,Need Attention
17522,United Kingdom,2011-05-05 16:31:00,2011-12-08 12:31:00,2,5,1070.71,73,1034,5,4,4,5-4-4,4.33,Champions
13761,United Kingdom,2011-06-13 08:43:00,2011-10-20 14:01:00,51,2,1070.65,70,642,3,3,4,3-3-4,3.33,Loyal Customers
14212,United Kingdom,2011-09-11 12:45:00,2011-09-11 12:45:00,90,1,1070.48,9,1152,2,2,4,2-2-4,2.67,At-Risk
17214,United Kingdom,2010-12-15 15:14:00,2011-10-10 13:17:00,61,6,1069.12,103,276,3,5,4,3-5-4,4.0,Loyal Customers
16918,United Kingdom,2011-01-26 17:37:00,2011-10-21 12:50:00,50,6,1068.82,128,721,3,5,4,3-5-4,4.0,Loyal Customers
15027,United Kingdom,2011-04-15 14:14:00,2011-11-09 10:16:00,31,4,1066.15,35,565,4,4,4,4-4-4,4.0,Champions
17277,United Kingdom,2011-01-21 12:37:00,2011-04-26 12:47:00,228,2,1065.35,69,430,1,3,4,1-3-4,2.67,At-Risk
14488,United Kingdom,2011-10-03 09:30:00,2011-10-03 09:30:00,68,1,1064.28,46,799,3,2,4,3-2-4,3.0,Need Attention
17287,United Kingdom,2010-12-02 12:22:00,2011-11-13 13:27:00,27,7,1064.11,124,559,4,5,4,4-5-4,4.33,Champions
12951,United Kingdom,2011-01-13 10:33:00,2011-12-01 12:14:00,9,6,1064.07,63,503,5,5,4,5-5-4,4.67,Champions
15801,United Kingdom,2011-08-22 09:53:00,2011-10-24 13:52:00,47,3,1063.95,64,570,3,4,4,3-4-4,3.67,Loyal Customers
12936,United Kingdom,2011-09-22 13:51:00,2011-11-22 17:32:00,18,4,1063.9,62,559,4,4,4,4-4-4,4.0,Champions
12815,Poland,2011-05-25 13:34:00,2011-07-15 10:21:00,148,2,1063.46,47,379,2,3,4,2-3-4,3.0,At-Risk
14411,United Kingdom,2011-02-02 10:56:00,2011-02-02 10:56:00,311,1,1063.0,14,196,1,2,4,1-2-4,2.33,At-Risk
16214,United Kingdom,2011-03-15 13:23:00,2011-06-22 11:30:00,171,3,1062.75,44,420,2,4,4,2-4-4,3.33,At-Risk
15996,United Kingdom,2010-12-08 15:59:00,2011-09-12 15:14:00,89,6,1060.68,130,384,2,5,4,2-5-4,3.67,At-Risk
15706,United Kingdom,2011-08-15 14:32:00,2011-10-07 10:09:00,64,4,1060.56,55,321,3,4,4,3-4-4,3.67,Loyal Customers
17727,United Kingdom,2011-11-24 17:06:00,2011-11-24 17:06:00,16,1,1060.25,66,645,4,2,4,4-2-4,3.33,Potential Loyalists
18130,United Kingdom,2011-10-13 15:58:00,2011-11-24 14:40:00,16,3,1059.39,70,824,4,4,4,4-4-4,4.0,Champions
14465,United Kingdom,2011-02-10 12:13:00,2011-04-07 12:38:00,247,3,1058.62,130,405,1,4,4,1-4-4,3.0,At-Risk
13455,United Kingdom,2010-12-08 13:11:00,2011-11-15 11:21:00,25,2,1058.34,46,354,4,3,4,4-3-4,3.67,Loyal Customers
14419,United Kingdom,2010-12-10 10:56:00,2011-11-29 11:22:00,11,6,1058.06,206,487,5,5,4,5-5-4,4.67,Champions
15407,United Kingdom,2011-02-07 13:18:00,2011-11-06 11:55:00,34,4,1056.44,153,558,3,4,4,3-4-4,3.67,Loyal Customers
14514,United Kingdom,2011-01-12 15:22:00,2011-10-09 16:05:00,62,3,1055.35,73,589,3,4,4,3-4-4,3.67,Loyal Customers
15977,United Kingdom,2011-10-31 16:24:00,2011-11-22 13:29:00,18,2,1054.73,65,1016,4,3,4,4-3-4,3.67,Loyal Customers
16728,United Kingdom,2011-03-20 13:28:00,2011-10-24 14:36:00,47,4,1054.67,269,677,3,4,4,3-4-4,3.67,Loyal Customers
12716,France,2011-07-29 13:28:00,2011-12-06 08:55:00,4,2,1053.49,69,708,5,3,4,5-3-4,4.0,Loyal Customers
14583,United Kingdom,2011-05-18 11:28:00,2011-12-04 12:32:00,6,5,1052.55,330,792,5,4,4,5-4-4,4.33,Champions
16416,United Kingdom,2011-10-14 13:35:00,2011-11-13 12:50:00,27,3,1051.4,71,672,4,4,4,4-4-4,4.0,Champions
12849,United Kingdom,2011-03-16 12:26:00,2011-11-08 13:41:00,32,2,1050.89,51,623,4,3,4,4-3-4,3.67,Loyal Customers
14224,United Kingdom,2011-01-23 13:58:00,2011-08-21 13:24:00,111,4,1050.12,118,514,2,4,4,2-4-4,3.33,At-Risk
15329,United Kingdom,2011-06-21 10:37:00,2011-10-31 15:36:00,40,3,1049.7,57,486,3,4,4,3-4-4,3.67,Loyal Customers
14078,United Kingdom,2010-12-01 12:54:00,2011-08-30 12:16:00,102,6,1049.37,65,310,2,5,4,2-5-4,3.67,At-Risk
15464,United Kingdom,2011-01-05 15:56:00,2011-01-05 15:56:00,339,1,1048.85,157,350,1,2,4,1-2-4,2.33,At-Risk
15839,United Kingdom,2011-07-14 16:35:00,2011-11-06 13:54:00,34,3,1048.49,62,675,3,4,4,3-4-4,3.67,Loyal Customers
15777,United Kingdom,2010-12-13 16:38:00,2011-04-12 16:43:00,242,4,1047.11,21,378,1,4,4,1-4-4,3.0,At-Risk
16520,United Kingdom,2010-12-09 13:08:00,2011-06-06 13:24:00,187,3,1046.57,156,558,1,4,4,1-4-4,3.0,At-Risk
14293,United Kingdom,2010-12-06 10:18:00,2011-12-06 15:17:00,4,4,1046.56,61,709,5,4,4,5-4-4,4.33,Champions
17042,United Kingdom,2011-04-06 14:53:00,2011-12-07 12:26:00,3,5,1044.38,98,994,5,4,4,5-4-4,4.33,Champions
15192,United Kingdom,2010-12-09 14:56:00,2011-08-12 11:41:00,120,3,1044.32,51,918,2,4,4,2-4-4,3.33,At-Risk
14389,United Kingdom,2011-06-02 12:04:00,2011-10-05 15:17:00,66,2,1043.46,45,729,3,3,4,3-3-4,3.33,Loyal Customers
15073,United Kingdom,2011-06-06 09:59:00,2011-11-30 10:44:00,10,3,1043.41,54,491,5,4,4,5-4-4,4.33,Champions
12497,Germany,2011-09-19 12:29:00,2011-09-19 12:29:00,82,1,1043.1,14,1236,2,2,4,2-2-4,2.67,At-Risk
14584,United Kingdom,2011-05-25 17:31:00,2011-06-23 18:33:00,170,4,1042.26,100,383,2,4,4,2-4-4,3.33,At-Risk
13719,United Kingdom,2011-04-19 13:56:00,2011-11-24 15:26:00,16,5,1041.68,60,609,4,4,4,4-4-4,4.0,Champions
18221,United Kingdom,2011-05-12 14:13:00,2011-11-17 14:40:00,23,5,1041.61,64,791,4,4,4,4-4-4,4.0,Champions
15434,United Kingdom,2011-05-23 14:18:00,2011-12-01 13:33:00,9,5,1041.48,55,647,5,4,4,5-4-4,4.33,Champions
14446,United Kingdom,2011-04-07 12:10:00,2011-12-09 11:34:00,1,4,1039.58,293,933,5,4,4,5-4-4,4.33,Champions
16320,Unspecified,2011-05-10 15:31:00,2011-06-20 15:25:00,173,2,1038.46,56,732,2,3,4,2-3-4,3.0,At-Risk
16175,United Kingdom,2011-04-13 14:38:00,2011-09-06 14:32:00,95,4,1037.59,58,533,2,4,4,2-4-4,3.33,At-Risk
12691,France,2010-12-17 14:46:00,2011-11-11 16:49:00,29,6,1035.8,32,394,4,5,4,4-5-4,4.33,Champions
16260,United Kingdom,2011-10-20 09:40:00,2011-10-20 09:40:00,51,1,1035.45,18,311,3,2,4,3-2-4,3.0,Need Attention
13639,United Kingdom,2011-09-26 13:36:00,2011-09-26 13:36:00,75,1,1033.34,40,800,2,2,4,2-2-4,2.67,At-Risk
17724,United Kingdom,2011-07-24 13:26:00,2011-09-29 15:26:00,72,3,1033.0,40,300,3,4,4,3-4-4,3.67,Loyal Customers
12599,France,2011-02-08 13:28:00,2011-11-10 13:34:00,30,7,1032.58,62,956,4,5,4,4-5-4,4.33,Champions
12724,France,2011-01-11 15:00:00,2011-12-04 16:02:00,6,4,1031.41,53,445,5,4,4,5-4-4,4.33,Champions
17405,United Kingdom,2011-07-12 14:17:00,2011-12-08 17:12:00,2,3,1031.41,82,726,5,4,4,5-4-4,4.33,Champions
13235,United Kingdom,2011-05-11 17:13:00,2011-05-11 17:13:00,213,1,1031.07,58,441,1,2,4,1-2-4,2.33,At-Risk
12717,Greece,2011-04-08 10:32:00,2011-07-11 14:47:00,152,2,1030.98,55,506,2,3,4,2-3-4,3.0,At-Risk
13253,United Kingdom,2011-01-04 15:43:00,2011-07-06 10:09:00,157,2,1030.4,36,1572,2,3,4,2-3-4,3.0,At-Risk
17033,United Kingdom,2010-12-15 13:21:00,2011-09-14 14:34:00,87,3,1030.14,28,750,2,4,4,2-4-4,3.33,At-Risk
15333,United Kingdom,2011-05-15 13:27:00,2011-05-15 13:27:00,209,1,1028.56,16,344,1,2,4,1-2-4,2.33,At-Risk
16682,United Kingdom,2011-06-05 11:02:00,2011-12-05 12:13:00,5,5,1028.0,30,1040,5,4,4,5-4-4,4.33,Champions
15104,United Kingdom,2011-03-02 14:16:00,2011-05-27 12:29:00,197,2,1027.44,69,637,1,3,4,1-3-4,2.67,At-Risk
13956,United Kingdom,2011-03-13 12:51:00,2011-12-04 13:20:00,6,5,1026.42,152,491,5,4,4,5-4-4,4.33,Champions
16160,United Kingdom,2011-09-15 10:53:00,2011-10-05 14:19:00,66,2,1025.44,20,1162,3,3,4,3-3-4,3.33,Loyal Customers
14904,United Kingdom,2011-11-14 09:13:00,2011-12-07 12:55:00,3,2,1025.44,69,1985,5,3,4,5-3-4,4.0,Loyal Customers
15658,United Kingdom,2010-12-02 10:53:00,2011-06-02 15:22:00,191,5,1024.1,48,242,1,4,4,1-4-4,3.0,At-Risk
17096,United Kingdom,2011-03-23 12:05:00,2011-11-24 15:01:00,16,4,1022.13,48,339,4,4,4,4-4-4,4.0,Champions
14346,United Kingdom,2011-02-15 13:52:00,2011-08-11 09:47:00,121,2,1021.58,60,605,2,3,4,2-3-4,3.0,At-Risk
13165,United Kingdom,2010-12-23 14:06:00,2011-10-24 15:05:00,47,2,1021.48,42,1376,3,3,4,3-3-4,3.33,Loyal Customers
12572,Germany,2011-10-19 08:20:00,2011-12-01 09:20:00,9,2,1020.42,60,452,5,3,4,5-3-4,4.0,Loyal Customers
13376,United Kingdom,2011-04-19 13:03:00,2011-09-01 16:16:00,100,3,1019.76,53,493,2,4,4,2-4-4,3.33,At-Risk
18142,United Kingdom,2011-05-08 12:31:00,2011-07-05 13:19:00,158,2,1019.52,15,1276,2,3,4,2-3-4,3.0,At-Risk
12828,United Kingdom,2011-08-01 16:16:00,2011-12-07 08:45:00,3,6,1018.71,56,494,5,5,4,5-5-4,4.67,Champions
14083,United Kingdom,2010-12-03 12:24:00,2011-12-05 13:14:00,5,9,1018.43,181,732,5,5,4,5-5-4,4.67,Champions
12514,Italy,2011-03-17 16:38:00,2011-03-17 16:38:00,268,1,1017.68,51,440,1,2,4,1-2-4,2.33,At-Risk
13728,United Kingdom,2011-02-02 12:09:00,2011-11-03 10:49:00,37,6,1016.14,63,458,3,5,4,3-5-4,4.0,Loyal Customers
13867,United Kingdom,2011-05-05 17:28:00,2011-11-08 15:48:00,32,3,1015.29,61,513,4,4,4,4-4-4,4.0,Champions
12642,Germany,2011-08-24 09:23:00,2011-11-14 15:03:00,26,3,1013.26,47,552,4,4,4,4-4-4,4.0,Champions
12739,United Arab Emirates,2011-09-01 17:45:00,2011-09-22 13:00:00,79,2,1013.04,38,486,2,3,4,2-3-4,3.0,At-Risk
17197,United Kingdom,2011-11-10 10:32:00,2011-11-10 10:32:00,30,1,1013.01,29,191,4,2,4,4-2-4,3.33,Potential Loyalists
14195,United Kingdom,2011-04-01 16:50:00,2011-05-22 10:29:00,202,2,1012.0,7,760,1,3,4,1-3-4,2.67,At-Risk
14775,United Kingdom,2010-12-02 16:38:00,2011-10-12 15:27:00,59,3,1011.9,60,1174,3,4,4,3-4-4,3.67,Loyal Customers
16229,United Kingdom,2011-05-11 10:18:00,2011-09-13 17:16:00,88,2,1010.6,47,318,2,3,4,2-3-4,3.0,At-Risk
13032,United Kingdom,2011-09-13 16:40:00,2011-10-18 15:54:00,53,2,1010.18,71,375,3,3,4,3-3-4,3.33,Loyal Customers
16572,United Kingdom,2011-03-09 12:04:00,2011-08-04 16:34:00,128,3,1009.6,57,532,2,4,4,2-4-4,3.33,At-Risk
16174,United Kingdom,2011-07-11 09:23:00,2011-08-05 13:26:00,127,3,1009.55,23,651,2,4,4,2-4-4,3.33,At-Risk
17951,United Kingdom,2010-12-01 12:40:00,2011-10-31 12:30:00,40,3,1008.54,20,616,3,4,4,3-4-4,3.67,Loyal Customers
17646,United Kingdom,2010-12-09 14:28:00,2011-05-04 13:17:00,220,3,1008.39,51,323,1,4,4,1-4-4,3.0,At-Risk
14631,United Kingdom,2011-02-14 09:31:00,2011-10-20 11:17:00,51,3,1006.98,41,622,3,4,4,3-4-4,3.67,Loyal Customers
13429,United Kingdom,2011-09-25 15:59:00,2011-11-29 09:10:00,11,4,1006.8,67,1390,5,4,4,5-4-4,4.33,Champions
17126,United Kingdom,2010-12-12 11:26:00,2011-07-10 13:52:00,153,5,1004.75,260,792,2,4,4,2-4-4,3.33,At-Risk
14214,United Kingdom,2011-03-07 12:26:00,2011-11-09 10:31:00,31,5,1004.38,67,751,4,4,4,4-4-4,4.0,Champions
13410,United Kingdom,2011-02-21 14:38:00,2011-11-15 15:33:00,25,5,1003.06,28,518,4,4,4,4-4-4,4.0,Champions
12446,RSA,2011-10-13 12:50:00,2011-10-13 12:50:00,58,1,1002.31,57,351,3,2,4,3-2-4,3.0,Need Attention
12545,Spain,2011-03-25 12:04:00,2011-09-25 13:39:00,76,2,1000.39,50,523,2,3,4,2-3-4,3.0,At-Risk
15508,United Kingdom,2011-04-18 15:31:00,2011-06-03 15:43:00,190,6,1000.27,92,440,1,5,4,1-5-4,3.33,At-Risk
18143,United Kingdom,2011-07-21 10:44:00,2011-08-15 12:07:00,117,2,1000.16,61,570,2,3,4,2-3-4,3.0,At-Risk
12722,France,2011-07-12 11:55:00,2011-09-15 14:50:00,86,4,997.63,53,566,2,4,4,2-4-4,3.33,At-Risk
14540,United Kingdom,2011-02-03 15:02:00,2011-11-30 10:15:00,10,3,996.26,76,421,5,4,4,5-4-4,4.33,Champions
15110,United Kingdom,2011-01-25 11:41:00,2011-11-16 11:16:00,24,4,996.1,35,246,4,4,4,4-4-4,4.0,Champions
17594,United Kingdom,2011-03-30 10:32:00,2011-09-15 16:34:00,86,2,993.18,50,550,2,3,4,2-3-4,3.0,At-Risk
16009,United Kingdom,2011-07-03 11:26:00,2011-11-17 16:51:00,23,4,992.71,90,378,4,4,4,4-4-4,4.0,Champions
13363,United Kingdom,2011-10-27 10:46:00,2011-11-22 12:40:00,18,2,992.5,60,710,4,3,4,4-3-4,3.67,Loyal Customers
14223,United Kingdom,2011-03-20 16:02:00,2011-09-08 13:38:00,93,3,991.13,60,585,2,4,4,2-4-4,3.33,At-Risk
16232,United Kingdom,2011-05-08 14:05:00,2011-10-27 12:16:00,44,4,990.88,37,550,3,4,4,3-4-4,3.67,Loyal Customers
17324,United Kingdom,2010-12-08 12:45:00,2011-11-22 10:34:00,18,4,990.23,50,844,4,4,4,4-4-4,4.0,Champions
15062,United Kingdom,2010-12-15 15:37:00,2011-09-29 16:51:00,72,4,987.86,57,763,3,4,4,3-4-4,3.67,Loyal Customers
18237,United Kingdom,2011-07-28 13:05:00,2011-12-07 12:49:00,3,5,987.1,61,622,5,4,4,5-4-4,4.33,Champions
16376,United Kingdom,2011-11-22 16:47:00,2011-12-01 11:38:00,9,2,987.01,125,694,5,3,4,5-3-4,4.0,Loyal Customers
13117,United Kingdom,2010-12-02 13:11:00,2011-11-18 12:02:00,22,8,984.91,76,945,4,5,4,4-5-4,4.33,Champions
17144,United Kingdom,2011-09-16 12:50:00,2011-12-08 17:57:00,2,2,984.57,48,483,5,3,4,5-3-4,4.0,Loyal Customers
12510,Spain,2011-01-18 14:04:00,2011-07-20 10:15:00,143,2,982.57,33,353,2,3,4,2-3-4,3.0,At-Risk
15133,United Kingdom,2011-02-11 10:38:00,2011-08-04 10:44:00,128,3,982.42,29,680,2,4,4,2-4-4,3.33,At-Risk
14138,United Kingdom,2011-10-07 09:38:00,2011-12-08 12:44:00,2,2,982.38,47,610,5,3,4,5-3-4,4.0,Loyal Customers
15071,United Kingdom,2011-03-09 10:19:00,2011-09-07 11:43:00,94,2,982.07,26,269,2,3,4,2-3-4,3.0,At-Risk
16188,United Kingdom,2011-04-11 09:44:00,2011-10-26 12:19:00,45,4,981.86,67,782,3,4,4,3-4-4,3.67,Loyal Customers
16907,United Kingdom,2010-12-09 16:52:00,2011-11-10 18:04:00,30,5,981.65,151,298,4,4,4,4-4-4,4.0,Champions
16085,United Kingdom,2011-01-23 12:07:00,2011-11-16 13:24:00,24,5,981.51,167,636,4,4,4,4-4-4,4.0,Champions
12541,Spain,2011-03-04 09:32:00,2011-11-10 10:40:00,30,3,981.18,52,680,4,4,4,4-4-4,4.0,Champions
18170,United Kingdom,2011-05-06 15:13:00,2011-11-06 14:35:00,34,3,980.31,38,409,3,4,4,3-4-4,3.67,Loyal Customers
13509,United Kingdom,2011-02-28 13:27:00,2011-12-01 10:10:00,9,7,979.72,44,1106,5,5,4,5-5-4,4.67,Champions
15506,United Kingdom,2011-07-24 11:45:00,2011-11-17 12:11:00,23,3,979.26,164,848,4,4,4,4-4-4,4.0,Champions
13350,United Kingdom,2011-09-21 13:33:00,2011-11-23 16:33:00,17,2,979.12,40,287,4,3,4,4-3-4,3.67,Loyal Customers
15132,United Kingdom,2011-03-22 12:02:00,2011-11-21 17:10:00,19,5,977.93,52,679,4,4,4,4-4-4,4.0,Champions
14920,United Kingdom,2011-05-11 10:31:00,2011-05-11 10:32:00,213,2,977.77,57,509,1,3,4,1-3-4,2.67,At-Risk
15860,United Kingdom,2010-12-06 11:38:00,2011-10-30 11:25:00,41,8,977.21,142,440,3,5,4,3-5-4,4.0,Loyal Customers
13026,United Kingdom,2011-03-09 11:35:00,2011-12-08 16:58:00,2,5,975.36,40,1620,5,4,4,5-4-4,4.33,Champions
14522,United Kingdom,2011-05-25 16:01:00,2011-11-15 13:24:00,25,4,974.54,17,525,4,4,4,4-4-4,4.0,Champions
15449,United Kingdom,2011-03-23 10:43:00,2011-11-13 15:02:00,27,3,974.52,60,812,4,4,4,4-4-4,4.0,Champions
12994,United Kingdom,2011-03-16 08:31:00,2011-12-05 15:43:00,5,3,974.42,61,459,5,4,4,5-4-4,4.33,Champions
15747,United Kingdom,2011-06-20 11:30:00,2011-11-27 12:26:00,13,3,974.04,93,480,5,4,4,5-4-4,4.33,Champions
18194,United Kingdom,2011-09-18 13:29:00,2011-09-18 13:29:00,83,1,973.84,7,632,2,2,4,2-2-4,2.67,At-Risk
16419,United Kingdom,2011-02-01 12:25:00,2011-08-19 12:33:00,113,6,972.23,51,436,2,5,4,2-5-4,3.67,At-Risk
13155,United Kingdom,2010-12-06 12:44:00,2011-11-06 15:41:00,34,4,971.76,85,497,3,4,4,3-4-4,3.67,Loyal Customers
17100,United Kingdom,2011-11-21 16:36:00,2011-11-21 16:36:00,19,2,971.74,65,800,4,3,4,4-3-4,3.67,Loyal Customers
17618,United Kingdom,2010-12-12 16:05:00,2011-12-04 11:50:00,6,3,971.58,78,331,5,4,4,5-4-4,4.33,Champions
14256,United Kingdom,2010-12-10 11:44:00,2011-03-24 13:17:00,261,2,969.06,53,414,1,3,4,1-3-4,2.67,At-Risk
15907,United Kingdom,2011-05-13 13:01:00,2011-12-06 12:21:00,4,3,967.45,249,509,5,4,4,5-4-4,4.33,Champions
15793,United Kingdom,2011-03-16 10:45:00,2011-11-25 09:31:00,15,3,965.61,12,553,4,4,4,4-4-4,4.0,Champions
12550,Spain,2011-09-21 14:35:00,2011-09-21 14:35:00,80,1,964.83,57,569,2,2,4,2-2-4,2.67,At-Risk
13138,United Kingdom,2010-12-02 15:03:00,2011-11-17 16:51:00,23,6,962.39,63,473,4,5,4,4-5-4,4.33,Champions
14006,United Kingdom,2011-01-31 15:11:00,2011-08-16 09:39:00,116,3,962.19,30,641,2,4,4,2-4-4,3.33,At-Risk
15156,United Kingdom,2011-11-06 12:41:00,2011-12-08 18:22:00,2,3,961.49,55,597,5,4,4,5-4-4,4.33,Champions
14629,United Kingdom,2011-10-23 16:13:00,2011-12-05 16:55:00,5,2,959.01,152,380,5,3,4,5-3-4,4.0,Loyal Customers
18192,United Kingdom,2011-09-29 09:53:00,2011-09-29 09:53:00,72,1,957.97,45,339,3,2,4,3-2-4,3.0,Need Attention
13823,United Kingdom,2011-09-09 10:42:00,2011-11-21 10:22:00,19,2,957.66,40,439,4,3,4,4-3-4,3.67,Loyal Customers
12697,Sweden,2011-06-23 15:44:00,2011-11-11 08:47:00,29,3,957.59,41,508,4,4,4,4-4-4,4.0,Champions
15948,United Kingdom,2011-10-27 08:35:00,2011-12-01 15:32:00,9,2,955.24,60,567,5,3,4,5-3-4,4.0,Loyal Customers
17244,United Kingdom,2011-10-17 15:19:00,2011-10-17 15:19:00,54,1,954.9,31,616,3,2,4,3-2-4,3.0,Need Attention
17097,Spain,2010-12-09 14:55:00,2011-12-07 17:05:00,3,8,954.42,211,459,5,5,4,5-5-4,4.67,Champions
15835,United Kingdom,2011-01-13 10:35:00,2011-10-26 15:47:00,45,4,954.09,50,439,3,4,4,3-4-4,3.67,Loyal Customers
16934,United Kingdom,2011-10-16 12:25:00,2011-10-16 12:40:00,55,2,950.93,62,399,3,3,4,3-3-4,3.33,Loyal Customers
15421,United Kingdom,2011-02-02 14:36:00,2011-10-12 09:20:00,59,4,950.36,53,500,3,4,4,3-4-4,3.67,Loyal Customers
16511,United Kingdom,2011-03-18 11:24:00,2011-11-18 10:41:00,22,3,950.26,169,417,4,4,4,4-4-4,4.0,Champions
13636,United Kingdom,2011-02-27 14:29:00,2011-11-03 10:30:00,37,5,949.12,63,592,3,4,4,3-4-4,3.67,Loyal Customers
12822,United Kingdom,2011-09-13 13:46:00,2011-09-30 10:04:00,71,2,948.88,46,550,3,3,4,3-3-4,3.33,Loyal Customers
17044,United Kingdom,2011-11-14 14:28:00,2011-11-14 14:28:00,26,1,948.48,6,504,4,2,4,4-2-4,3.33,Potential Loyalists
13748,United Kingdom,2010-12-01 09:00:00,2011-09-05 09:45:00,96,5,948.25,28,439,2,4,4,2-4-4,3.33,At-Risk
15787,United Kingdom,2011-10-09 13:11:00,2011-11-13 14:55:00,27,3,948.05,206,540,4,4,4,4-4-4,4.0,Champions
12458,Switzerland,2011-02-28 10:55:00,2011-09-29 15:25:00,72,2,947.4,38,506,3,3,4,3-3-4,3.33,Loyal Customers
15707,United Kingdom,2011-09-14 14:19:00,2011-11-04 14:35:00,36,4,945.58,214,605,3,4,4,3-4-4,3.67,Loyal Customers
17289,United Kingdom,2011-06-12 13:51:00,2011-11-08 12:01:00,32,3,944.41,111,520,4,4,4,4-4-4,4.0,Champions
13261,United Kingdom,2011-02-27 10:41:00,2011-03-16 12:22:00,269,2,944.1,9,210,1,3,4,1-3-4,2.67,At-Risk
12820,United Kingdom,2011-01-17 12:34:00,2011-12-06 15:12:00,4,4,942.34,59,722,5,4,3,5-4-3,4.0,Champions
14075,United Kingdom,2011-03-23 16:35:00,2011-12-05 08:38:00,5,3,942.26,43,754,5,4,3,5-4-3,4.0,Champions
15576,United Kingdom,2011-11-02 12:03:00,2011-11-02 12:03:00,38,1,940.67,45,404,3,2,3,3-2-3,2.67,Need Attention
15289,United Kingdom,2011-04-04 12:44:00,2011-11-10 13:49:00,30,3,939.78,58,1008,4,4,3,4-4-3,3.67,Champions
17527,United Kingdom,2011-05-05 13:43:00,2011-10-17 12:32:00,54,4,939.37,47,488,3,4,3,3-4-3,3.33,Loyal Customers
17227,United Kingdom,2010-12-06 11:16:00,2011-11-21 10:51:00,19,6,939.32,47,741,4,5,3,4-5-3,4.0,Champions
16584,United Kingdom,2011-03-30 13:14:00,2011-09-20 13:45:00,81,2,936.08,28,646,2,3,3,2-3-3,2.67,At-Risk
14140,United Kingdom,2011-11-08 11:20:00,2011-12-06 09:05:00,4,2,935.05,66,811,5,3,3,5-3-3,3.67,Loyal Customers
16027,United Kingdom,2011-02-10 12:19:00,2011-09-09 10:47:00,92,6,934.62,16,1147,2,5,3,2-5-3,3.33,At-Risk
14081,United Kingdom,2010-12-05 15:47:00,2011-02-10 16:17:00,303,2,934.52,153,596,1,3,3,1-3-3,2.33,At-Risk
12924,United Kingdom,2011-01-16 11:49:00,2011-09-12 13:55:00,89,4,933.7,30,481,2,4,3,2-4-3,3.0,At-Risk
16657,United Kingdom,2011-03-30 12:02:00,2011-11-30 11:48:00,10,4,933.62,208,1229,5,4,3,5-4-3,4.0,Champions
13655,United Kingdom,2011-04-12 09:53:00,2011-08-17 14:25:00,115,2,932.97,56,605,2,3,3,2-3-3,2.67,At-Risk
14532,United Kingdom,2010-12-22 13:48:00,2011-04-17 13:05:00,237,4,932.85,64,284,1,4,3,1-4-3,2.67,At-Risk
18133,United Kingdom,2011-05-11 14:14:00,2011-05-11 14:14:00,213,1,931.5,1,1350,1,2,3,1-2-3,2.0,At-Risk
17552,United Kingdom,2010-12-02 18:45:00,2011-10-10 17:00:00,61,4,930.41,49,719,3,4,3,3-4-3,3.33,Loyal Customers
14475,United Kingdom,2011-02-08 10:12:00,2011-09-29 10:46:00,72,3,925.85,42,447,3,4,3,3-4-3,3.33,Loyal Customers
14231,United Kingdom,2011-02-24 11:55:00,2011-06-09 11:05:00,184,3,925.71,50,409,1,4,3,1-4-3,2.67,At-Risk
17048,United Kingdom,2011-01-12 16:51:00,2011-08-14 11:49:00,118,3,925.35,43,485,2,4,3,2-4-3,3.0,At-Risk
15312,United Kingdom,2010-12-20 12:51:00,2011-09-25 13:10:00,76,4,924.85,47,516,2,4,3,2-4-3,3.0,At-Risk
13805,United Kingdom,2011-08-02 15:29:00,2011-10-18 14:50:00,53,2,924.6,13,1900,3,3,3,3-3-3,3.0,Loyal Customers
15654,United Kingdom,2011-11-13 15:15:00,2011-11-30 13:08:00,10,2,922.53,21,475,5,3,3,5-3-3,3.67,Loyal Customers
13122,United Kingdom,2011-04-13 14:12:00,2011-09-06 15:53:00,95,2,922.39,55,585,2,3,3,2-3-3,2.67,At-Risk
16551,United Kingdom,2011-01-07 10:24:00,2011-09-05 09:38:00,96,3,922.12,32,970,2,4,3,2-4-3,3.0,At-Risk
13934,United Kingdom,2011-03-21 08:39:00,2011-03-21 08:39:00,264,1,922.1,31,390,1,2,3,1-2-3,2.0,At-Risk
13035,United Kingdom,2011-03-24 09:21:00,2011-09-27 08:57:00,74,2,921.88,27,644,2,3,3,2-3-3,2.67,At-Risk
17323,United Kingdom,2011-02-20 14:38:00,2011-11-24 17:29:00,16,7,921.07,200,776,4,5,3,4-5-3,4.0,Champions
13984,United Kingdom,2010-12-08 15:58:00,2011-11-13 12:38:00,27,5,920.51,16,679,4,4,3,4-4-3,3.67,Champions
17018,United Kingdom,2011-01-18 08:46:00,2011-10-30 11:42:00,41,2,920.1,16,176,3,3,3,3-3-3,3.0,Loyal Customers
12652,France,2011-01-12 15:00:00,2011-01-12 15:00:00,332,1,919.98,48,505,1,2,3,1-2-3,2.0,At-Risk
13075,United Kingdom,2011-08-02 10:19:00,2011-08-02 10:19:00,130,1,919.61,22,485,2,2,3,2-2-3,2.33,At-Risk
13549,United Kingdom,2011-04-11 13:42:00,2011-11-14 09:20:00,26,7,918.2,51,458,4,5,3,4-5-3,4.0,Champions
15253,United Kingdom,2011-06-23 12:19:00,2011-11-23 16:22:00,17,5,918.2,53,866,4,4,3,4-4-3,3.67,Champions
14015,United Kingdom,2011-10-18 10:02:00,2011-10-18 10:02:00,53,1,917.34,20,378,3,2,3,3-2-3,2.67,Need Attention
14712,United Kingdom,2011-08-19 13:33:00,2011-11-10 12:59:00,30,3,917.07,25,315,4,4,3,4-4-3,3.67,Champions
17236,United Kingdom,2010-12-12 11:49:00,2011-11-27 12:00:00,13,6,916.13,105,474,5,5,3,5-5-3,4.33,Champions
14141,United Kingdom,2011-08-26 14:40:00,2011-12-07 09:53:00,3,4,915.13,40,355,5,4,3,5-4-3,4.0,Champions
16216,United Kingdom,2011-03-17 15:34:00,2011-03-17 15:34:00,268,1,914.93,37,254,1,2,3,1-2-3,2.0,At-Risk
16809,United Kingdom,2011-03-22 15:20:00,2011-11-16 15:45:00,24,5,914.69,149,652,4,4,3,4-4-3,3.67,Champions
15587,United Kingdom,2010-12-23 09:59:00,2011-10-20 13:37:00,51,4,913.68,9,312,3,4,3,3-4-3,3.33,Loyal Customers
12940,United Kingdom,2011-09-13 10:16:00,2011-10-16 12:09:00,55,2,913.54,99,411,3,3,3,3-3-3,3.0,Loyal Customers
15364,United Kingdom,2011-03-30 13:39:00,2011-09-05 09:46:00,96,2,913.19,29,493,2,3,3,2-3-3,2.67,At-Risk
14359,United Kingdom,2011-09-13 09:03:00,2011-11-20 13:17:00,20,3,912.18,55,371,4,3,3,4-3-3,3.33,Loyal Customers
13782,United Kingdom,2011-01-16 11:08:00,2011-11-27 11:54:00,13,6,912.0,115,371,5,5,3,5-5-3,4.33,Champions
13192,United Kingdom,2011-05-18 14:57:00,2011-09-05 14:13:00,96,2,911.94,63,595,2,3,3,2-3-3,2.67,At-Risk
14289,United Kingdom,2011-02-23 12:33:00,2011-12-01 11:44:00,9,6,911.26,47,292,5,5,3,5-5-3,4.33,Champions
18096,United Kingdom,2011-10-07 11:55:00,2011-11-28 12:44:00,12,3,911.15,213,825,5,3,3,5-3-3,3.67,Loyal Customers
13689,United Kingdom,2011-10-07 13:21:00,2011-10-07 13:21:00,64,1,910.0,6,512,3,2,3,3-2-3,2.67,Need Attention
15511,United Kingdom,2011-09-15 15:05:00,2011-11-28 09:43:00,12,5,909.23,160,271,5,4,3,5-4-3,4.0,Champions
13038,United Kingdom,2011-02-22 11:43:00,2011-09-20 14:37:00,81,3,908.46,28,360,2,3,3,2-3-3,2.67,At-Risk
14449,United Kingdom,2010-12-02 14:09:00,2011-11-21 12:06:00,19,4,907.1,258,757,4,4,3,4-4-3,3.67,Champions
15480,Malta,2011-08-15 14:32:00,2011-08-15 14:32:00,117,1,905.5,45,303,2,2,3,2-2-3,2.33,At-Risk
15022,United Kingdom,2011-10-23 15:47:00,2011-11-28 12:35:00,12,4,905.04,135,543,5,4,3,5-4-3,4.0,Champions
15807,United Kingdom,2011-09-23 14:43:00,2011-10-20 14:10:00,51,3,903.9,48,430,3,3,3,3-3-3,3.0,Loyal Customers
17566,United Kingdom,2011-11-14 13:42:00,2011-12-01 19:54:00,9,2,901.21,152,518,5,3,3,5-3-3,3.67,Loyal Customers
16716,United Kingdom,2011-02-01 15:35:00,2011-03-18 10:03:00,267,2,901.2,2,120,1,3,3,1-3-3,2.33,At-Risk
17848,United Kingdom,2010-12-16 18:38:00,2011-09-19 16:49:00,82,9,901.2,51,398,2,5,3,2-5-3,3.33,At-Risk
14625,United Kingdom,2010-12-13 15:36:00,2011-05-27 15:32:00,197,2,899.63,53,335,1,3,3,1-3-3,2.33,At-Risk
17886,United Kingdom,2011-04-04 12:34:00,2011-11-08 10:09:00,32,3,899.61,109,481,4,3,3,4-3-3,3.33,Loyal Customers
13662,United Kingdom,2011-03-25 13:23:00,2011-09-15 12:04:00,86,3,897.76,53,543,2,3,3,2-3-3,2.67,At-Risk
17537,United Kingdom,2011-02-09 13:37:00,2011-11-10 10:56:00,30,2,897.62,75,700,4,3,3,4-3-3,3.33,Loyal Customers
16361,United Kingdom,2011-09-29 13:13:00,2011-11-30 12:32:00,10,4,896.66,106,421,5,4,3,5-4-3,4.0,Champions
15079,United Kingdom,2010-12-09 09:25:00,2011-05-11 12:45:00,213,4,895.61,47,389,1,4,3,1-4-3,2.67,At-Risk
15865,United Kingdom,2011-05-10 11:44:00,2011-10-30 12:43:00,41,3,895.13,40,368,3,3,3,3-3-3,3.0,Loyal Customers
15211,United Kingdom,2010-12-09 16:08:00,2011-10-10 13:31:00,61,2,894.41,52,240,3,3,3,3-3-3,3.0,Loyal Customers
15066,United Kingdom,2011-10-17 13:25:00,2011-10-17 13:25:00,54,1,893.59,42,317,3,2,3,3-2-3,2.67,Need Attention
12772,Portugal,2011-10-11 09:19:00,2011-10-11 09:19:00,60,1,892.47,55,556,3,2,3,3-2-3,2.67,Need Attention
13515,United Kingdom,2011-04-06 10:33:00,2011-09-28 11:26:00,73,4,891.12,59,681,2,4,3,2-4-3,3.0,At-Risk
15255,United Kingdom,2011-10-04 12:43:00,2011-10-04 12:43:00,67,1,890.85,47,489,3,2,3,3-2-3,2.67,Need Attention
14240,United Kingdom,2011-04-28 11:40:00,2011-11-09 13:45:00,31,2,890.34,42,418,4,3,3,4-3-3,3.33,Loyal Customers
17027,United Kingdom,2011-01-26 14:19:00,2011-09-22 12:24:00,79,6,890.29,153,421,2,5,3,2-5-3,3.33,At-Risk
14344,United Kingdom,2010-12-06 11:58:00,2011-08-04 13:51:00,128,8,889.93,71,477,2,5,3,2-5-3,3.33,At-Risk
17007,United Kingdom,2010-12-17 13:57:00,2011-10-20 10:47:00,51,6,889.93,52,597,3,5,3,3-5-3,3.67,Loyal Customers
14623,United Kingdom,2011-04-18 13:54:00,2011-11-07 13:56:00,33,5,889.25,134,419,4,4,3,4-4-3,3.67,Champions
17829,United Arab Emirates,2011-02-14 12:46:00,2011-02-14 12:46:00,299,1,889.24,30,496,1,2,3,1-2-3,2.0,At-Risk
16347,United Kingdom,2011-11-03 13:01:00,2011-11-28 13:14:00,12,2,887.65,92,353,5,3,3,5-3-3,3.67,Loyal Customers
16900,United Kingdom,2011-10-07 13:17:00,2011-11-23 10:32:00,17,3,887.11,79,833,4,3,3,4-3-3,3.33,Loyal Customers
15822,United Kingdom,2010-12-15 13:38:00,2011-12-06 14:50:00,4,2,885.47,33,375,5,3,3,5-3-3,3.67,Loyal Customers
17704,United Kingdom,2011-04-14 09:28:00,2011-06-24 09:40:00,169,2,885.19,31,343,2,3,3,2-3-3,2.67,At-Risk
17109,United Kingdom,2011-04-21 15:46:00,2011-11-10 16:59:00,30,6,885.04,117,589,4,5,3,4-5-3,4.0,Champions
15799,United Kingdom,2011-01-09 15:13:00,2011-09-25 12:46:00,76,3,884.14,98,955,2,3,3,2-3-3,2.67,At-Risk
14597,United Kingdom,2011-06-01 12:33:00,2011-11-28 13:13:00,12,2,883.15,55,577,5,3,3,5-3-3,3.67,Loyal Customers
18236,United Kingdom,2011-04-13 09:52:00,2011-11-10 08:06:00,30,6,882.24,49,403,4,5,3,4-5-3,4.0,Champions
13037,United Kingdom,2011-03-28 15:42:00,2011-07-24 15:46:00,139,3,881.07,48,431,2,3,3,2-3-3,2.67,At-Risk
15076,United Kingdom,2011-06-20 08:23:00,2011-06-20 08:23:00,173,1,880.85,49,571,2,2,3,2-2-3,2.33,At-Risk
15653,United Kingdom,2011-08-16 09:50:00,2011-09-08 10:49:00,93,2,877.44,6,1200,2,3,3,2-3-3,2.67,At-Risk
14770,United Kingdom,2011-01-20 15:00:00,2011-04-21 14:21:00,233,2,876.42,52,490,1,3,3,1-3-3,2.33,At-Risk
15100,United Kingdom,2010-12-01 09:09:00,2011-01-10 10:35:00,334,3,876.0,3,80,1,3,3,1-3-3,2.33,At-Risk
13566,United Kingdom,2011-09-18 12:40:00,2011-10-30 11:59:00,41,2,874.71,176,575,3,3,3,3-3-3,3.0,Loyal Customers
16513,United Kingdom,2011-10-27 14:56:00,2011-12-05 10:18:00,5,4,874.59,35,407,5,4,3,5-4-3,4.0,Champions
13294,United Kingdom,2011-04-04 12:37:00,2011-06-03 08:54:00,190,2,873.74,54,453,1,3,3,1-3-3,2.33,At-Risk
12847,United Kingdom,2011-11-17 13:16:00,2011-11-17 13:16:00,23,1,871.54,91,909,4,2,3,4-2-3,3.0,Potential Loyalists
15208,United Kingdom,2010-12-21 13:03:00,2011-12-08 17:24:00,2,5,870.12,42,316,5,4,3,5-4-3,4.0,Champions
13200,United Kingdom,2011-08-05 14:50:00,2011-11-20 15:35:00,20,4,870.09,46,516,4,4,3,4-4-3,3.67,Champions
13979,United Kingdom,2011-09-27 13:32:00,2011-09-27 13:32:00,74,1,869.87,54,639,2,2,3,2-2-3,2.33,At-Risk
12694,France,2011-06-09 17:48:00,2011-09-30 13:06:00,71,2,869.67,37,509,3,3,3,3-3-3,3.0,Loyal Customers
13203,United Kingdom,2011-04-11 14:40:00,2011-11-30 10:45:00,10,4,869.46,57,800,5,4,3,5-4-3,4.0,Champions
17649,United Kingdom,2011-07-24 15:53:00,2011-07-24 15:53:00,139,1,868.49,52,399,2,2,3,2-2-3,2.33,At-Risk
14912,Italy,2011-04-07 11:06:00,2011-11-23 09:20:00,17,2,867.85,27,971,4,3,3,4-3-3,3.33,Loyal Customers
14715,United Kingdom,2011-01-12 13:27:00,2011-11-15 12:10:00,25,4,867.38,71,521,4,4,3,4-4-3,3.67,Champions
16235,United Kingdom,2011-01-11 15:42:00,2011-10-30 10:56:00,41,5,867.31,46,330,3,4,3,3-4-3,3.33,Loyal Customers
16121,United Kingdom,2011-05-08 11:52:00,2011-10-13 12:59:00,58,2,867.11,212,586,3,3,3,3-3-3,3.0,Loyal Customers
14332,United Kingdom,2011-07-15 10:33:00,2011-11-17 11:54:00,23,3,866.31,26,481,4,3,3,4-3-3,3.33,Loyal Customers
16567,United Kingdom,2011-01-07 09:31:00,2011-05-29 13:57:00,195,2,865.6,35,996,1,3,3,1-3-3,2.33,At-Risk
13846,United Kingdom,2010-12-14 16:07:00,2011-11-15 12:07:00,25,3,865.06,55,388,4,3,3,4-3-3,3.33,Loyal Customers
16221,United Kingdom,2010-12-07 13:13:00,2011-11-03 11:43:00,37,3,864.86,97,717,3,3,3,3-3-3,3.0,Loyal Customers
12680,France,2011-08-18 15:44:00,2011-12-09 12:50:00,1,4,862.81,52,443,5,4,3,5-4-3,4.0,Champions
16266,United Kingdom,2011-05-17 14:50:00,2011-09-27 12:08:00,74,7,861.89,61,398,2,5,3,2-5-3,3.33,At-Risk
12794,Portugal,2011-09-02 12:01:00,2011-10-17 14:54:00,54,2,860.41,45,592,3,3,3,3-3-3,3.0,Loyal Customers
13339,United Kingdom,2011-05-23 08:31:00,2011-05-23 08:31:00,201,1,860.12,54,326,1,2,3,1-2-3,2.0,At-Risk
14577,United Kingdom,2010-12-12 11:26:00,2011-11-27 12:47:00,13,4,859.71,123,353,5,4,3,5-4-3,4.0,Champions
17064,United Kingdom,2011-01-16 16:10:00,2011-10-12 10:18:00,59,3,859.35,62,318,3,3,3,3-3-3,3.0,Loyal Customers
14553,United Kingdom,2011-01-04 15:40:00,2011-11-20 13:20:00,20,5,859.27,113,493,4,4,3,4-4-3,3.67,Champions
16163,United Kingdom,2010-12-09 16:28:00,2011-04-21 15:15:00,233,2,856.6,6,192,1,3,3,1-3-3,2.33,At-Risk
13991,United Kingdom,2011-07-19 12:58:00,2011-11-27 16:18:00,13,6,855.97,84,998,5,5,3,5-5-3,4.33,Champions
12693,Germany,2011-01-24 12:58:00,2011-08-04 17:51:00,128,4,855.91,39,255,2,4,3,2-4-3,3.0,At-Risk
16037,United Kingdom,2010-12-16 10:18:00,2011-03-15 09:13:00,270,3,855.02,39,428,1,3,3,1-3-3,2.33,At-Risk
12878,United Kingdom,2011-03-18 14:02:00,2011-04-17 13:07:00,237,2,854.99,47,547,1,3,3,1-3-3,2.33,At-Risk
17560,United Kingdom,2011-02-02 11:14:00,2011-09-06 09:18:00,95,4,854.95,26,635,2,4,3,2-4-3,3.0,At-Risk
16877,United Kingdom,2011-05-15 16:13:00,2011-11-27 13:47:00,13,6,853.72,159,463,5,5,3,5-5-3,4.33,Champions
14193,United Kingdom,2011-03-15 11:38:00,2011-10-03 09:34:00,68,2,853.39,42,445,3,3,3,3-3-3,3.0,Loyal Customers
12379,Belgium,2011-06-22 16:32:00,2011-09-19 10:09:00,82,2,852.24,40,407,2,3,3,2-3-3,2.67,At-Risk
16070,United Kingdom,2011-11-07 16:36:00,2011-11-17 15:50:00,23,2,852.15,33,457,4,3,3,4-3-3,3.33,Loyal Customers
16020,United Kingdom,2011-10-05 13:54:00,2011-11-23 11:18:00,17,3,851.01,46,487,4,3,3,4-3-3,3.33,Loyal Customers
12713,Germany,2011-12-09 12:16:00,2011-12-09 12:16:00,1,1,848.55,38,508,5,2,3,5-2-3,3.33,Potential Loyalists
14657,United Kingdom,2011-01-17 15:19:00,2011-11-22 12:47:00,18,4,848.22,126,466,4,4,3,4-4-3,3.67,Champions
13221,United Kingdom,2010-12-15 13:24:00,2011-04-13 16:58:00,241,2,847.41,66,244,1,3,3,1-3-3,2.33,At-Risk
16924,United Kingdom,2011-09-16 12:54:00,2011-11-18 12:53:00,22,3,846.75,83,493,4,3,3,4-3-3,3.33,Loyal Customers
16222,United Kingdom,2011-01-25 13:38:00,2011-01-25 13:38:00,319,1,846.72,137,365,1,2,3,1-2-3,2.0,At-Risk
15965,United Kingdom,2010-12-07 13:18:00,2011-11-22 16:44:00,18,4,845.64,122,453,4,4,3,4-4-3,3.67,Champions
14803,United Kingdom,2011-02-20 13:21:00,2011-06-30 13:58:00,163,3,845.55,44,370,2,3,3,2-3-3,2.67,At-Risk
17624,United Kingdom,2011-05-05 17:59:00,2011-11-25 10:52:00,15,2,843.48,50,554,4,3,3,4-3-3,3.33,Loyal Customers
15164,United Kingdom,2011-01-04 14:21:00,2011-10-02 12:05:00,69,3,843.05,103,360,3,3,3,3-3-3,3.0,Loyal Customers
17929,United Kingdom,2011-02-04 11:40:00,2011-11-28 16:01:00,12,4,843.0,5,108,5,4,3,5-4-3,4.0,Champions
13929,United Kingdom,2011-01-17 15:11:00,2011-06-23 15:26:00,170,2,842.65,9,143,2,3,3,2-3-3,2.67,At-Risk
16108,United Kingdom,2011-09-16 11:48:00,2011-09-16 11:48:00,85,1,842.5,48,615,2,2,3,2-2-3,2.33,At-Risk
16560,United Kingdom,2010-12-16 14:36:00,2011-11-13 10:35:00,27,2,841.41,56,500,4,3,3,4-3-3,3.33,Loyal Customers
14862,United Kingdom,2011-07-14 11:20:00,2011-11-14 10:01:00,26,2,841.2,48,772,4,3,3,4-3-3,3.33,Loyal Customers
17076,United Kingdom,2010-12-10 10:08:00,2011-11-03 17:53:00,37,3,841.08,25,295,3,3,3,3-3-3,3.0,Loyal Customers
13940,United Kingdom,2011-07-18 16:05:00,2011-11-22 15:15:00,18,4,839.14,49,516,4,4,3,4-4-3,3.67,Champions
17115,United Kingdom,2011-04-20 14:46:00,2011-12-01 14:30:00,9,3,837.5,39,372,5,3,3,5-3-3,3.67,Loyal Customers
16554,United Kingdom,2011-01-12 12:41:00,2011-10-28 14:51:00,43,3,837.1,52,402,3,3,3,3-3-3,3.0,Loyal Customers
15832,United Kingdom,2011-03-30 15:29:00,2011-03-30 15:29:00,255,1,836.79,54,465,1,2,3,1-2-3,2.0,At-Risk
12728,France,2011-01-11 13:31:00,2011-09-29 15:31:00,72,4,836.33,46,419,3,4,3,3-4-3,3.33,Loyal Customers
16747,United Kingdom,2011-10-03 10:18:00,2011-11-02 11:37:00,38,2,836.06,42,583,3,3,3,3-3-3,3.0,Loyal Customers
17169,United Kingdom,2011-06-09 13:16:00,2011-10-13 10:25:00,58,2,835.78,54,526,3,3,3,3-3-3,3.0,Loyal Customers
17759,United Kingdom,2011-06-23 13:35:00,2011-11-22 16:02:00,18,3,834.99,95,708,4,3,3,4-3-3,3.33,Loyal Customers
13835,United Kingdom,2011-05-08 15:22:00,2011-11-14 15:37:00,26,4,834.57,55,442,4,4,3,4-4-3,3.67,Champions
17075,United Kingdom,2011-01-26 13:20:00,2011-11-22 11:58:00,18,4,834.12,77,292,4,4,3,4-4-3,3.67,Champions
16644,United Kingdom,2011-05-11 12:53:00,2011-06-15 12:39:00,178,2,833.78,62,826,2,3,3,2-3-3,2.67,At-Risk
15862,United Kingdom,2010-12-01 11:21:00,2011-12-01 13:28:00,9,4,832.88,147,585,5,4,3,5-4-3,4.0,Champions
14644,United Kingdom,2011-02-14 14:14:00,2011-10-03 08:30:00,68,2,830.76,26,258,3,3,3,3-3-3,3.0,Loyal Customers
13681,United Kingdom,2011-07-07 15:21:00,2011-11-22 11:13:00,18,4,827.83,57,360,4,4,3,4-4-3,3.67,Champions
12461,Switzerland,2011-07-08 10:23:00,2011-09-06 16:57:00,95,2,826.88,35,287,2,3,3,2-3-3,2.67,At-Risk
12781,Czech Republic,2011-02-28 08:43:00,2011-10-07 10:37:00,64,2,826.74,25,671,3,3,3,3-3-3,3.0,Loyal Customers
16494,United Kingdom,2011-02-16 12:49:00,2011-02-16 12:49:00,297,1,826.53,50,675,1,2,3,1-2-3,2.0,At-Risk
17921,United Kingdom,2011-03-18 13:19:00,2011-10-06 18:56:00,65,4,826.52,145,430,3,4,3,3-4-3,3.33,Loyal Customers
15525,United Kingdom,2010-12-01 13:17:00,2011-12-07 14:43:00,3,3,825.92,178,416,5,3,3,5-3-3,3.67,Loyal Customers
12427,Germany,2010-12-03 10:44:00,2011-11-18 08:56:00,22,3,825.8,31,533,4,3,3,4-3-3,3.33,Loyal Customers
16869,United Kingdom,2011-06-17 13:01:00,2011-11-17 12:02:00,23,4,825.42,128,585,4,4,3,4-4-3,3.67,Champions
16284,United Kingdom,2011-10-20 13:54:00,2011-11-08 16:12:00,32,2,823.97,109,544,4,3,3,4-3-3,3.33,Loyal Customers
16164,United Kingdom,2011-10-28 09:12:00,2011-11-22 15:04:00,18,3,822.48,34,433,4,3,3,4-3-3,3.33,Loyal Customers
12778,Netherlands,2011-01-31 14:35:00,2011-11-20 11:30:00,20,6,822.23,50,825,4,5,3,4-5-3,4.0,Champions
13893,United Kingdom,2011-02-15 11:30:00,2011-02-15 11:30:00,298,1,821.1,21,190,1,2,3,1-2-3,2.0,At-Risk
13220,United Kingdom,2011-04-17 10:59:00,2011-09-22 13:38:00,79,4,819.29,21,196,2,4,3,2-4-3,3.0,At-Risk
17764,United Kingdom,2011-05-12 16:11:00,2011-10-20 11:03:00,51,2,818.82,75,395,3,3,3,3-3-3,3.0,Loyal Customers
16092,United Kingdom,2011-03-30 15:38:00,2011-08-17 10:46:00,115,3,817.86,51,628,2,3,3,2-3-3,2.67,At-Risk
16943,United Kingdom,2011-01-25 14:00:00,2011-05-12 11:57:00,212,3,816.73,33,145,1,3,3,1-3-3,2.33,At-Risk
15649,United Kingdom,2010-12-07 10:06:00,2011-01-07 13:34:00,337,2,816.0,2,192,1,3,3,1-3-3,2.33,At-Risk
15399,United Kingdom,2011-09-21 15:57:00,2011-12-08 13:04:00,2,3,815.77,50,611,5,3,3,5-3-3,3.67,Loyal Customers
14499,United Kingdom,2011-03-06 11:55:00,2011-11-13 13:01:00,27,3,815.32,194,501,4,3,3,4-3-3,3.33,Loyal Customers
13280,United Kingdom,2011-01-06 17:10:00,2011-08-09 13:14:00,123,3,814.86,85,522,2,3,3,2-3-3,2.67,At-Risk
16460,United Kingdom,2011-09-19 10:15:00,2011-11-11 13:46:00,29,3,814.72,135,879,4,3,3,4-3-3,3.33,Loyal Customers
13811,Germany,2011-04-14 18:40:00,2011-06-09 09:54:00,184,3,814.5,13,68,1,3,3,1-3-3,2.33,At-Risk
18064,United Kingdom,2011-04-18 15:08:00,2011-07-29 16:39:00,134,2,814.0,7,384,2,3,3,2-3-3,2.67,At-Risk
16600,United Kingdom,2011-01-05 12:13:00,2011-12-05 16:00:00,5,6,813.52,62,1145,5,5,3,5-5-3,4.33,Champions
16621,United Kingdom,2011-03-07 11:32:00,2011-10-19 11:38:00,52,4,813.48,29,302,3,4,3,3-4-3,3.33,Loyal Customers
14421,United Kingdom,2011-05-12 10:49:00,2011-10-13 13:24:00,58,2,813.11,27,365,3,3,3,3-3-3,3.0,Loyal Customers
15644,United Kingdom,2011-03-23 15:37:00,2011-06-26 14:54:00,167,4,813.0,238,557,2,4,3,2-4-3,3.0,At-Risk
17980,United Kingdom,2010-12-15 15:50:00,2011-06-27 12:01:00,166,3,811.45,30,682,2,3,3,2-3-3,2.67,At-Risk
16276,United Kingdom,2011-06-16 09:34:00,2011-06-16 09:34:00,177,1,810.6,6,420,2,2,3,2-2-3,2.33,At-Risk
16624,United Kingdom,2011-05-26 14:20:00,2011-09-20 12:39:00,81,2,810.57,48,488,2,3,3,2-3-3,2.67,At-Risk
13637,United Kingdom,2011-04-27 13:06:00,2011-10-18 13:32:00,53,3,810.5,101,409,3,3,3,3-3-3,3.0,Loyal Customers
16891,United Kingdom,2010-12-03 11:35:00,2011-12-08 11:15:00,2,5,809.7,203,283,5,4,3,5-4-3,4.0,Champions
17114,United Kingdom,2011-01-09 11:39:00,2011-12-04 12:17:00,6,8,808.62,127,219,5,5,3,5-5-3,4.33,Champions
15533,United Kingdom,2011-09-11 15:41:00,2011-11-20 15:35:00,20,3,807.57,83,289,4,3,3,4-3-3,3.33,Loyal Customers
12421,Spain,2011-01-24 15:09:00,2011-11-24 09:07:00,16,4,807.04,45,484,4,4,3,4-4-3,3.67,Champions
15952,United Kingdom,2011-04-28 12:55:00,2011-11-06 11:18:00,34,4,806.57,91,399,3,4,3,3-4-3,3.33,Loyal Customers
13707,United Kingdom,2011-01-28 13:27:00,2011-03-17 18:03:00,268,2,806.41,48,351,1,3,3,1-3-3,2.33,At-Risk
12434,Australia,2011-03-24 13:05:00,2011-09-16 12:38:00,85,2,806.14,50,394,2,3,3,2-3-3,2.67,At-Risk
16367,United Kingdom,2010-12-12 12:01:00,2011-11-02 13:13:00,38,2,804.49,130,647,3,3,3,3-3-3,3.0,Loyal Customers
18248,United Kingdom,2011-06-06 13:18:00,2011-08-09 10:19:00,123,2,804.02,47,511,2,3,3,2-3-3,2.67,At-Risk
12422,Australia,2011-01-19 09:13:00,2011-09-05 09:48:00,96,3,803.56,39,370,2,3,3,2-3-3,2.67,At-Risk
15831,United Kingdom,2011-01-19 14:52:00,2011-10-12 13:14:00,59,3,801.76,68,1105,3,3,3,3-3-3,3.0,Loyal Customers
18265,United Kingdom,2011-07-04 15:26:00,2011-09-28 14:10:00,73,2,801.51,46,311,2,3,3,2-3-3,2.67,At-Risk
16806,United Kingdom,2011-04-14 19:59:00,2011-08-28 15:27:00,104,4,801.49,103,378,2,4,3,2-4-3,3.0,At-Risk
15561,United Kingdom,2011-05-08 11:38:00,2011-11-28 11:07:00,12,4,800.59,27,267,5,4,3,5-4-3,4.0,Champions
17905,United Kingdom,2010-12-01 13:21:00,2011-09-29 17:33:00,72,4,800.24,34,407,3,4,3,3-4-3,3.33,Loyal Customers
13720,United Kingdom,2011-03-30 09:17:00,2011-08-15 12:46:00,117,4,799.9,43,501,2,4,3,2-4-3,3.0,At-Risk
13030,United Kingdom,2010-12-06 14:31:00,2011-11-28 14:30:00,12,2,799.48,99,394,5,3,3,5-3-3,3.67,Loyal Customers
17703,United Kingdom,2011-07-24 13:30:00,2011-11-04 15:51:00,36,3,798.74,55,590,3,3,3,3-3-3,3.0,Loyal Customers
16438,United Kingdom,2011-09-18 13:31:00,2011-12-04 10:51:00,6,5,798.35,132,463,5,4,3,5-4-3,4.0,Champions
13389,United Kingdom,2011-04-21 12:12:00,2011-11-28 14:01:00,12,3,797.96,51,429,5,3,3,5-3-3,3.67,Loyal Customers
12701,Germany,2011-04-11 13:02:00,2011-09-21 10:47:00,80,2,797.71,53,678,2,3,3,2-3-3,2.67,At-Risk
17180,United Kingdom,2011-01-27 18:05:00,2011-10-14 15:46:00,57,4,796.03,128,683,3,4,3,3-4-3,3.33,Loyal Customers
13336,United Kingdom,2011-09-23 14:05:00,2011-09-23 14:05:00,78,1,795.12,51,559,2,2,3,2-2-3,2.33,At-Risk
15990,United Kingdom,2011-02-25 15:35:00,2011-10-26 15:58:00,45,2,792.11,52,443,3,3,3,3-3-3,3.0,Loyal Customers
13167,United Kingdom,2011-07-19 12:13:00,2011-11-21 12:24:00,19,4,791.33,65,785,4,4,3,4-4-3,3.67,Champions
14976,United Kingdom,2011-01-17 11:09:00,2011-10-13 16:37:00,58,7,790.86,72,234,3,5,3,3-5-3,3.67,Loyal Customers
13016,United Kingdom,2011-08-08 15:00:00,2011-09-27 14:08:00,74,3,789.89,47,527,2,3,3,2-3-3,2.67,At-Risk
16759,United Kingdom,2011-11-09 09:06:00,2011-12-02 12:42:00,8,3,789.79,42,609,5,3,3,5-3-3,3.67,Loyal Customers
13329,United Kingdom,2010-12-08 10:11:00,2011-11-08 10:29:00,32,2,789.0,17,463,4,3,3,4-3-3,3.33,Loyal Customers
14557,United Kingdom,2011-09-15 15:48:00,2011-09-15 15:48:00,86,1,788.38,16,510,2,2,3,2-2-3,2.33,At-Risk
13212,United Kingdom,2011-10-09 14:48:00,2011-11-20 12:40:00,20,3,788.08,142,310,4,3,3,4-3-3,3.33,Loyal Customers
13323,United Kingdom,2011-09-16 13:23:00,2011-12-06 17:12:00,4,5,787.85,21,175,5,4,3,5-4-3,4.0,Champions
13884,United Kingdom,2011-03-01 13:40:00,2011-12-02 16:30:00,8,5,787.6,59,300,5,4,3,5-4-3,4.0,Champions
16546,United Kingdom,2010-12-02 12:07:00,2011-02-22 11:20:00,291,2,787.15,25,549,1,3,3,1-3-3,2.33,At-Risk
13109,United Kingdom,2011-07-05 14:56:00,2011-10-11 10:16:00,60,2,786.54,47,520,3,3,3,3-3-3,3.0,Loyal Customers
12628,Germany,2011-10-06 09:28:00,2011-12-05 13:15:00,5,3,786.46,41,448,5,3,3,5-3-3,3.67,Loyal Customers
15806,United Kingdom,2011-03-08 09:24:00,2011-10-24 14:35:00,47,3,784.58,31,602,3,3,3,3-3-3,3.0,Loyal Customers
15743,United Kingdom,2011-06-08 10:14:00,2011-11-23 17:19:00,17,4,784.46,88,216,4,4,3,4-4-3,3.67,Champions
18136,United Kingdom,2011-01-24 12:08:00,2011-10-07 15:40:00,64,3,784.33,38,379,3,3,3,3-3-3,3.0,Loyal Customers
17387,United Kingdom,2011-11-06 11:25:00,2011-11-20 11:00:00,20,2,784.11,78,542,4,3,3,4-3-3,3.33,Loyal Customers
16054,United Kingdom,2011-07-17 13:08:00,2011-07-17 13:08:00,146,1,783.9,70,380,2,2,3,2-2-3,2.33,At-Risk
17006,United Kingdom,2011-09-25 12:15:00,2011-12-05 12:09:00,5,4,781.78,44,272,5,4,3,5-4-3,4.0,Champions
17341,United Kingdom,2010-12-08 12:46:00,2011-07-06 12:33:00,157,3,781.36,183,489,2,3,3,2-3-3,2.67,At-Risk
15679,United Kingdom,2011-06-10 08:24:00,2011-11-15 16:19:00,25,4,781.28,110,1170,4,4,3,4-4-3,3.67,Champions
13583,United Kingdom,2011-07-07 10:40:00,2011-07-07 10:40:00,156,1,781.03,53,725,2,2,3,2-2-3,2.33,At-Risk
16725,United Kingdom,2010-12-03 16:02:00,2011-02-10 16:52:00,303,7,781.02,151,294,1,5,3,1-5-3,3.0,At-Risk
15239,United Kingdom,2011-09-22 09:53:00,2011-11-29 14:14:00,11,2,780.59,49,594,5,3,3,5-3-3,3.67,Loyal Customers
17797,United Kingdom,2011-06-10 11:29:00,2011-11-17 13:21:00,23,3,780.43,111,498,4,3,3,4-3-3,3.33,Loyal Customers
18228,United Kingdom,2011-09-21 10:48:00,2011-10-14 09:21:00,57,2,779.9,30,238,3,3,3,3-3-3,3.0,Loyal Customers
12735,France,2011-01-06 14:26:00,2011-01-28 13:37:00,316,2,779.57,43,368,1,3,3,1-3-3,2.33,At-Risk
17411,United Kingdom,2011-03-23 13:44:00,2011-11-27 14:25:00,13,3,778.94,41,306,5,3,3,5-3-3,3.67,Loyal Customers
13375,United Kingdom,2011-09-12 10:19:00,2011-09-12 10:19:00,89,1,778.65,37,442,2,2,3,2-2-3,2.33,At-Risk
14815,United Kingdom,2011-10-03 11:36:00,2011-11-03 11:36:00,37,2,778.5,53,744,3,3,3,3-3-3,3.0,Loyal Customers
17414,United Kingdom,2011-06-08 11:43:00,2011-10-27 12:13:00,44,2,778.0,6,2100,3,3,3,3-3-3,3.0,Loyal Customers
16505,United Kingdom,2011-11-08 12:14:00,2011-11-08 12:14:00,32,1,777.6,4,576,4,2,3,4-2-3,3.0,Potential Loyalists
13563,United Kingdom,2011-07-22 17:21:00,2011-09-16 14:45:00,85,2,777.53,49,209,2,3,3,2-3-3,2.67,At-Risk
12425,Portugal,2011-09-22 17:31:00,2011-09-22 17:31:00,79,1,777.2,36,496,2,2,3,2-2-3,2.33,At-Risk
15353,United Kingdom,2010-12-07 11:49:00,2011-03-30 12:15:00,255,2,777.02,63,343,1,3,3,1-3-3,2.33,At-Risk
15618,United Kingdom,2011-07-26 10:13:00,2011-11-07 08:34:00,33,4,776.85,45,454,4,4,3,4-4-3,3.67,Champions
13314,United Kingdom,2011-09-27 10:20:00,2011-12-08 12:29:00,2,3,775.94,62,560,5,3,3,5-3-3,3.67,Loyal Customers
13341,United Kingdom,2011-03-24 09:50:00,2011-03-24 09:50:00,261,1,775.85,42,301,1,2,3,1-2-3,2.0,At-Risk
14234,United Kingdom,2011-10-13 13:58:00,2011-11-17 17:53:00,23,4,775.46,159,963,4,4,3,4-4-3,3.67,Champions
16825,United Kingdom,2011-06-07 09:44:00,2011-11-01 11:51:00,39,2,775.18,28,566,3,3,3,3-3-3,3.0,Loyal Customers
15414,United Kingdom,2011-04-11 13:45:00,2011-11-30 09:50:00,10,3,774.9,39,443,5,3,3,5-3-3,3.67,Loyal Customers
16043,United Kingdom,2011-01-26 11:14:00,2011-11-02 12:50:00,38,4,773.99,39,503,3,4,3,3-4-3,3.33,Loyal Customers
15075,United Kingdom,2011-09-23 12:27:00,2011-09-23 12:27:00,78,1,773.03,27,447,2,2,3,2-2-3,2.33,At-Risk
12965,United Kingdom,2011-09-11 15:31:00,2011-09-11 15:31:00,90,1,771.91,109,283,2,2,3,2-2-3,2.33,At-Risk
17409,United Kingdom,2011-04-05 16:42:00,2011-06-08 10:36:00,185,2,771.85,13,105,1,3,3,1-3-3,2.33,At-Risk
14662,United Kingdom,2011-01-27 17:41:00,2011-11-11 12:13:00,29,4,771.17,168,602,4,4,3,4-4-3,3.67,Champions
16770,United Kingdom,2010-12-02 15:49:00,2011-10-13 12:21:00,58,5,770.1,145,464,3,4,3,3-4-3,3.33,Loyal Customers
14412,United Kingdom,2011-09-28 08:48:00,2011-10-28 10:45:00,43,2,770.03,43,786,3,3,3,3-3-3,3.0,Loyal Customers
16480,United Kingdom,2011-09-25 11:40:00,2011-09-25 11:40:00,76,1,769.29,53,455,2,2,3,2-2-3,2.33,At-Risk
13356,United Kingdom,2011-09-20 14:33:00,2011-09-20 14:33:00,81,1,768.24,42,325,2,2,3,2-2-3,2.33,At-Risk
17516,United Kingdom,2011-02-27 12:41:00,2011-11-24 16:51:00,16,5,768.08,137,416,4,4,3,4-4-3,3.67,Champions
14550,United Kingdom,2011-10-26 12:14:00,2011-11-29 12:12:00,11,2,765.62,48,394,5,3,3,5-3-3,3.67,Loyal Customers
14672,United Kingdom,2011-01-07 15:48:00,2011-04-19 10:19:00,235,2,765.55,61,454,1,3,3,1-3-3,2.33,At-Risk
17695,United Kingdom,2011-06-21 12:35:00,2011-07-31 10:40:00,132,2,765.34,35,779,2,3,3,2-3-3,2.67,At-Risk
14885,United Kingdom,2011-07-31 12:05:00,2011-07-31 12:05:00,132,1,765.32,15,724,2,2,3,2-2-3,2.33,At-Risk
17268,United Kingdom,2011-04-08 13:20:00,2011-08-24 10:06:00,108,4,763.64,6,844,2,4,3,2-4-3,3.0,At-Risk
17466,United Kingdom,2011-09-22 09:16:00,2011-11-29 13:15:00,11,2,763.28,41,306,5,3,3,5-3-3,3.67,Loyal Customers
16470,United Kingdom,2010-12-16 11:53:00,2011-10-19 12:11:00,52,4,762.39,170,531,3,4,3,3-4-3,3.33,Loyal Customers
15599,United Kingdom,2011-05-19 13:05:00,2011-11-13 11:44:00,27,2,761.74,52,718,4,3,3,4-3-3,3.33,Loyal Customers
14883,United Kingdom,2011-05-12 09:49:00,2011-11-21 10:23:00,19,6,761.59,53,790,4,5,3,4-5-3,4.0,Champions
16205,United Kingdom,2011-06-13 11:33:00,2011-11-09 09:32:00,31,4,761.38,98,517,4,4,3,4-4-3,3.67,Champions
17425,United Kingdom,2011-10-10 11:37:00,2011-11-20 15:30:00,20,2,759.17,43,407,4,3,3,4-3-3,3.33,Loyal Customers
16036,United Kingdom,2011-03-21 13:01:00,2011-09-13 14:53:00,88,2,758.92,55,716,2,3,3,2-3-3,2.67,At-Risk
15568,United Kingdom,2011-09-27 14:37:00,2011-12-07 11:27:00,3,3,758.29,53,461,5,3,3,5-3-3,3.67,Loyal Customers
12413,France,2011-01-06 16:12:00,2011-10-04 09:00:00,67,3,758.1,38,286,3,3,3,3-3-3,3.0,Loyal Customers
17979,United Kingdom,2011-03-25 11:34:00,2011-11-04 12:05:00,36,4,757.71,146,397,3,4,3,3-4-3,3.33,Loyal Customers
17461,United Kingdom,2011-11-10 12:01:00,2011-11-17 10:21:00,23,3,757.46,111,799,4,3,3,4-3-3,3.33,Loyal Customers
15223,United Kingdom,2011-04-04 12:17:00,2011-04-28 11:31:00,226,2,755.75,20,213,1,3,3,1-3-3,2.33,At-Risk
13370,United Kingdom,2010-12-03 10:26:00,2010-12-03 10:26:00,372,1,754.87,39,343,1,2,3,1-2-3,2.0,At-Risk
18104,United Kingdom,2011-11-02 14:07:00,2011-11-02 14:07:00,38,1,754.64,38,362,3,2,3,3-2-3,2.67,Need Attention
13730,United Kingdom,2011-07-01 12:47:00,2011-07-27 08:35:00,136,2,752.6,43,488,2,3,3,2-3-3,2.67,At-Risk
16256,United Kingdom,2011-03-18 12:18:00,2011-03-18 12:18:00,267,1,752.43,13,581,1,2,3,1-2-3,2.0,At-Risk
12908,United Kingdom,2011-01-31 12:37:00,2011-06-16 15:39:00,177,2,750.0,2,1200,2,3,3,2-3-3,2.67,At-Risk
17146,United Kingdom,2010-12-16 12:20:00,2011-08-26 12:44:00,106,3,749.78,35,212,2,3,3,2-3-3,2.67,At-Risk
14923,United Kingdom,2011-10-20 11:51:00,2011-10-20 11:51:00,51,1,749.1,44,418,3,2,3,3-2-3,2.67,Need Attention
15074,United Kingdom,2011-08-26 14:45:00,2011-08-26 14:45:00,106,1,748.87,42,455,2,2,3,2-2-3,2.33,At-Risk
15656,United Kingdom,2011-02-28 15:32:00,2011-10-25 14:56:00,46,4,748.5,47,343,3,4,3,3-4-3,3.33,Loyal Customers
16859,United Kingdom,2011-03-23 13:39:00,2011-07-18 12:19:00,145,2,747.81,52,827,2,3,3,2-3-3,2.67,At-Risk
13623,United Kingdom,2011-02-15 13:08:00,2011-11-09 12:00:00,31,5,747.78,81,294,4,4,3,4-4-3,3.67,Champions
14201,United Kingdom,2010-12-15 13:25:00,2011-10-10 13:27:00,61,7,747.44,37,590,3,5,3,3-5-3,3.67,Loyal Customers
16261,United Kingdom,2011-04-07 19:05:00,2011-11-22 17:23:00,18,4,746.83,124,306,4,4,3,4-4-3,3.67,Champions
14050,United Kingdom,2011-08-25 13:46:00,2011-11-08 10:00:00,32,2,746.36,54,689,4,3,3,4-3-3,3.33,Loyal Customers
17034,United Kingdom,2011-02-25 10:10:00,2011-11-23 15:14:00,17,3,745.52,30,410,4,3,3,4-3-3,3.33,Loyal Customers
14790,United Kingdom,2011-03-31 11:49:00,2011-11-23 09:28:00,17,4,745.06,46,699,4,4,3,4-4-3,3.67,Champions
13950,United Kingdom,2011-04-07 11:29:00,2011-11-28 14:44:00,12,4,745.06,35,323,5,4,3,5-4-3,4.0,Champions
13236,United Kingdom,2011-08-25 08:58:00,2011-11-15 12:50:00,25,2,744.85,36,416,4,3,3,4-3-3,3.33,Loyal Customers
13354,United Kingdom,2011-09-29 13:17:00,2011-09-29 13:17:00,72,1,743.53,51,604,3,2,3,3-2-3,2.67,Need Attention
16730,United Kingdom,2011-01-24 14:01:00,2011-10-18 14:11:00,53,3,743.11,82,994,3,3,3,3-3-3,3.0,Loyal Customers
12374,Austria,2011-11-14 15:37:00,2011-11-14 15:37:00,26,1,742.93,33,342,4,2,3,4-2-3,3.0,Potential Loyalists
12465,Belgium,2011-06-23 13:37:00,2011-11-22 16:34:00,18,2,742.19,47,479,4,3,3,4-3-3,3.33,Loyal Customers
13753,United Kingdom,2011-02-25 12:48:00,2011-02-25 12:48:00,288,1,741.26,35,512,1,2,3,1-2-3,2.0,At-Risk
13900,United Kingdom,2011-03-22 10:13:00,2011-06-09 19:26:00,184,3,740.95,43,430,1,3,3,1-3-3,2.33,At-Risk
17692,United Kingdom,2010-12-15 13:37:00,2011-08-04 14:01:00,128,4,740.94,46,672,2,4,3,2-4-3,3.0,At-Risk
17974,United Kingdom,2011-05-04 11:50:00,2011-11-15 11:37:00,25,3,740.79,179,519,4,3,3,4-3-3,3.33,Loyal Customers
15252,United Kingdom,2011-06-09 14:15:00,2011-11-03 13:30:00,37,2,740.78,44,522,3,3,3,3-3-3,3.0,Loyal Customers
12603,Germany,2011-11-18 10:42:00,2011-11-18 10:42:00,22,1,739.2,2,63,4,2,3,4-2-3,3.0,Potential Loyalists
14756,United Kingdom,2011-11-24 18:13:00,2011-11-24 18:13:00,16,1,738.96,38,416,4,2,3,4-2-3,3.0,Potential Loyalists
12976,United Kingdom,2011-05-12 09:55:00,2011-05-12 09:55:00,212,1,738.6,22,561,1,2,3,1-2-3,2.0,At-Risk
15045,United Kingdom,2011-03-27 11:44:00,2011-07-11 11:33:00,152,2,735.66,12,114,2,3,3,2-3-3,2.67,At-Risk
15215,United Kingdom,2011-09-04 12:24:00,2011-10-24 11:41:00,47,3,734.94,35,225,3,3,3,3-3-3,3.0,Loyal Customers
18156,United Kingdom,2010-12-05 12:29:00,2011-11-27 12:24:00,13,2,734.94,140,301,5,3,3,5-3-3,3.67,Loyal Customers
16362,United Kingdom,2011-09-09 14:47:00,2011-11-07 13:01:00,33,5,734.77,81,351,4,4,3,4-4-3,3.67,Champions
16146,United Kingdom,2011-04-21 15:25:00,2011-07-05 14:20:00,158,3,734.13,29,427,2,3,3,2-3-3,2.67,At-Risk
17812,United Kingdom,2010-12-06 15:27:00,2011-11-27 11:47:00,13,4,732.16,141,350,5,4,3,5-4-3,4.0,Champions
13575,United Kingdom,2011-06-16 14:24:00,2011-11-16 13:14:00,24,5,732.07,46,449,4,4,3,4-4-3,3.67,Champions
16099,United Kingdom,2011-04-28 08:34:00,2011-10-20 13:13:00,51,3,731.9,39,434,3,3,3,3-3-3,3.0,Loyal Customers
13736,United Kingdom,2011-03-24 13:04:00,2011-12-04 15:19:00,6,2,731.9,191,497,5,3,3,5-3-3,3.67,Loyal Customers
16491,United Kingdom,2011-10-24 10:18:00,2011-10-24 10:18:00,47,1,731.5,39,478,3,2,3,3-2-3,2.67,Need Attention
14778,United Kingdom,2011-02-04 11:43:00,2011-08-04 15:23:00,128,2,730.86,35,306,2,3,3,2-3-3,2.67,At-Risk
18035,United Kingdom,2011-10-27 17:48:00,2011-11-04 12:39:00,36,3,730.4,53,611,3,3,3,3-3-3,3.0,Loyal Customers
12468,Germany,2011-01-27 13:29:00,2011-06-05 11:36:00,188,2,729.54,38,366,1,3,3,1-3-3,2.33,At-Risk
13077,United Kingdom,2010-12-08 14:59:00,2011-12-08 19:24:00,2,4,729.27,112,863,5,4,3,5-4-3,4.0,Champions
17666,United Kingdom,2011-10-05 11:06:00,2011-12-06 09:06:00,4,2,728.16,18,596,5,3,3,5-3-3,3.67,Loyal Customers
17888,United Kingdom,2010-12-17 13:56:00,2011-11-18 13:45:00,22,8,726.05,67,980,4,5,3,4-5-3,4.0,Champions
14869,United Kingdom,2011-08-28 16:09:00,2011-12-01 12:36:00,9,2,725.7,71,550,5,3,3,5-3-3,3.67,Loyal Customers
14055,United Kingdom,2011-08-25 15:04:00,2011-08-25 15:04:00,107,1,725.64,10,216,2,2,3,2-2-3,2.33,At-Risk
16140,United Kingdom,2010-12-03 14:40:00,2011-10-05 12:15:00,66,2,725.18,35,730,3,3,3,3-3-3,3.0,Loyal Customers
15584,United Kingdom,2011-06-30 16:39:00,2011-11-16 10:55:00,24,4,725.11,123,314,4,4,3,4-4-3,3.67,Champions
12723,France,2011-10-05 15:52:00,2011-12-06 10:19:00,4,5,725.07,69,434,5,4,3,5-4-3,4.0,Champions
15636,United Kingdom,2011-03-02 14:50:00,2011-09-11 11:17:00,90,2,724.76,25,284,2,3,3,2-3-3,2.67,At-Risk
12475,Germany,2011-10-17 10:10:00,2011-10-17 10:10:00,54,1,723.38,36,535,3,2,3,3-2-3,2.67,Need Attention
17521,United Kingdom,2011-05-24 15:14:00,2011-11-10 11:22:00,30,3,723.21,45,519,4,3,3,4-3-3,3.33,Loyal Customers
15272,United Kingdom,2011-09-14 16:36:00,2011-10-13 12:59:00,58,2,721.94,63,310,3,3,3,3-3-3,3.0,Loyal Customers
18062,United Kingdom,2011-01-06 10:03:00,2011-06-19 14:47:00,174,3,720.52,27,396,2,3,3,2-3-3,2.67,At-Risk
16023,United Kingdom,2011-03-18 13:32:00,2011-10-24 16:34:00,47,3,719.81,101,358,3,3,3,3-3-3,3.0,Loyal Customers
14179,United Kingdom,2011-10-18 14:00:00,2011-10-30 12:07:00,41,2,719.78,165,330,3,3,3,3-3-3,3.0,Loyal Customers
14725,United Kingdom,2011-11-15 12:42:00,2011-11-15 12:42:00,25,1,718.08,52,593,4,2,3,4-2-3,3.0,Potential Loyalists
17884,United Kingdom,2010-12-03 12:11:00,2011-12-06 11:33:00,4,4,717.45,117,854,5,4,3,5-4-3,4.0,Champions
15274,United Kingdom,2011-11-21 14:17:00,2011-12-05 16:57:00,5,2,716.57,47,619,5,3,3,5-3-3,3.67,Loyal Customers
12535,France,2011-06-06 12:47:00,2011-09-09 08:48:00,92,2,716.35,34,219,2,3,3,2-3-3,2.67,At-Risk
15400,United Kingdom,2011-03-06 11:27:00,2011-09-08 13:57:00,93,5,716.2,12,390,2,4,3,2-4-3,3.0,At-Risk
17029,United Kingdom,2011-04-17 10:57:00,2011-08-21 11:06:00,111,2,716.0,2,400,2,3,3,2-3-3,2.67,At-Risk
15330,United Kingdom,2011-10-10 12:30:00,2011-11-07 17:50:00,33,2,714.96,13,1312,3,3,3,3-3-3,3.0,Loyal Customers
15757,United Kingdom,2011-05-06 11:40:00,2011-10-05 12:14:00,66,2,714.42,45,491,3,3,3,3-3-3,3.0,Loyal Customers
12616,France,2011-02-15 14:17:00,2011-09-05 15:17:00,96,2,713.3,32,284,2,3,3,2-3-3,2.67,At-Risk
13169,United Kingdom,2011-04-01 14:24:00,2011-10-07 12:11:00,64,2,712.88,13,272,3,3,3,3-3-3,3.0,Loyal Customers
13147,United Kingdom,2011-09-01 12:28:00,2011-11-29 13:59:00,11,4,712.8,4,144,5,4,3,5-4-3,4.0,Champions
17761,United Kingdom,2011-11-07 10:23:00,2011-11-07 10:23:00,33,1,712.78,19,398,3,2,3,3-2-3,2.67,Need Attention
13416,United Kingdom,2011-09-19 14:43:00,2011-10-27 08:56:00,44,2,712.5,19,142,3,3,3,3-3-3,3.0,Loyal Customers
13587,United Kingdom,2011-10-07 12:31:00,2011-10-07 12:31:00,64,1,712.4,8,180,3,2,3,3-2-3,2.67,Need Attention
17642,United Kingdom,2011-06-16 12:55:00,2011-08-12 09:11:00,120,2,712.29,40,474,2,3,3,2-3-3,2.67,At-Risk
15855,United Kingdom,2011-03-21 12:32:00,2011-07-26 10:20:00,137,5,712.24,80,470,2,4,3,2-4-3,3.0,At-Risk
13705,United Kingdom,2010-12-01 10:29:00,2011-12-02 12:32:00,8,3,711.86,28,363,5,3,3,5-3-3,3.67,Loyal Customers
17179,United Kingdom,2010-12-13 14:24:00,2011-06-14 16:48:00,179,3,711.79,80,290,2,3,3,2-3-3,2.67,At-Risk
13249,United Kingdom,2011-03-23 15:26:00,2011-09-08 13:26:00,93,3,711.41,23,546,2,3,3,2-3-3,2.67,At-Risk
17472,United Kingdom,2011-02-13 14:40:00,2011-06-01 14:57:00,192,3,710.29,181,462,1,3,3,1-3-3,2.33,At-Risk
14867,United Kingdom,2011-01-07 16:34:00,2011-06-07 11:39:00,186,3,710.28,36,328,1,3,3,1-3-3,2.33,At-Risk
14127,United Kingdom,2011-02-02 12:26:00,2011-08-09 10:49:00,123,3,709.71,44,321,2,3,3,2-3-3,2.67,At-Risk
16136,United Kingdom,2011-03-07 09:52:00,2011-10-11 09:10:00,60,3,709.38,37,440,3,3,3,3-3-3,3.0,Loyal Customers
15951,United Kingdom,2011-02-27 11:57:00,2011-12-01 08:34:00,9,2,708.22,41,313,5,3,3,5-3-3,3.67,Loyal Customers
16449,United Kingdom,2011-03-04 12:15:00,2011-05-26 10:25:00,198,2,707.69,40,367,1,3,3,1-3-3,2.33,At-Risk
12453,Austria,2011-07-28 14:08:00,2011-07-28 14:08:00,135,1,707.09,43,473,2,2,3,2-2-3,2.33,At-Risk
16364,United Kingdom,2011-07-25 14:35:00,2011-11-28 11:27:00,12,2,707.04,53,280,5,3,3,5-3-3,3.67,Loyal Customers
16309,United Kingdom,2011-04-13 11:46:00,2011-08-25 15:35:00,107,2,706.57,42,467,2,3,3,2-3-3,2.67,At-Risk
14880,United Kingdom,2011-02-24 12:27:00,2011-09-23 13:42:00,78,3,706.19,47,373,2,3,3,2-3-3,2.67,At-Risk
14126,United Kingdom,2011-11-29 12:21:00,2011-12-02 11:45:00,8,3,706.13,15,508,5,3,3,5-3-3,3.67,Loyal Customers
15038,United Kingdom,2010-12-05 10:54:00,2011-10-12 11:33:00,59,6,705.49,130,217,3,5,3,3-5-3,3.67,Loyal Customers
16015,United Kingdom,2011-10-21 12:56:00,2011-12-06 10:58:00,4,3,705.39,182,909,5,3,3,5-3-3,3.67,Loyal Customers
16882,United Kingdom,2011-01-26 17:43:00,2011-10-04 10:42:00,67,3,705.12,39,424,3,3,3,3-3-3,3.0,Loyal Customers
17934,United Kingdom,2011-10-12 10:50:00,2011-10-19 11:16:00,52,2,704.25,21,478,3,3,3,3-3-3,3.0,Loyal Customers
12612,Germany,2011-09-26 15:35:00,2011-09-26 15:35:00,75,1,704.04,19,262,2,2,3,2-2-3,2.33,At-Risk
12883,United Kingdom,2011-09-11 15:18:00,2011-11-15 09:32:00,25,4,703.47,42,196,4,4,3,4-4-3,3.67,Champions
18082,United Kingdom,2011-11-14 12:45:00,2011-11-14 12:45:00,26,1,703.37,73,621,4,2,3,4-2-3,3.0,Potential Loyalists
15103,United Kingdom,2011-09-14 13:54:00,2011-11-08 14:53:00,32,2,703.36,35,329,4,3,3,4-3-3,3.33,Loyal Customers
15574,United Kingdom,2010-12-02 15:46:00,2011-06-15 12:01:00,178,4,702.25,168,349,2,4,3,2-4-3,3.0,At-Risk
16997,United Kingdom,2011-01-18 11:51:00,2011-02-24 17:28:00,289,3,702.0,12,360,1,3,3,1-3-3,2.33,At-Risk
14198,United Kingdom,2011-04-14 14:54:00,2011-11-21 16:35:00,19,4,701.4,39,290,4,4,3,4-4-3,3.67,Champions
14356,United Kingdom,2011-09-19 14:43:00,2011-09-21 09:18:00,80,2,701.23,33,277,2,3,3,2-3-3,2.67,At-Risk
17321,United Kingdom,2011-10-03 11:34:00,2011-12-01 13:41:00,9,2,700.86,107,373,5,3,3,5-3-3,3.67,Loyal Customers
13238,United Kingdom,2010-12-14 14:37:00,2011-11-22 15:37:00,18,4,700.73,31,298,4,4,3,4-4-3,3.67,Champions
17734,United Kingdom,2011-04-20 10:04:00,2011-10-17 12:33:00,54,3,700.63,43,422,3,3,3,3-3-3,3.0,Loyal Customers
15800,United Kingdom,2011-04-07 12:39:00,2011-08-24 14:23:00,108,2,699.08,119,335,2,3,3,2-3-3,2.67,At-Risk
13258,United Kingdom,2011-05-18 13:11:00,2011-11-28 09:31:00,12,3,698.58,38,287,5,3,3,5-3-3,3.67,Loyal Customers
17423,United Kingdom,2011-05-06 09:14:00,2011-10-24 13:36:00,47,2,698.41,26,459,3,3,3,3-3-3,3.0,Loyal Customers
17796,United Kingdom,2010-12-05 12:23:00,2011-10-30 15:38:00,41,4,697.9,82,178,3,4,3,3-4-3,3.33,Loyal Customers
15053,United Kingdom,2011-03-03 12:06:00,2011-12-05 12:08:00,5,3,697.79,71,986,5,3,3,5-3-3,3.67,Loyal Customers
14829,United Kingdom,2010-12-02 16:12:00,2011-11-10 16:16:00,30,4,697.55,42,452,4,4,3,4-4-3,3.67,Champions
13596,United Kingdom,2011-11-27 11:57:00,2011-12-04 12:01:00,6,2,697.04,166,406,5,3,3,5-3-3,3.67,Loyal Customers
15700,United Kingdom,2011-06-19 15:36:00,2011-06-20 16:53:00,173,2,696.68,86,357,2,3,3,2-3-3,2.67,At-Risk
17397,United Kingdom,2011-11-17 13:58:00,2011-11-17 14:08:00,23,2,696.41,92,254,4,3,3,4-3-3,3.33,Loyal Customers
14009,United Kingdom,2011-05-18 13:00:00,2011-05-25 15:47:00,199,2,695.61,42,365,1,3,3,1-3-3,2.33,At-Risk
14959,United Kingdom,2011-02-16 13:00:00,2011-10-06 18:23:00,65,4,695.42,59,494,3,4,3,3-4-3,3.33,Loyal Customers
15304,United Kingdom,2010-12-06 11:42:00,2011-10-10 10:23:00,61,8,694.4,23,104,3,5,3,3-5-3,3.67,Loyal Customers
12925,United Kingdom,2011-09-26 11:05:00,2011-12-05 11:11:00,5,2,694.05,45,541,5,3,3,5-3-3,3.67,Loyal Customers
14643,United Kingdom,2010-12-16 17:53:00,2011-06-22 14:41:00,171,2,693.81,31,815,2,3,3,2-3-3,2.67,At-Risk
12410,Switzerland,2011-02-04 10:38:00,2011-02-04 10:39:00,309,2,693.33,26,211,1,3,3,1-3-3,2.33,At-Risk
13601,United Kingdom,2011-05-12 16:52:00,2011-10-25 17:31:00,46,2,693.32,99,548,3,3,3,3-3-3,3.0,Loyal Customers
14111,United Kingdom,2011-04-12 11:36:00,2011-11-25 13:44:00,15,4,692.85,10,458,4,4,3,4-4-3,3.67,Champions
17198,United Kingdom,2010-12-03 14:54:00,2011-11-16 10:39:00,24,3,692.22,96,357,4,3,3,4-3-3,3.33,Loyal Customers
17733,United Kingdom,2011-03-23 09:54:00,2011-11-01 08:16:00,39,2,692.19,35,463,3,3,3,3-3-3,3.0,Loyal Customers
13838,United Kingdom,2010-12-05 10:45:00,2011-12-04 11:00:00,6,4,691.73,174,263,5,4,3,5-4-3,4.0,Champions
16212,United Kingdom,2011-03-01 12:51:00,2011-11-20 13:00:00,20,2,690.34,41,244,4,3,3,4-3-3,3.33,Loyal Customers
18085,United Kingdom,2010-12-01 12:08:00,2011-01-13 15:17:00,331,2,689.95,29,265,1,3,3,1-3-3,2.33,At-Risk
13023,United Kingdom,2011-08-02 09:34:00,2011-10-06 16:27:00,65,2,689.9,40,286,3,3,3,3-3-3,3.0,Loyal Customers
15181,United Kingdom,2011-03-15 12:03:00,2011-10-04 13:58:00,67,3,689.48,16,544,3,3,3,3-3-3,3.0,Loyal Customers
18196,United Kingdom,2011-02-22 16:13:00,2011-09-05 16:22:00,96,2,689.13,141,433,2,3,3,2-3-3,2.67,At-Risk
17502,United Kingdom,2011-11-10 16:39:00,2011-11-30 13:13:00,10,4,689.1,28,376,5,4,3,5-4-3,4.0,Champions
13799,United Kingdom,2011-02-18 14:18:00,2011-08-15 12:07:00,117,2,688.86,39,402,2,3,3,2-3-3,2.67,At-Risk
16642,United Kingdom,2011-05-16 12:35:00,2011-12-05 11:31:00,5,2,688.33,34,479,5,3,3,5-3-3,3.67,Loyal Customers
12658,Germany,2011-11-21 10:22:00,2011-11-21 10:22:00,19,1,686.05,36,320,4,2,3,4-2-3,3.0,Potential Loyalists
16122,United Kingdom,2010-12-08 11:41:00,2011-09-27 15:34:00,74,4,684.42,38,1128,2,4,3,2-4-3,3.0,At-Risk
16495,United Kingdom,2011-03-08 16:38:00,2011-12-06 13:20:00,4,3,684.41,97,337,5,3,3,5-3-3,3.67,Loyal Customers
15669,United Kingdom,2011-03-21 09:13:00,2011-10-30 16:03:00,41,4,684.34,33,342,3,4,3,3-4-3,3.33,Loyal Customers
12942,United Kingdom,2010-12-09 09:34:00,2011-07-31 14:39:00,132,3,683.9,75,203,2,3,3,2-3-3,2.67,At-Risk
17874,United Kingdom,2011-03-29 11:25:00,2011-06-07 12:54:00,186,6,683.46,46,221,1,5,3,1-5-3,3.0,At-Risk
14222,United Kingdom,2011-06-15 16:42:00,2011-06-15 16:42:00,178,1,683.17,41,607,2,2,3,2-2-3,2.33,At-Risk
12838,United Kingdom,2010-12-01 11:57:00,2011-11-06 12:20:00,34,2,683.13,123,359,3,3,3,3-3-3,3.0,Loyal Customers
15582,United Kingdom,2011-05-03 13:36:00,2011-11-15 09:55:00,25,3,682.91,44,453,4,3,3,4-3-3,3.33,Loyal Customers
13548,United Kingdom,2011-04-10 11:35:00,2011-09-04 14:50:00,97,2,682.41,124,441,2,3,3,2-3-3,2.67,At-Risk
18135,United Kingdom,2011-06-02 14:04:00,2011-11-10 19:32:00,30,5,681.91,20,349,4,4,3,4-4-3,3.67,Champions
12478,Greece,2011-12-06 09:56:00,2011-12-06 09:56:00,4,1,680.99,36,236,5,2,3,5-2-3,3.33,Potential Loyalists
13524,United Kingdom,2011-05-04 12:26:00,2011-10-30 12:34:00,41,5,680.18,27,324,3,4,3,3-4-3,3.33,Loyal Customers
16872,United Kingdom,2011-06-08 14:32:00,2011-09-23 16:05:00,78,3,680.02,7,600,2,3,3,2-3-3,2.67,At-Risk
15322,United Kingdom,2011-09-15 09:34:00,2011-09-15 09:34:00,86,1,679.68,42,416,2,2,3,2-2-3,2.33,At-Risk
13430,United Kingdom,2011-09-14 14:26:00,2011-11-21 08:19:00,19,2,679.45,49,751,4,3,3,4-3-3,3.33,Loyal Customers
14788,United Kingdom,2011-11-13 15:52:00,2011-12-02 17:06:00,8,2,679.44,30,421,5,3,3,5-3-3,3.67,Loyal Customers
17994,United Kingdom,2011-02-22 11:02:00,2011-08-10 11:41:00,122,4,678.49,81,497,2,4,3,2-4-3,3.0,At-Risk
13925,United Kingdom,2011-07-28 12:09:00,2011-09-08 12:47:00,93,4,678.25,41,331,2,4,3,2-4-3,3.0,At-Risk
13607,United Kingdom,2011-10-30 16:17:00,2011-10-30 16:17:00,41,1,678.01,98,290,3,2,3,3-2-3,2.67,Need Attention
13388,United Kingdom,2011-07-31 12:52:00,2011-07-31 12:52:00,132,2,677.1,35,282,2,3,3,2-3-3,2.67,At-Risk
13040,United Kingdom,2011-11-06 13:53:00,2011-12-01 10:38:00,9,2,676.99,43,355,5,3,3,5-3-3,3.67,Loyal Customers
16377,United Kingdom,2011-03-17 15:41:00,2011-03-17 15:41:00,268,1,676.2,5,1500,1,2,3,1-2-3,2.0,At-Risk
15626,United Kingdom,2011-01-14 10:10:00,2011-09-26 10:03:00,75,2,675.8,49,766,2,3,3,2-3-3,2.67,At-Risk
17462,United Kingdom,2011-02-28 17:01:00,2011-10-10 13:56:00,61,2,675.69,27,227,3,3,3,3-3-3,3.0,Loyal Customers
13325,United Kingdom,2011-09-19 10:36:00,2011-09-19 10:36:00,82,1,675.3,12,240,2,2,3,2-2-3,2.33,At-Risk
16418,United Kingdom,2011-04-27 16:54:00,2011-10-26 12:39:00,45,3,675.27,102,288,3,3,3,3-3-3,3.0,Loyal Customers
13355,United Kingdom,2011-08-09 14:48:00,2011-08-09 14:48:00,123,1,674.7,32,314,2,2,3,2-2-3,2.33,At-Risk
13464,United Kingdom,2011-10-12 15:01:00,2011-10-12 15:01:00,59,1,674.68,41,403,3,2,3,3-2-3,2.67,Need Attention
17749,United Kingdom,2011-03-28 13:39:00,2011-06-14 15:45:00,179,2,674.52,35,320,2,3,3,2-3-3,2.67,At-Risk
13951,United Kingdom,2011-02-18 15:21:00,2011-06-16 16:43:00,177,3,674.45,39,459,2,3,3,2-3-3,2.67,At-Risk
14504,United Kingdom,2011-03-06 14:38:00,2011-10-23 16:00:00,48,4,673.26,107,308,3,4,3,3-4-3,3.33,Loyal Customers
18121,United Kingdom,2011-07-08 12:14:00,2011-07-13 12:53:00,150,2,673.1,32,450,2,3,3,2-3-3,2.67,At-Risk
14628,United Kingdom,2011-04-11 14:43:00,2011-09-09 14:58:00,92,2,671.96,24,272,2,3,3,2-3-3,2.67,At-Risk
17883,United Kingdom,2011-04-07 19:16:00,2011-12-06 17:49:00,4,4,671.77,145,379,5,4,3,5-4-3,4.0,Champions
12638,Sweden,2011-11-06 13:11:00,2011-11-06 13:11:00,34,1,671.69,39,577,3,2,3,3-2-3,2.67,Need Attention
17299,United Kingdom,2011-06-19 16:04:00,2011-11-28 12:01:00,12,4,669.11,57,678,5,4,3,5-4-3,4.0,Champions
12418,Switzerland,2011-08-19 11:08:00,2011-08-19 11:08:00,113,1,668.58,34,407,2,2,3,2-2-3,2.33,At-Risk
14342,United Kingdom,2011-05-13 13:50:00,2011-11-18 13:21:00,22,4,668.56,21,347,4,4,3,4-4-3,3.67,Champions
13741,United Kingdom,2011-05-06 13:43:00,2011-09-29 09:19:00,72,3,668.43,34,218,3,3,3,3-3-3,3.0,Loyal Customers
16383,United Kingdom,2011-03-16 13:00:00,2011-09-26 12:45:00,75,2,668.36,102,475,2,3,3,2-3-3,2.67,At-Risk
15031,United Kingdom,2011-03-02 14:46:00,2011-12-05 14:19:00,5,4,668.14,111,401,5,4,3,5-4-3,4.0,Champions
18022,United Kingdom,2011-11-04 12:45:00,2011-11-04 12:45:00,36,1,668.11,191,736,3,2,3,3-2-3,2.67,Need Attention
16268,United Kingdom,2011-09-29 18:30:00,2011-09-29 18:30:00,72,2,667.65,45,533,3,3,3,3-3-3,3.0,Loyal Customers
15969,United Kingdom,2011-06-07 12:19:00,2011-12-07 11:06:00,3,3,666.1,20,124,5,3,3,5-3-3,3.67,Loyal Customers
17777,United Kingdom,2011-08-31 14:35:00,2011-11-15 12:02:00,25,3,665.86,194,507,4,3,3,4-3-3,3.33,Loyal Customers
17105,United Kingdom,2011-02-06 14:46:00,2011-07-03 15:53:00,160,2,665.78,90,693,2,3,3,2-3-3,2.67,At-Risk
16056,United Kingdom,2011-10-25 15:19:00,2011-10-25 15:19:00,46,1,664.85,68,347,3,2,3,3-2-3,2.67,Need Attention
13963,United Kingdom,2010-12-07 09:21:00,2011-02-04 14:43:00,309,4,664.54,35,460,1,4,3,1-4-3,2.67,At-Risk
16208,United Kingdom,2011-02-23 13:37:00,2011-10-26 11:36:00,45,2,664.26,66,333,3,3,3,3-3-3,3.0,Loyal Customers
15643,United Kingdom,2011-03-02 14:34:00,2011-06-01 07:38:00,192,3,664.0,33,246,1,3,3,1-3-3,2.33,At-Risk
14720,United Kingdom,2011-08-05 12:06:00,2011-12-04 12:02:00,6,3,663.81,37,219,5,3,3,5-3-3,3.67,Loyal Customers
13240,United Kingdom,2010-12-09 12:49:00,2011-09-04 14:08:00,97,4,663.65,67,298,2,4,3,2-4-3,3.0,At-Risk
16573,United Kingdom,2011-02-22 15:14:00,2011-09-16 09:13:00,85,2,663.61,42,360,2,3,3,2-3-3,2.67,At-Risk
14451,United Kingdom,2011-05-29 12:35:00,2011-10-10 13:38:00,61,2,662.59,109,389,3,3,3,3-3-3,3.0,Loyal Customers
16014,United Kingdom,2011-02-21 17:42:00,2011-11-02 12:04:00,38,3,662.38,145,265,3,3,3,3-3-3,3.0,Loyal Customers
18218,United Kingdom,2011-03-03 12:24:00,2011-05-12 12:53:00,212,2,662.08,21,584,1,3,3,1-3-3,2.33,At-Risk
16774,United Kingdom,2011-06-14 12:45:00,2011-10-03 12:41:00,68,4,661.52,48,322,3,4,3,3-4-3,3.33,Loyal Customers
13028,United Kingdom,2011-10-25 14:09:00,2011-11-17 11:10:00,23,2,661.32,45,798,4,3,3,4-3-3,3.33,Loyal Customers
14603,United Kingdom,2011-03-10 10:27:00,2011-03-10 10:27:00,275,1,660.0,2,400,1,2,3,1-2-3,2.0,At-Risk
15492,United Kingdom,2011-09-26 14:02:00,2011-11-11 14:53:00,29,2,659.46,35,483,4,3,3,4-3-3,3.33,Loyal Customers
13518,United Kingdom,2011-09-15 10:29:00,2011-09-15 10:29:00,86,1,659.44,38,392,2,2,3,2-2-3,2.33,At-Risk
13759,United Kingdom,2011-09-29 15:40:00,2011-11-06 14:47:00,34,2,659.41,25,287,3,3,3,3-3-3,3.0,Loyal Customers
16357,United Kingdom,2011-05-10 10:35:00,2011-11-06 16:04:00,34,3,658.88,34,246,3,3,3,3-3-3,3.0,Loyal Customers
14150,United Kingdom,2010-12-15 10:04:00,2011-11-04 10:05:00,36,2,658.64,26,496,3,3,3,3-3-3,3.0,Loyal Customers
17779,United Kingdom,2011-07-19 12:19:00,2011-11-18 14:15:00,22,3,658.57,82,397,4,3,3,4-3-3,3.33,Loyal Customers
16696,United Kingdom,2011-04-05 15:20:00,2011-07-27 14:23:00,136,4,657.9,10,146,2,4,3,2-4-3,3.0,At-Risk
14818,United Kingdom,2011-03-31 12:28:00,2011-09-27 11:01:00,74,3,657.8,48,324,2,3,3,2-3-3,2.67,At-Risk
12577,France,2010-12-15 16:21:00,2011-11-04 13:24:00,36,3,657.8,147,472,3,3,3,3-3-3,3.0,Loyal Customers
15648,United Kingdom,2011-03-17 18:59:00,2011-05-19 15:53:00,205,2,657.35,25,221,1,3,3,1-3-3,2.33,At-Risk
17459,United Kingdom,2011-10-10 17:00:00,2011-10-27 13:25:00,44,2,657.3,111,537,3,3,3,3-3-3,3.0,Loyal Customers
15677,United Kingdom,2011-10-21 15:36:00,2011-10-21 15:36:00,50,1,657.23,33,319,3,2,3,3-2-3,2.67,Need Attention
16157,United Kingdom,2011-09-28 11:48:00,2011-11-24 11:41:00,16,3,656.69,18,347,4,3,3,4-3-3,3.33,Loyal Customers
13049,United Kingdom,2011-01-25 16:33:00,2011-10-06 15:31:00,65,2,656.68,14,268,3,3,3,3-3-3,3.0,Loyal Customers
16708,United Kingdom,2011-10-25 12:20:00,2011-10-25 12:20:00,46,1,656.63,27,285,3,2,3,3-2-3,2.67,Need Attention
16127,United Kingdom,2011-10-31 13:58:00,2011-10-31 13:58:00,40,1,656.25,40,323,3,2,3,3-2-3,2.67,Need Attention
14894,United Kingdom,2011-09-15 13:51:00,2011-09-15 13:51:00,86,1,655.75,23,265,2,2,3,2-2-3,2.33,At-Risk
16444,United Kingdom,2011-03-20 12:14:00,2011-10-24 13:50:00,47,4,654.67,84,407,3,4,3,3-4-3,3.33,Loyal Customers
14651,United Kingdom,2011-05-12 16:29:00,2011-10-03 15:52:00,68,2,654.6,102,344,3,3,3,3-3-3,3.0,Loyal Customers
17398,United Kingdom,2011-03-29 13:04:00,2011-08-17 09:48:00,115,3,653.38,38,310,2,3,3,2-3-3,2.67,At-Risk
18151,United Kingdom,2011-02-23 08:29:00,2011-07-28 11:35:00,135,2,653.35,38,355,2,3,3,2-3-3,2.67,At-Risk
13496,United Kingdom,2010-12-15 10:17:00,2011-11-29 10:58:00,11,2,653.33,35,341,5,3,3,5-3-3,3.67,Loyal Customers
15205,United Kingdom,2011-08-04 16:07:00,2011-09-15 19:36:00,86,2,653.24,37,378,2,3,3,2-3-3,2.67,At-Risk
14044,United Kingdom,2011-02-03 11:39:00,2011-11-13 12:05:00,27,4,652.82,209,308,4,4,3,4-4-3,3.67,Champions
14548,United Kingdom,2011-01-26 08:38:00,2011-07-12 12:19:00,151,2,652.8,4,256,2,3,3,2-3-3,2.67,At-Risk
17523,United Kingdom,2011-11-20 13:40:00,2011-11-28 13:20:00,12,4,652.74,33,872,5,4,3,5-4-3,4.0,Champions
14034,United Kingdom,2011-07-05 13:06:00,2011-11-17 14:02:00,23,3,651.82,89,423,4,3,3,4-3-3,3.33,Loyal Customers
16734,United Kingdom,2011-08-17 15:00:00,2011-10-18 13:44:00,53,3,650.51,53,346,3,3,3,3-3-3,3.0,Loyal Customers
16469,United Kingdom,2011-04-07 13:11:00,2011-11-16 12:25:00,24,4,650.43,182,273,4,4,3,4-4-3,3.67,Champions
15571,United Kingdom,2011-09-22 13:15:00,2011-11-28 10:02:00,12,4,650.43,57,264,5,4,3,5-4-3,4.0,Champions
16969,United Kingdom,2011-06-01 12:10:00,2011-10-31 13:12:00,40,3,650.41,42,816,3,3,3,3-3-3,3.0,Loyal Customers
17373,United Kingdom,2011-01-31 11:46:00,2011-10-30 15:28:00,41,4,646.92,57,408,3,4,3,3-4-3,3.33,Loyal Customers
12589,France,2011-07-18 12:05:00,2011-11-11 10:19:00,29,2,646.68,35,306,4,3,3,4-3-3,3.33,Loyal Customers
15651,United Kingdom,2011-03-24 08:56:00,2011-11-03 08:41:00,37,3,646.3,32,479,3,3,3,3-3-3,3.0,Loyal Customers
17545,United Kingdom,2011-10-27 13:48:00,2011-10-27 14:04:00,44,3,645.96,145,341,3,3,3,3-3-3,3.0,Loyal Customers
14855,United Kingdom,2011-07-28 12:06:00,2011-08-12 14:02:00,120,2,645.65,20,267,2,3,3,2-3-3,2.67,At-Risk
12719,France,2011-10-05 14:50:00,2011-12-04 13:45:00,6,2,644.95,39,374,5,3,3,5-3-3,3.67,Loyal Customers
17312,United Kingdom,2011-07-03 13:12:00,2011-07-24 11:52:00,139,3,644.3,14,372,2,3,3,2-3-3,2.67,At-Risk
16431,United Kingdom,2011-02-15 14:02:00,2011-05-10 14:09:00,214,3,642.81,83,453,1,3,3,1-3-3,2.33,At-Risk
14020,United Kingdom,2011-09-12 15:32:00,2011-11-23 09:22:00,17,2,642.8,39,441,4,3,3,4-3-3,3.33,Loyal Customers
13034,United Kingdom,2010-12-05 14:52:00,2011-10-16 12:21:00,55,2,642.77,37,369,3,3,3,3-3-3,3.0,Loyal Customers
15384,United Kingdom,2010-12-15 11:34:00,2011-06-23 10:57:00,170,2,642.41,41,596,2,3,3,2-3-3,2.67,At-Risk
17046,United Kingdom,2011-07-05 14:24:00,2011-07-05 14:24:00,158,1,642.02,22,510,2,2,3,2-2-3,2.33,At-Risk
15297,United Kingdom,2011-10-07 09:42:00,2011-11-29 16:32:00,11,3,641.94,39,292,5,3,3,5-3-3,3.67,Loyal Customers
12365,Cyprus,2011-02-21 13:51:00,2011-02-21 14:04:00,292,2,641.38,22,174,1,3,3,1-3-3,2.33,At-Risk
12624,France,2011-06-15 12:34:00,2011-08-25 15:04:00,107,2,641.13,38,355,2,3,3,2-3-3,2.67,At-Risk
13417,United Kingdom,2011-05-18 16:26:00,2011-12-05 08:49:00,5,2,640.83,28,162,5,3,3,5-3-3,3.67,Loyal Customers
13318,United Kingdom,2011-11-02 13:26:00,2011-12-08 18:51:00,2,3,640.76,20,304,5,3,3,5-3-3,3.67,Loyal Customers
12631,Finland,2011-10-13 13:53:00,2011-10-13 13:53:00,58,1,640.5,31,236,3,2,3,3-2-3,2.67,Need Attention
14301,United Kingdom,2011-08-14 15:33:00,2011-08-14 15:33:00,118,1,640.14,13,606,2,2,3,2-2-3,2.33,At-Risk
15919,United Kingdom,2010-12-06 11:26:00,2011-11-20 11:28:00,20,2,639.89,143,545,4,3,3,4-3-3,3.33,Loyal Customers
17515,United Kingdom,2011-01-25 14:33:00,2011-11-08 14:04:00,32,4,639.02,87,243,4,4,3,4-4-3,3.67,Champions
18160,United Kingdom,2011-05-23 13:41:00,2011-10-13 15:50:00,58,2,638.06,39,294,3,3,3,3-3-3,3.0,Loyal Customers
14754,United Kingdom,2011-02-17 12:21:00,2011-10-26 12:01:00,45,2,638.05,41,486,3,3,3,3-3-3,3.0,Loyal Customers
14664,United Kingdom,2011-11-06 14:56:00,2011-11-20 10:59:00,20,2,637.89,99,466,4,3,3,4-3-3,3.33,Loyal Customers
14128,United Kingdom,2011-03-29 10:49:00,2011-10-10 12:00:00,61,2,637.5,46,564,3,3,3,3-3-3,3.0,Loyal Customers
14481,United Kingdom,2011-02-25 13:53:00,2011-06-28 10:38:00,165,2,636.51,30,489,2,3,3,2-3-3,2.67,At-Risk
15829,United Kingdom,2011-07-22 10:23:00,2011-09-01 16:45:00,100,2,636.14,51,996,2,3,3,2-3-3,2.67,At-Risk
15773,United Kingdom,2011-12-04 12:48:00,2011-12-04 12:48:00,6,1,635.68,10,311,5,2,3,5-2-3,3.33,Potential Loyalists
14000,United Kingdom,2011-05-12 16:50:00,2011-05-12 16:50:00,212,1,635.66,15,710,1,2,3,1-2-3,2.0,At-Risk
16139,United Kingdom,2011-05-17 10:23:00,2011-11-21 08:37:00,19,3,635.41,31,330,4,3,3,4-3-3,3.33,Loyal Customers
17985,United Kingdom,2011-11-17 14:24:00,2011-11-17 14:24:00,23,1,634.95,23,183,4,2,3,4-2-3,3.0,Potential Loyalists
13892,United Kingdom,2011-04-07 12:04:00,2011-11-13 11:50:00,27,4,632.97,27,983,4,4,3,4-4-3,3.67,Champions
14220,United Kingdom,2010-12-16 18:18:00,2011-04-06 13:23:00,248,2,632.4,21,272,1,3,3,1-3-3,2.33,At-Risk
16306,United Kingdom,2010-12-07 15:18:00,2011-05-10 12:12:00,214,6,632.27,41,487,1,5,3,1-5-3,3.0,At-Risk
18183,United Kingdom,2011-03-10 10:08:00,2011-04-26 15:26:00,228,2,632.07,37,371,1,3,3,1-3-3,2.33,At-Risk
13822,United Kingdom,2011-10-30 15:55:00,2011-12-04 12:13:00,6,2,632.0,96,611,5,3,3,5-3-3,3.67,Loyal Customers
14021,United Kingdom,2011-03-28 15:10:00,2011-07-07 15:46:00,156,3,631.9,22,192,2,3,3,2-3-3,2.67,At-Risk
15244,United Kingdom,2011-04-05 15:12:00,2011-10-05 13:19:00,66,2,631.57,34,405,3,3,3,3-3-3,3.0,Loyal Customers
13539,United Kingdom,2011-02-03 15:23:00,2011-09-15 10:18:00,86,3,631.34,37,320,2,3,3,2-3-3,2.67,At-Risk
17990,United Kingdom,2010-12-13 12:10:00,2011-04-17 11:44:00,237,3,630.84,29,414,1,3,3,1-3-3,2.33,At-Risk
13046,United Kingdom,2011-03-18 15:43:00,2011-11-09 08:36:00,31,2,629.31,35,264,4,3,3,4-3-3,3.33,Loyal Customers
13525,United Kingdom,2011-04-05 15:36:00,2011-11-25 12:01:00,15,2,628.78,6,394,4,3,3,4-3-3,3.33,Loyal Customers
14687,United Kingdom,2011-08-25 11:59:00,2011-08-25 11:59:00,107,1,628.38,15,470,2,2,3,2-2-3,2.33,At-Risk
16022,United Kingdom,2011-03-24 13:16:00,2011-03-24 13:16:00,261,1,628.28,76,261,1,2,3,1-2-3,2.0,At-Risk
15028,United Kingdom,2010-12-06 12:47:00,2011-12-01 14:06:00,9,4,627.13,48,459,5,4,3,5-4-3,4.0,Champions
13546,United Kingdom,2011-05-23 12:14:00,2011-11-27 14:50:00,13,3,626.99,98,359,5,3,3,5-3-3,3.67,Loyal Customers
15402,United Kingdom,2011-05-27 13:32:00,2011-07-14 12:17:00,149,2,626.77,42,694,2,3,3,2-3-3,2.67,At-Risk
14036,United Kingdom,2011-02-28 09:26:00,2011-02-28 09:26:00,285,1,626.65,38,268,1,2,3,1-2-3,2.0,At-Risk
13914,United Kingdom,2011-11-03 16:28:00,2011-11-28 10:35:00,12,2,626.45,33,380,5,3,3,5-3-3,3.67,Loyal Customers
14382,United Kingdom,2011-11-13 16:18:00,2011-11-13 16:18:00,27,1,626.07,131,1237,4,2,3,4-2-3,3.0,Potential Loyalists
16750,United Kingdom,2011-04-21 16:53:00,2011-10-26 12:48:00,45,5,623.93,95,214,3,4,3,3-4-3,3.33,Loyal Customers
16718,United Kingdom,2010-12-05 13:03:00,2010-12-05 13:03:00,370,1,623.75,45,413,1,2,3,1-2-3,2.0,At-Risk
12649,Germany,2011-05-11 14:37:00,2011-08-24 14:41:00,108,3,623.51,31,586,2,3,3,2-3-3,2.67,At-Risk
15147,United Kingdom,2011-04-13 15:57:00,2011-04-13 15:57:00,241,1,623.5,28,366,1,2,3,1-2-3,2.0,At-Risk
13368,United Kingdom,2011-01-06 12:32:00,2011-03-28 09:59:00,257,2,623.4,29,327,1,3,3,1-3-3,2.33,At-Risk
15258,United Kingdom,2011-05-06 14:16:00,2011-06-24 12:30:00,169,2,623.16,34,142,2,3,3,2-3-3,2.67,At-Risk
17499,United Kingdom,2011-02-23 09:14:00,2011-02-23 09:14:00,290,1,622.88,40,711,1,2,3,1-2-3,2.0,At-Risk
15182,United Kingdom,2011-03-16 12:42:00,2011-07-08 13:37:00,155,2,622.85,29,253,2,3,3,2-3-3,2.67,At-Risk
17460,United Kingdom,2010-12-01 16:24:00,2011-09-06 15:04:00,95,6,622.43,29,236,2,5,3,2-5-3,3.33,At-Risk
15768,United Kingdom,2011-04-28 09:20:00,2011-08-16 10:48:00,116,3,621.83,27,244,2,3,3,2-3-3,2.67,At-Risk
18217,United Kingdom,2011-09-30 10:44:00,2011-11-10 13:18:00,30,2,621.75,31,491,4,3,3,4-3-3,3.33,Loyal Customers
16915,United Kingdom,2011-03-01 09:52:00,2011-11-30 16:39:00,10,6,621.68,57,132,5,4,3,5-4-3,4.0,Champions
17640,United Kingdom,2011-09-14 09:13:00,2011-09-14 09:13:00,87,1,621.66,5,250,2,2,3,2-2-3,2.33,At-Risk
14152,United Kingdom,2011-04-19 15:46:00,2011-09-25 12:54:00,76,2,621.29,49,711,2,3,3,2-3-3,2.67,At-Risk
13402,United Kingdom,2010-12-02 17:12:00,2011-08-04 15:51:00,128,2,621.23,39,479,2,3,3,2-3-3,2.67,At-Risk
16141,United Kingdom,2011-09-12 13:11:00,2011-09-12 13:11:00,89,1,620.4,30,238,2,2,3,2-2-3,2.33,At-Risk
12667,Finland,2011-10-12 17:00:00,2011-10-12 17:00:00,59,1,620.13,33,395,3,2,3,3-2-3,2.67,Need Attention
14529,United Kingdom,2011-08-21 14:10:00,2011-10-10 15:27:00,61,3,620.04,229,348,3,3,3,3-3-3,3.0,Loyal Customers
13493,Switzerland,2011-02-25 16:42:00,2011-03-09 15:35:00,276,2,618.63,8,380,1,3,3,1-3-3,2.33,At-Risk
16613,United Kingdom,2011-09-30 15:52:00,2011-09-30 15:52:00,71,1,618.59,30,293,3,2,3,3-2-3,2.67,Need Attention
13145,United Kingdom,2010-12-02 18:06:00,2011-10-31 12:45:00,40,4,618.52,6,145,3,4,3,3-4-3,3.33,Loyal Customers
12596,Spain,2011-04-11 13:22:00,2011-10-19 13:02:00,52,2,618.27,27,474,3,3,3,3-3-3,3.0,Loyal Customers
13301,United Kingdom,2011-02-20 13:13:00,2011-08-28 11:25:00,104,4,618.09,81,345,2,4,3,2-4-3,3.0,At-Risk
16134,United Kingdom,2010-12-15 14:00:00,2011-11-18 10:05:00,22,2,618.09,35,371,4,3,3,4-3-3,3.33,Loyal Customers
14593,United Kingdom,2011-05-25 11:14:00,2011-11-18 12:48:00,22,3,617.99,152,332,4,3,3,4-3-3,3.33,Loyal Customers
14377,United Kingdom,2011-03-22 13:38:00,2011-06-01 13:32:00,192,2,617.05,11,219,1,3,3,1-3-3,2.33,At-Risk
16442,United Kingdom,2010-12-14 10:46:00,2011-12-08 11:43:00,2,3,616.79,174,446,5,3,3,5-3-3,3.67,Loyal Customers
16311,United Kingdom,2011-10-21 13:13:00,2011-11-22 08:54:00,18,2,616.26,37,394,4,3,3,4-3-3,3.33,Loyal Customers
14905,United Kingdom,2011-04-20 10:48:00,2011-07-05 12:41:00,158,2,616.15,17,287,2,3,3,2-3-3,2.67,At-Risk
16005,United Kingdom,2011-03-14 11:46:00,2011-11-27 13:47:00,13,4,615.39,218,300,5,4,3,5-4-3,4.0,Champions
15275,United Kingdom,2011-11-02 11:20:00,2011-11-02 11:20:00,38,1,615.14,41,498,3,2,3,3-2-3,2.67,Need Attention
16566,United Kingdom,2011-02-20 10:29:00,2011-11-24 16:34:00,16,5,614.66,18,362,4,4,3,4-4-3,3.67,Champions
16116,United Kingdom,2011-05-12 12:01:00,2011-05-12 12:01:00,212,1,612.78,34,248,1,2,3,1-2-3,2.0,At-Risk
12513,France,2011-08-19 10:51:00,2011-08-19 10:51:00,113,1,612.29,35,462,2,2,3,2-2-3,2.33,At-Risk
18149,United Kingdom,2011-03-11 12:44:00,2011-10-20 12:04:00,51,3,612.08,16,310,3,3,3,3-3-3,3.0,Loyal Customers
15232,United Kingdom,2011-07-22 12:21:00,2011-08-18 16:27:00,114,2,612.06,31,686,2,3,3,2-3-3,2.67,At-Risk
15645,United Kingdom,2011-11-21 11:55:00,2011-11-21 11:55:00,19,1,612.01,52,256,4,2,3,4-2-3,3.0,Potential Loyalists
16109,United Kingdom,2011-02-04 12:37:00,2011-05-05 09:17:00,219,2,611.88,18,612,1,3,3,1-3-3,2.33,At-Risk
16763,United Kingdom,2011-05-25 11:52:00,2011-05-25 11:52:00,199,1,611.85,23,319,1,2,3,1-2-3,2.0,At-Risk
13731,United Kingdom,2011-04-07 10:10:00,2011-05-04 14:33:00,220,2,610.59,38,278,1,3,3,1-3-3,2.33,At-Risk
12673,Germany,2011-01-17 11:46:00,2011-12-04 13:55:00,6,2,610.52,42,351,5,3,3,5-3-3,3.67,Loyal Customers
15795,United Kingdom,2011-07-13 10:43:00,2011-07-13 10:43:00,150,1,610.01,42,581,2,2,3,2-2-3,2.33,At-Risk
13357,United Kingdom,2011-03-27 13:56:00,2011-03-27 13:56:00,258,1,609.95,90,322,1,2,3,1-2-3,2.0,At-Risk
14636,United Kingdom,2011-03-16 09:52:00,2011-11-03 16:12:00,37,2,609.85,28,241,3,3,3,3-3-3,3.0,Loyal Customers
13933,United Kingdom,2011-07-14 13:35:00,2011-08-22 14:03:00,110,2,608.79,23,205,2,3,3,2-3-3,2.67,At-Risk
12933,United Kingdom,2011-03-01 11:30:00,2011-11-15 16:38:00,25,3,607.53,106,499,4,3,3,4-3-3,3.33,Loyal Customers
15573,United Kingdom,2011-09-15 12:16:00,2011-11-08 11:38:00,32,2,607.45,104,363,4,3,3,4-3-3,3.33,Loyal Customers
17119,United Kingdom,2011-10-11 11:03:00,2011-12-06 14:40:00,4,2,606.91,35,334,5,3,3,5-3-3,3.67,Loyal Customers
14710,United Kingdom,2011-10-11 13:49:00,2011-11-25 14:53:00,15,4,606.13,139,378,4,4,3,4-4-3,3.67,Champions
17849,United Kingdom,2011-01-10 11:59:00,2011-05-05 13:46:00,219,4,605.8,26,114,1,4,3,1-4-3,2.67,At-Risk
14133,United Kingdom,2011-01-28 11:27:00,2011-08-02 11:34:00,130,3,605.64,28,348,2,3,3,2-3-3,2.67,At-Risk
13888,United Kingdom,2011-05-05 14:41:00,2011-08-12 10:13:00,120,2,605.63,40,258,2,3,3,2-3-3,2.67,At-Risk
17507,United Kingdom,2011-02-03 18:08:00,2011-03-23 11:48:00,262,2,605.58,88,359,1,3,3,1-3-3,2.33,At-Risk
13233,United Kingdom,2011-01-07 14:49:00,2011-09-26 13:25:00,75,2,605.12,43,1004,2,3,3,2-3-3,2.67,At-Risk
14323,United Kingdom,2011-04-15 11:44:00,2011-08-17 11:37:00,115,2,605.06,36,350,2,3,3,2-3-3,2.67,At-Risk
13558,United Kingdom,2011-10-02 13:01:00,2011-12-04 11:24:00,6,4,605.06,175,344,5,4,3,5-4-3,4.0,Champions
14675,United Kingdom,2011-11-23 12:58:00,2011-11-23 12:58:00,17,1,604.75,102,341,4,2,3,4-2-3,3.0,Potential Loyalists
17664,United Kingdom,2011-05-11 14:17:00,2011-11-21 11:29:00,19,2,604.64,43,604,4,3,3,4-3-3,3.33,Loyal Customers
12944,United Kingdom,2010-12-20 10:41:00,2011-11-04 11:04:00,36,2,604.51,30,289,3,3,3,3-3-3,3.0,Loyal Customers
16732,United Kingdom,2011-11-08 09:54:00,2011-11-08 09:54:00,32,1,603.75,28,317,4,2,3,4-2-3,3.0,Potential Loyalists
12556,Spain,2011-07-11 13:35:00,2011-10-20 13:06:00,51,2,603.71,121,358,3,3,3,3-3-3,3.0,Loyal Customers
12707,France,2011-02-21 08:38:00,2011-02-21 08:38:00,292,1,603.42,33,256,1,2,3,1-2-3,2.0,At-Risk
17259,United Kingdom,2010-12-06 12:55:00,2011-07-14 15:01:00,149,2,603.37,124,410,2,3,3,2-3-3,2.67,At-Risk
15366,United Kingdom,2010-12-16 15:59:00,2011-09-25 15:01:00,76,2,602.51,44,621,2,3,3,2-3-3,2.67,At-Risk
17890,United Kingdom,2010-12-13 15:12:00,2011-01-21 11:19:00,323,2,602.09,94,416,1,3,3,1-3-3,2.33,At-Risk
12654,Germany,2011-02-17 13:16:00,2011-11-29 10:10:00,11,5,601.98,38,264,5,4,3,5-4-3,4.0,Champions
14609,United Kingdom,2011-02-16 12:10:00,2011-09-28 12:54:00,73,4,601.56,4,7026,2,4,3,2-4-3,3.0,At-Risk
16654,United Kingdom,2010-12-06 15:09:00,2011-07-21 15:23:00,142,4,601.27,29,282,2,4,3,2-4-3,3.0,At-Risk
12420,Cyprus,2011-10-07 08:55:00,2011-10-07 08:55:00,64,1,600.39,29,345,3,2,3,3-2-3,2.67,Need Attention
13243,United Kingdom,2011-05-20 13:14:00,2011-05-20 13:14:00,204,1,600.07,58,233,1,2,3,1-2-3,2.0,At-Risk
18211,United Kingdom,2011-03-06 12:09:00,2011-11-14 08:10:00,26,5,600.07,42,359,4,4,3,4-4-3,3.67,Champions
12872,United Kingdom,2010-12-09 14:44:00,2011-01-17 10:52:00,327,2,599.97,66,319,1,3,3,1-3-3,2.33,At-Risk
12521,Germany,2011-07-20 10:51:00,2011-07-20 10:51:00,143,1,599.68,38,309,2,2,3,2-2-3,2.33,At-Risk
14965,United Kingdom,2011-09-04 13:15:00,2011-09-04 13:20:00,97,2,599.0,83,365,2,3,3,2-3-3,2.67,At-Risk
17420,United Kingdom,2010-12-01 09:56:00,2011-10-20 14:52:00,51,3,598.83,30,265,3,3,3,3-3-3,3.0,Loyal Customers
14467,United Kingdom,2011-01-31 12:35:00,2011-11-22 12:48:00,18,4,598.76,90,278,4,4,3,4-4-3,3.67,Champions
15720,United Kingdom,2011-11-15 14:48:00,2011-11-15 14:48:00,25,1,598.73,128,281,4,2,3,4-2-3,3.0,Potential Loyalists
13311,United Kingdom,2011-07-12 14:26:00,2011-12-05 12:55:00,5,2,598.57,26,305,5,3,3,5-3-3,3.67,Loyal Customers
13959,United Kingdom,2010-12-12 13:56:00,2011-09-21 15:06:00,80,3,598.2,92,357,2,3,3,2-3-3,2.67,At-Risk
16298,United Kingdom,2011-06-06 10:06:00,2011-11-17 11:59:00,23,3,598.2,27,198,4,3,3,4-3-3,3.33,Loyal Customers
14108,United Kingdom,2011-08-30 11:32:00,2011-11-09 10:41:00,31,2,597.91,34,381,4,3,3,4-3-3,3.33,Loyal Customers
17864,United Kingdom,2011-03-09 11:44:00,2011-11-27 11:15:00,13,3,597.5,102,810,5,3,3,5-3-3,3.67,Loyal Customers
16788,United Kingdom,2011-03-30 13:05:00,2011-08-08 14:53:00,124,2,597.48,155,311,2,3,3,2-3-3,2.67,At-Risk
14645,United Kingdom,2011-03-09 09:52:00,2011-07-06 09:15:00,157,2,597.09,30,381,2,3,3,2-3-3,2.67,At-Risk
15381,United Kingdom,2011-03-16 13:44:00,2011-05-10 11:55:00,214,2,596.85,8,171,1,3,3,1-3-3,2.33,At-Risk
18246,United Kingdom,2011-04-20 13:55:00,2011-11-16 11:49:00,24,2,596.1,4,166,4,3,3,4-3-3,3.33,Loyal Customers
17658,United Kingdom,2011-05-12 15:23:00,2011-11-14 12:07:00,26,2,595.42,19,616,4,3,3,4-3-3,3.33,Loyal Customers
14284,United Kingdom,2011-09-14 13:04:00,2011-11-09 08:11:00,31,2,595.25,32,161,4,3,3,4-3-3,3.33,Loyal Customers
16325,United Kingdom,2011-04-08 09:20:00,2011-10-24 08:48:00,47,3,594.24,18,194,3,3,3,3-3-3,3.0,Loyal Customers
15442,United Kingdom,2011-04-05 12:24:00,2011-04-05 12:24:00,249,1,594.0,2,120,1,2,3,1-2-3,2.0,At-Risk
12917,United Kingdom,2011-08-03 16:42:00,2011-08-03 16:42:00,129,1,594.0,2,120,2,2,3,2-2-3,2.33,At-Risk
16535,United Kingdom,2011-12-04 15:18:00,2011-12-04 15:18:00,6,1,593.75,31,356,5,2,3,5-2-3,3.33,Potential Loyalists
18232,United Kingdom,2011-05-26 16:30:00,2011-09-19 11:49:00,82,4,592.97,37,302,2,4,3,2-4-3,3.0,At-Risk
16203,United Kingdom,2010-12-02 15:39:00,2011-10-12 12:31:00,59,4,592.9,35,262,3,4,3,3-4-3,3.33,Loyal Customers
14692,United Kingdom,2011-01-21 13:47:00,2011-07-25 15:08:00,138,4,591.55,68,265,2,4,3,2-4-3,3.0,At-Risk
13276,United Kingdom,2011-09-01 10:03:00,2011-10-07 12:44:00,64,2,590.93,30,161,3,3,3,3-3-3,3.0,Loyal Customers
13270,United Kingdom,2010-12-08 14:53:00,2010-12-08 14:53:00,367,1,590.0,1,200,1,2,3,1-2-3,2.0,At-Risk
13452,United Kingdom,2011-03-14 11:38:00,2011-03-25 14:19:00,260,2,590.0,2,2,1,3,3,1-3-3,2.33,At-Risk
14882,United Kingdom,2011-11-06 10:15:00,2011-11-13 12:47:00,27,2,589.7,11,158,4,3,3,4-3-3,3.33,Loyal Customers
18123,United Kingdom,2011-11-08 13:31:00,2011-11-15 14:23:00,25,2,589.44,36,594,4,3,3,4-3-3,3.33,Loyal Customers
16723,United Kingdom,2011-08-24 11:31:00,2011-09-09 13:01:00,92,2,589.15,43,399,2,3,3,2-3-3,2.67,At-Risk
16838,United Kingdom,2011-02-24 15:01:00,2011-05-26 13:13:00,198,2,588.85,25,185,1,3,3,1-3-3,2.33,At-Risk
14338,United Kingdom,2011-05-27 13:30:00,2011-07-01 14:08:00,162,2,588.22,31,335,2,3,3,2-3-3,2.67,At-Risk
15624,United Kingdom,2011-03-28 13:32:00,2011-08-15 11:38:00,117,4,588.13,34,357,2,4,3,2-4-3,3.0,At-Risk
17351,United Kingdom,2011-03-11 16:05:00,2011-11-03 18:45:00,37,3,587.15,27,113,3,3,3,3-3-3,3.0,Loyal Customers
17014,United Kingdom,2011-10-04 11:36:00,2011-12-01 14:09:00,9,3,586.33,74,245,5,3,3,5-3-3,3.67,Loyal Customers
17360,United Kingdom,2011-06-08 17:09:00,2011-11-22 13:11:00,18,3,585.79,132,335,4,3,3,4-3-3,3.33,Loyal Customers
12384,Switzerland,2011-08-10 11:23:00,2011-11-11 08:39:00,29,2,585.27,27,126,4,3,3,4-3-3,3.33,Loyal Customers
15222,United Kingdom,2011-01-25 08:03:00,2011-01-25 08:03:00,319,1,585.0,5,440,1,2,3,1-2-3,2.0,At-Risk
16384,United Kingdom,2011-03-21 10:13:00,2011-09-11 11:19:00,90,2,584.5,33,260,2,3,3,2-3-3,2.67,At-Risk
16072,United Kingdom,2011-02-24 14:32:00,2011-02-24 14:32:00,289,1,584.32,23,140,1,2,3,1-2-3,2.0,At-Risk
14023,United Kingdom,2011-04-03 15:50:00,2011-12-02 13:58:00,8,2,584.07,31,345,5,3,3,5-3-3,3.67,Loyal Customers
13557,United Kingdom,2011-03-04 12:14:00,2011-11-11 15:24:00,29,2,584.06,34,546,4,3,3,4-3-3,3.33,Loyal Customers
15762,United Kingdom,2011-09-23 15:17:00,2011-10-05 16:15:00,66,2,583.75,37,251,3,3,3,3-3-3,3.0,Loyal Customers
12426,Germany,2011-05-29 12:26:00,2011-05-29 12:26:00,195,1,582.73,30,258,1,2,3,1-2-3,2.0,At-Risk
13427,United Kingdom,2011-05-08 15:58:00,2011-11-20 13:02:00,20,3,582.6,29,545,4,3,3,4-3-3,3.33,Loyal Customers
17970,United Kingdom,2011-05-12 20:03:00,2011-05-12 20:03:00,212,1,582.59,31,525,1,2,3,1-2-3,2.0,At-Risk
12695,France,2011-05-13 13:15:00,2011-12-02 13:22:00,8,4,582.1,27,220,5,4,3,5-4-3,4.0,Champions
18095,United Kingdom,2011-01-11 12:37:00,2011-01-31 12:50:00,313,2,580.05,21,419,1,3,3,1-3-3,2.33,At-Risk
16906,United Kingdom,2011-04-05 12:30:00,2011-09-19 11:49:00,82,4,579.77,93,281,2,4,3,2-4-3,3.0,At-Risk
17142,United Kingdom,2011-04-14 18:22:00,2011-04-14 18:22:00,240,1,579.0,15,81,1,2,3,1-2-3,2.0,At-Risk
13292,United Kingdom,2011-02-28 15:00:00,2011-11-01 10:04:00,39,2,578.94,31,347,3,3,3,3-3-3,3.0,Loyal Customers
17540,United Kingdom,2011-01-27 14:35:00,2011-11-15 11:56:00,25,2,578.9,25,194,4,3,3,4-3-3,3.33,Loyal Customers
12601,Germany,2011-01-11 10:38:00,2011-06-03 10:17:00,190,5,577.06,28,245,1,4,3,1-4-3,2.67,At-Risk
14176,United Kingdom,2010-12-07 11:45:00,2011-02-15 13:12:00,298,4,576.9,31,209,1,4,3,1-4-3,2.67,At-Risk
16916,United Kingdom,2010-12-02 13:14:00,2011-11-16 12:08:00,24,2,576.26,143,440,4,3,3,4-3-3,3.33,Loyal Customers
15830,United Kingdom,2011-11-02 10:40:00,2011-11-02 10:40:00,38,1,576.0,39,415,3,2,3,3-2-3,2.67,Need Attention
15550,United Kingdom,2011-02-11 12:49:00,2011-12-05 15:38:00,5,4,575.63,61,295,5,4,3,5-4-3,4.0,Champions
16345,United Kingdom,2011-10-26 16:03:00,2011-10-26 16:03:00,45,1,575.41,38,289,3,2,3,3-2-3,2.67,Need Attention
13487,United Kingdom,2010-12-21 14:54:00,2011-10-13 12:07:00,58,3,575.4,34,265,3,3,3,3-3-3,3.0,Loyal Customers
14167,United Kingdom,2011-01-12 15:44:00,2011-10-31 14:29:00,40,4,574.84,52,150,3,4,3,3-4-3,3.33,Loyal Customers
14400,United Kingdom,2011-07-13 15:50:00,2011-07-13 15:50:00,150,1,574.7,25,454,2,2,3,2-2-3,2.33,At-Risk
12784,Portugal,2011-11-24 12:53:00,2011-11-30 15:38:00,10,2,574.42,59,300,5,3,3,5-3-3,3.67,Loyal Customers
15339,United Kingdom,2011-01-25 13:15:00,2011-10-04 12:51:00,67,2,574.07,86,416,3,3,3,3-3-3,3.0,Loyal Customers
15303,United Kingdom,2011-02-22 13:59:00,2011-02-22 13:59:00,291,1,574.02,31,248,1,2,3,1-2-3,2.0,At-Risk
12879,United Kingdom,2011-09-09 12:11:00,2011-10-26 12:24:00,45,3,573.22,10,370,3,3,3,3-3-3,3.0,Loyal Customers
15415,United Kingdom,2011-01-30 14:13:00,2011-01-30 14:13:00,314,1,572.81,48,575,1,2,3,1-2-3,2.0,At-Risk
13379,United Kingdom,2011-07-26 12:26:00,2011-11-13 13:45:00,27,3,572.56,97,601,4,3,3,4-3-3,3.33,Loyal Customers
13405,United Kingdom,2011-01-26 09:27:00,2011-09-26 17:01:00,75,3,572.45,27,165,2,3,3,2-3-3,2.67,At-Risk
12816,Poland,2011-06-16 13:24:00,2011-09-05 12:41:00,96,2,572.2,29,128,2,3,3,2-3-3,2.67,At-Risk
13816,Germany,2011-10-06 14:37:00,2011-11-16 08:38:00,24,2,571.67,28,269,4,3,3,4-3-3,3.33,Loyal Customers
17616,United Kingdom,2010-12-07 10:04:00,2011-06-19 10:11:00,174,3,571.2,3,224,2,3,3,2-3-3,2.67,At-Risk
15821,United Kingdom,2011-10-09 13:28:00,2011-10-26 15:48:00,45,2,570.96,62,202,3,3,3,3-3-3,3.0,Loyal Customers
15315,United Kingdom,2011-08-15 15:17:00,2011-10-06 12:51:00,65,2,570.5,37,862,3,3,3,3-3-3,3.0,Loyal Customers
14592,United Kingdom,2011-10-06 18:08:00,2011-11-04 16:35:00,36,3,570.46,164,415,3,3,3,3-3-3,3.0,Loyal Customers
16667,United Kingdom,2011-02-28 12:57:00,2011-10-02 15:26:00,69,2,570.13,53,237,3,3,3,3-3-3,3.0,Loyal Customers
13939,United Kingdom,2011-02-01 11:30:00,2011-11-16 13:33:00,24,3,568.55,45,847,4,3,3,4-3-3,3.33,Loyal Customers
13321,United Kingdom,2011-09-14 15:18:00,2011-09-28 15:24:00,73,2,567.36,11,372,2,3,3,2-3-3,2.67,At-Risk
17897,United Kingdom,2010-12-01 12:31:00,2011-06-20 11:23:00,173,3,566.6,114,229,2,3,3,2-3-3,2.67,At-Risk
18150,United Kingdom,2011-05-22 10:47:00,2011-11-07 16:49:00,33,3,566.58,37,332,3,3,3,3-3-3,3.0,Loyal Customers
16278,United Kingdom,2011-08-31 17:12:00,2011-08-31 17:12:00,101,1,566.38,23,114,2,2,3,2-2-3,2.33,At-Risk
13894,United Kingdom,2011-02-02 12:54:00,2011-11-16 09:44:00,24,3,564.62,27,354,4,3,3,4-3-3,3.33,Loyal Customers
15344,United Kingdom,2011-09-26 14:48:00,2011-12-09 10:45:00,1,3,563.94,26,116,5,3,3,5-3-3,3.67,Loyal Customers
16933,United Kingdom,2011-04-14 13:33:00,2011-12-08 12:54:00,2,2,563.23,44,288,5,3,3,5-3-3,3.67,Loyal Customers
14753,United Kingdom,2011-09-13 14:50:00,2011-09-13 14:50:00,88,1,563.15,30,211,2,2,3,2-2-3,2.33,At-Risk
17265,United Kingdom,2011-06-12 12:00:00,2011-07-24 10:49:00,139,2,562.9,127,394,2,3,3,2-3-3,2.67,At-Risk
12414,Austria,2011-02-02 14:51:00,2011-05-06 14:51:00,218,3,562.41,18,300,1,3,3,1-3-3,2.33,At-Risk
12559,Germany,2011-01-24 10:12:00,2011-02-02 09:49:00,311,2,561.71,21,283,1,3,3,1-3-3,2.33,At-Risk
13946,United Kingdom,2011-03-17 10:02:00,2011-09-21 13:33:00,80,3,561.57,11,443,2,3,3,2-3-3,2.67,At-Risk
15655,United Kingdom,2011-04-10 15:25:00,2011-04-10 15:25:00,244,1,560.67,34,324,1,2,3,1-2-3,2.0,At-Risk
13044,United Kingdom,2011-02-21 15:20:00,2011-02-21 15:20:00,292,1,560.47,33,429,1,2,3,1-2-3,2.0,At-Risk
14273,United Kingdom,2011-04-11 13:24:00,2011-10-19 13:20:00,52,4,559.97,29,264,3,4,3,3-4-3,3.33,Loyal Customers
16275,United Kingdom,2011-05-27 12:41:00,2011-05-27 12:41:00,197,1,559.87,33,336,1,2,3,1-2-3,2.0,At-Risk
18043,United Kingdom,2010-12-08 12:35:00,2011-11-15 12:48:00,25,3,559.51,121,282,4,3,3,4-3-3,3.33,Loyal Customers
14177,United Kingdom,2011-06-13 11:10:00,2011-09-14 15:11:00,87,4,559.41,42,205,2,4,3,2-4-3,3.0,At-Risk
12866,Belgium,2011-03-01 14:11:00,2011-03-01 14:11:00,284,1,559.12,26,171,1,2,3,1-2-3,2.0,At-Risk
17503,United Kingdom,2011-11-01 11:12:00,2011-12-07 09:18:00,3,2,558.96,38,486,5,3,3,5-3-3,3.67,Loyal Customers
12987,United Kingdom,2011-05-26 12:00:00,2011-09-27 12:03:00,74,2,558.7,28,219,2,3,3,2-3-3,2.67,At-Risk
13800,United Kingdom,2011-02-03 12:27:00,2011-02-03 12:27:00,310,1,558.32,33,331,1,2,3,1-2-3,2.0,At-Risk
13260,United Kingdom,2011-10-09 13:21:00,2011-10-09 13:21:00,62,1,557.62,8,142,3,2,3,3-2-3,2.67,Need Attention
17955,United Kingdom,2011-05-04 12:29:00,2011-05-25 12:00:00,199,4,557.3,19,273,1,4,3,1-4-3,2.67,At-Risk
17295,United Kingdom,2011-10-06 12:22:00,2011-11-11 10:49:00,29,3,556.95,69,294,4,3,3,4-3-3,3.33,Loyal Customers
16385,United Kingdom,2010-12-08 12:56:00,2011-10-10 13:12:00,61,3,555.89,59,261,3,3,3,3-3-3,3.0,Loyal Customers
14805,United Kingdom,2011-01-30 10:43:00,2011-11-24 16:20:00,16,4,554.65,47,115,4,4,3,4-4-3,3.67,Champions
14891,United Kingdom,2011-06-05 10:58:00,2011-07-14 18:08:00,149,2,554.38,33,505,2,3,3,2-3-3,2.67,At-Risk
14618,United Kingdom,2011-01-06 11:59:00,2011-11-30 13:45:00,10,3,553.44,16,264,5,3,3,5-3-3,3.67,Loyal Customers
15068,United Kingdom,2011-03-28 14:27:00,2011-10-24 14:47:00,47,2,553.36,104,364,3,3,3,3-3-3,3.0,Loyal Customers
12363,Unspecified,2011-04-11 13:29:00,2011-08-22 10:18:00,110,2,552.0,23,408,2,3,3,2-3-3,2.67,At-Risk
17674,United Kingdom,2010-12-06 10:20:00,2011-09-26 13:35:00,75,2,551.04,27,672,2,3,3,2-3-3,2.67,At-Risk
17291,United Kingdom,2011-02-04 13:04:00,2011-02-04 13:04:00,309,1,550.8,1,72,1,2,3,1-2-3,2.0,At-Risk
17235,United Kingdom,2010-12-02 13:38:00,2011-11-14 15:51:00,26,2,550.06,29,224,4,3,3,4-3-3,3.33,Loyal Customers
12390,Belgium,2011-09-21 09:33:00,2011-09-21 09:33:00,80,1,549.84,32,353,2,2,3,2-2-3,2.33,At-Risk
16340,United Kingdom,2011-08-24 14:53:00,2011-08-24 14:53:00,108,1,549.07,153,501,2,2,3,2-2-3,2.33,At-Risk
16536,United Kingdom,2011-08-21 15:54:00,2011-08-21 15:54:00,111,1,548.97,55,251,2,2,3,2-2-3,2.33,At-Risk
16031,United Kingdom,2011-04-06 14:23:00,2011-09-08 13:07:00,93,2,548.94,100,423,2,3,3,2-3-3,2.67,At-Risk
14474,United Kingdom,2011-10-24 13:26:00,2011-10-24 13:26:00,47,1,547.66,29,140,3,2,3,3-2-3,2.67,Need Attention
16811,United Kingdom,2011-11-22 17:19:00,2011-12-05 11:39:00,5,2,547.07,28,477,5,3,3,5-3-3,3.67,Loyal Customers
17637,United Kingdom,2011-08-16 13:25:00,2011-11-08 12:51:00,32,2,547.06,35,280,4,3,3,4-3-3,3.33,Loyal Customers
16211,United Kingdom,2011-09-12 12:11:00,2011-09-12 12:11:00,89,1,547.02,23,154,2,2,3,2-2-3,2.33,At-Risk
17520,United Kingdom,2011-10-17 12:04:00,2011-10-17 12:04:00,54,1,546.81,30,365,3,2,3,3-2-3,2.67,Need Attention
12743,Unspecified,2011-07-28 16:06:00,2011-07-28 16:21:00,135,2,546.43,134,319,2,3,3,2-3-3,2.67,At-Risk
14997,United Kingdom,2011-06-14 16:52:00,2011-10-24 13:28:00,47,3,546.2,26,1120,3,3,3,3-3-3,3.0,Loyal Customers
17806,United Kingdom,2011-11-28 14:12:00,2011-11-28 14:12:00,12,1,546.04,43,727,5,2,3,5-2-3,3.33,Potential Loyalists
12793,Portugal,2010-12-03 15:14:00,2011-01-09 12:12:00,335,2,545.48,24,295,1,3,3,1-3-3,2.33,At-Risk
16475,United Kingdom,2011-03-11 09:39:00,2011-09-12 14:37:00,89,4,544.3,28,319,2,4,3,2-4-3,3.0,At-Risk
13617,United Kingdom,2011-06-12 12:55:00,2011-10-30 13:50:00,41,3,544.18,44,300,3,3,3,3-3-3,3.0,Loyal Customers
13390,United Kingdom,2011-09-26 08:38:00,2011-09-26 08:38:00,75,1,544.08,13,224,2,2,3,2-2-3,2.33,At-Risk
16927,United Kingdom,2010-12-13 11:57:00,2011-08-16 11:10:00,116,3,543.05,6,993,2,3,3,2-3-3,2.67,At-Risk
13278,United Kingdom,2011-10-30 11:49:00,2011-10-30 11:49:00,41,1,542.73,46,537,3,2,3,3-2-3,2.67,Need Attention
16230,United Kingdom,2011-05-03 15:12:00,2011-06-03 10:06:00,190,2,542.03,35,365,1,3,3,1-3-3,2.33,At-Risk
17447,United Kingdom,2011-09-29 10:10:00,2011-10-30 14:18:00,41,2,541.53,36,443,3,3,3,3-3-3,3.0,Loyal Customers
17557,United Kingdom,2011-09-19 14:23:00,2011-11-25 12:57:00,15,3,541.46,34,306,4,3,3,4-3-3,3.33,Loyal Customers
13874,United Kingdom,2010-12-16 18:20:00,2010-12-16 18:20:00,359,1,540.45,18,180,1,2,3,1-2-3,2.0,At-Risk
13812,Germany,2011-08-26 12:54:00,2011-10-28 14:27:00,43,3,539.0,36,333,3,3,3,3-3-3,3.0,Loyal Customers
14496,United Kingdom,2010-12-01 15:35:00,2011-02-01 09:01:00,312,2,538.81,19,159,1,3,3,1-3-3,2.33,At-Risk
15452,United Kingdom,2011-03-20 15:21:00,2011-11-10 12:13:00,30,3,538.73,58,283,4,3,3,4-3-3,3.33,Loyal Customers
15469,United Kingdom,2011-08-11 16:54:00,2011-10-20 16:21:00,51,2,538.55,24,153,3,3,3,3-3-3,3.0,Loyal Customers
15539,United Kingdom,2011-12-02 13:36:00,2011-12-02 13:36:00,8,1,538.46,41,410,5,2,3,5-2-3,3.33,Potential Loyalists
17062,United Kingdom,2010-12-05 11:59:00,2011-01-30 11:01:00,314,4,538.37,70,430,1,4,3,1-4-3,2.67,At-Risk
17345,United Kingdom,2011-05-27 12:26:00,2011-11-24 15:03:00,16,4,537.74,87,346,4,4,3,4-4-3,3.67,Champions
14539,United Kingdom,2011-10-26 12:03:00,2011-11-24 09:50:00,16,2,537.48,32,428,4,3,3,4-3-3,3.33,Loyal Customers
16206,United Kingdom,2011-01-16 11:07:00,2011-10-16 10:41:00,55,4,537.06,63,272,3,4,3,3-4-3,3.33,Loyal Customers
15043,United Kingdom,2011-11-08 14:26:00,2011-11-08 14:26:00,32,1,537.0,3,300,4,2,3,4-2-3,3.0,Potential Loyalists
16804,United Kingdom,2011-03-14 15:48:00,2011-11-16 16:43:00,24,3,536.99,60,246,4,3,3,4-3-3,3.33,Loyal Customers
16233,United Kingdom,2010-12-08 12:51:00,2011-09-29 17:27:00,72,3,536.68,22,174,3,3,3,3-3-3,3.0,Loyal Customers
15535,United Kingdom,2011-01-16 12:35:00,2011-06-19 16:02:00,174,4,536.4,75,143,2,4,3,2-4-3,3.0,At-Risk
16142,United Kingdom,2011-04-04 10:16:00,2011-04-04 10:16:00,250,1,535.34,37,422,1,2,3,1-2-3,2.0,At-Risk
12988,United Kingdom,2011-02-20 14:31:00,2011-02-20 14:31:00,293,1,535.32,92,136,1,2,3,1-2-3,2.0,At-Risk
13000,United Kingdom,2010-12-10 10:26:00,2011-08-25 10:43:00,107,3,534.85,31,379,2,3,3,2-3-3,2.67,At-Risk
13385,United Kingdom,2011-01-14 09:52:00,2011-01-14 09:52:00,330,1,534.57,35,281,1,2,3,1-2-3,2.0,At-Risk
17443,Canada,2011-05-04 10:47:00,2011-05-04 10:47:00,220,1,534.24,1,504,1,2,3,1-2-3,2.0,At-Risk
13434,United Kingdom,2011-09-04 10:35:00,2011-09-26 14:30:00,75,2,534.24,10,300,2,3,3,2-3-3,2.67,At-Risk
13217,United Kingdom,2011-07-06 12:08:00,2011-08-09 15:32:00,123,3,533.98,4,262,2,3,3,2-3-3,2.67,At-Risk
15433,United Kingdom,2011-03-17 14:12:00,2011-05-10 10:45:00,214,2,533.3,41,534,1,3,3,1-3-3,2.33,At-Risk
15756,United Kingdom,2011-04-04 14:00:00,2011-10-09 13:30:00,62,4,532.96,192,242,3,4,3,3-4-3,3.33,Loyal Customers
15825,United Kingdom,2011-06-20 13:27:00,2011-06-20 13:27:00,173,1,532.94,20,220,2,2,3,2-2-3,2.33,At-Risk
16706,United Kingdom,2011-08-17 15:53:00,2011-11-02 13:50:00,38,3,531.35,123,249,3,3,3,3-3-3,3.0,Loyal Customers
14265,Unspecified,2011-07-14 09:10:00,2011-08-22 13:32:00,110,2,530.18,31,330,2,3,3,2-3-3,2.67,At-Risk
18159,United Kingdom,2011-02-11 14:26:00,2011-02-11 14:26:00,302,1,530.15,23,139,1,2,3,1-2-3,2.0,At-Risk
14002,United Kingdom,2011-07-06 14:59:00,2011-07-28 15:55:00,135,2,529.73,47,877,2,3,3,2-3-3,2.67,At-Risk
14463,United Kingdom,2011-05-18 14:42:00,2011-09-02 15:20:00,99,3,529.62,6,179,2,3,3,2-3-3,2.67,At-Risk
16185,United Kingdom,2011-04-21 11:59:00,2011-11-23 09:41:00,17,2,529.41,31,260,4,3,3,4-3-3,3.33,Loyal Customers
17631,United Kingdom,2011-04-21 13:22:00,2011-12-08 09:47:00,2,3,528.33,39,334,5,3,3,5-3-3,3.67,Loyal Customers
16602,United Kingdom,2011-11-03 15:54:00,2011-11-03 15:54:00,37,1,528.08,29,336,3,2,3,3-2-3,2.67,Need Attention
12479,Germany,2011-11-28 13:26:00,2011-11-28 13:26:00,12,1,527.2,31,385,5,2,3,5-2-3,3.33,Potential Loyalists
17623,United Kingdom,2011-11-07 11:32:00,2011-11-07 11:32:00,33,1,527.05,33,265,3,2,3,3-2-3,2.67,Need Attention
18252,United Kingdom,2011-06-21 11:47:00,2011-10-20 12:43:00,51,2,526.67,98,239,3,3,3,3-3-3,3.0,Loyal Customers
16892,United Kingdom,2011-06-09 11:35:00,2011-12-08 13:18:00,2,5,525.54,99,239,5,4,3,5-4-3,4.0,Champions
17290,United Kingdom,2011-11-23 15:53:00,2011-12-06 12:38:00,4,2,525.24,102,404,5,3,3,5-3-3,3.67,Loyal Customers
17429,United Kingdom,2011-05-05 09:53:00,2011-08-03 13:22:00,129,3,524.92,39,624,2,3,3,2-3-3,2.67,At-Risk
15467,United Kingdom,2011-07-10 14:42:00,2011-11-30 14:17:00,10,3,524.88,52,310,5,3,3,5-3-3,3.67,Loyal Customers
15891,United Kingdom,2011-04-27 12:35:00,2011-04-27 12:35:00,227,1,524.52,62,442,1,2,3,1-2-3,2.0,At-Risk
13721,United Kingdom,2011-11-03 14:05:00,2011-11-03 14:05:00,37,1,524.14,28,316,3,2,3,3-2-3,2.67,Need Attention
17329,United Kingdom,2011-01-28 15:29:00,2011-11-25 14:24:00,15,2,523.11,33,142,4,3,3,4-3-3,3.33,Loyal Customers
18017,United Kingdom,2011-02-02 13:57:00,2011-09-19 16:15:00,82,3,523.0,3,300,2,3,3,2-3-3,2.67,At-Risk
17712,United Kingdom,2011-10-26 12:28:00,2011-10-26 12:28:00,45,1,522.91,29,215,3,2,3,3-2-3,2.67,Need Attention
14871,United Kingdom,2010-12-14 12:18:00,2011-12-06 13:42:00,4,4,522.38,98,185,5,4,3,5-4-3,4.0,Champions
12863,United Kingdom,2011-10-18 14:15:00,2011-10-18 14:15:00,53,1,521.2,5,188,3,2,3,3-2-3,2.67,Need Attention
15149,United Kingdom,2011-07-29 10:58:00,2011-07-29 10:58:00,134,1,520.8,23,128,2,2,3,2-2-3,2.33,At-Risk
14873,United Kingdom,2011-05-13 13:52:00,2011-05-13 13:52:00,211,1,519.68,28,168,1,2,3,1-2-3,2.0,At-Risk
12571,France,2011-08-10 12:35:00,2011-10-31 10:19:00,40,2,519.61,34,523,3,3,3,3-3-3,3.0,Loyal Customers
13643,United Kingdom,2011-06-07 11:40:00,2011-11-08 15:37:00,32,3,519.44,28,273,4,3,3,4-3-3,3.33,Loyal Customers
16955,United Kingdom,2010-12-01 13:31:00,2011-06-08 10:36:00,185,4,518.67,25,266,1,4,3,1-4-3,2.67,At-Risk
16650,United Kingdom,2011-09-29 09:51:00,2011-09-29 09:51:00,72,1,518.42,24,372,2,2,3,2-2-3,2.33,At-Risk
15030,United Kingdom,2011-03-16 15:34:00,2011-09-29 10:50:00,72,2,518.28,7,372,3,3,3,3-3-3,3.0,Loyal Customers
16135,United Kingdom,2011-03-22 12:30:00,2011-03-22 12:30:00,263,1,517.55,21,209,1,2,3,1-2-3,2.0,At-Risk
17454,United Kingdom,2010-12-15 10:54:00,2011-05-31 13:58:00,193,4,517.53,61,243,1,4,3,1-4-3,2.67,At-Risk
18205,United Kingdom,2011-09-26 12:02:00,2011-11-03 13:22:00,37,2,517.36,32,192,3,3,3,3-3-3,3.0,Loyal Customers
13043,United Kingdom,2011-03-11 14:52:00,2011-03-11 14:52:00,274,1,516.42,13,254,1,2,3,1-2-3,2.0,At-Risk
15882,United Kingdom,2010-12-06 13:01:00,2011-05-25 11:35:00,199,4,516.36,23,276,1,4,3,1-4-3,2.67,At-Risk
15809,United Kingdom,2011-02-10 11:16:00,2011-11-03 16:40:00,37,5,515.77,35,301,3,4,3,3-4-3,3.33,Loyal Customers
12811,Portugal,2011-02-28 15:39:00,2011-03-24 09:42:00,261,3,514.85,31,230,1,3,3,1-3-3,2.33,At-Risk
15246,United Kingdom,2010-12-16 09:46:00,2011-04-15 14:45:00,239,2,514.15,33,247,1,3,3,1-3-3,2.33,At-Risk
13005,United Kingdom,2011-04-07 13:32:00,2011-06-19 10:53:00,174,2,513.7,26,172,2,3,3,2-3-3,2.67,At-Risk
17513,United Kingdom,2011-09-28 16:42:00,2011-09-28 16:42:00,73,1,513.2,6,254,2,2,3,2-2-3,2.33,At-Risk
17805,United Kingdom,2011-09-27 11:49:00,2011-09-27 11:49:00,74,1,512.31,10,478,2,2,3,2-2-3,2.33,At-Risk
17480,United Kingdom,2011-09-23 11:39:00,2011-09-23 11:39:00,78,1,511.82,29,338,2,2,3,2-2-3,2.33,At-Risk
12582,Finland,2011-02-24 11:42:00,2011-04-15 08:45:00,239,2,511.36,22,300,1,3,3,1-3-3,2.33,At-Risk
14851,United Kingdom,2011-03-28 14:59:00,2011-11-16 14:20:00,24,2,511.35,28,325,4,3,3,4-3-3,3.33,Loyal Customers
16561,United Kingdom,2011-10-11 09:53:00,2011-12-04 11:50:00,6,2,511.12,31,244,5,3,3,5-3-3,3.67,Loyal Customers
15406,United Kingdom,2011-02-11 16:19:00,2011-11-08 13:22:00,32,2,510.71,53,254,4,3,3,4-3-3,3.33,Loyal Customers
12904,United Kingdom,2011-06-20 13:18:00,2011-11-21 14:34:00,19,2,509.58,72,302,4,3,3,4-3-3,3.33,Loyal Customers
12436,Norway,2011-09-01 12:09:00,2011-09-01 12:09:00,100,1,509.01,16,211,2,2,3,2-2-3,2.33,At-Risk
16898,United Kingdom,2010-12-06 12:23:00,2011-11-13 15:44:00,27,3,508.81,162,419,4,3,3,4-3-3,3.33,Loyal Customers
17391,United Kingdom,2011-06-28 12:21:00,2011-06-29 09:58:00,164,2,508.8,3,480,2,3,3,2-3-3,2.67,At-Risk
15417,United Kingdom,2011-09-15 15:26:00,2011-09-15 15:26:00,86,1,508.8,28,284,2,2,3,2-2-3,2.33,At-Risk
14317,United Kingdom,2011-10-06 10:44:00,2011-10-06 10:44:00,65,1,508.58,24,255,3,2,3,3-2-3,2.67,Need Attention
17958,United Kingdom,2011-08-15 12:19:00,2011-08-15 12:19:00,117,1,508.46,7,84,2,2,3,2-2-3,2.33,At-Risk
17415,United Kingdom,2011-09-21 12:50:00,2011-09-21 12:50:00,80,1,507.84,14,114,2,2,3,2-2-3,2.33,At-Risk
14158,United Kingdom,2011-10-30 15:08:00,2011-10-30 15:08:00,41,1,507.66,41,781,3,2,3,3-2-3,2.67,Need Attention
14820,United Kingdom,2011-06-19 14:56:00,2011-11-18 15:41:00,22,4,507.29,29,253,4,4,3,4-4-3,3.67,Champions
15721,United Kingdom,2011-11-28 12:14:00,2011-11-28 12:14:00,12,1,507.08,91,409,5,2,3,5-2-3,3.33,Potential Loyalists
16960,United Kingdom,2011-04-01 11:54:00,2011-11-01 11:35:00,39,3,507.05,101,304,3,3,3,3-3-3,3.0,Loyal Customers
13885,United Kingdom,2011-05-23 08:52:00,2011-06-03 15:07:00,190,2,506.8,28,182,1,3,3,1-3-3,2.33,At-Risk
16614,United Kingdom,2011-06-10 11:36:00,2011-06-10 11:36:00,183,1,506.19,26,223,1,2,3,1-2-3,2.0,At-Risk
14014,United Kingdom,2011-09-23 13:18:00,2011-09-23 13:18:00,78,1,505.18,39,1076,2,2,3,2-2-3,2.33,At-Risk
15081,United Kingdom,2010-12-07 16:20:00,2011-11-17 17:08:00,23,5,504.8,33,190,4,4,3,4-4-3,3.67,Champions
12991,United Kingdom,2011-08-19 14:39:00,2011-11-16 15:34:00,24,2,503.76,31,405,4,3,3,4-3-3,3.33,Loyal Customers
17630,United Kingdom,2011-04-21 14:03:00,2011-06-23 11:58:00,170,2,503.6,26,158,2,3,3,2-3-3,2.67,At-Risk
16863,United Kingdom,2010-12-08 08:58:00,2011-11-08 15:26:00,32,2,502.8,26,409,4,3,3,4-3-3,3.33,Loyal Customers
15006,United Kingdom,2011-10-19 15:08:00,2011-10-19 15:08:00,52,1,502.09,144,302,3,2,3,3-2-3,2.67,Need Attention
13865,United Kingdom,2011-02-23 12:04:00,2011-10-12 13:31:00,59,4,501.56,30,204,3,4,3,3-4-3,3.33,Loyal Customers
15881,United Kingdom,2010-12-10 13:32:00,2011-01-31 16:59:00,313,5,501.39,29,260,1,4,3,1-4-3,2.67,At-Risk
13116,United Kingdom,2011-07-24 14:33:00,2011-07-24 14:33:00,139,1,501.14,30,291,2,2,3,2-2-3,2.33,At-Risk
13247,United Kingdom,2011-09-18 11:31:00,2011-11-22 10:59:00,18,4,501.12,25,328,4,4,3,4-4-3,3.67,Champions
16616,United Kingdom,2011-07-05 13:38:00,2011-11-24 16:31:00,16,2,500.42,33,370,4,3,3,4-3-3,3.33,Loyal Customers
15389,United Kingdom,2011-06-20 16:18:00,2011-06-20 16:18:00,173,1,500.0,1,400,2,2,3,2-2-3,2.33,At-Risk
14958,United Kingdom,2011-04-08 11:28:00,2011-07-15 14:20:00,148,3,499.68,42,129,2,3,3,2-3-3,2.67,At-Risk
14077,United Kingdom,2011-03-10 15:52:00,2011-10-30 12:35:00,41,5,499.42,42,268,3,4,3,3-4-3,3.33,Loyal Customers
15193,United Kingdom,2011-10-10 08:23:00,2011-10-10 08:23:00,61,1,499.32,19,144,3,2,3,3-2-3,2.67,Need Attention
14681,United Kingdom,2011-05-12 10:45:00,2011-09-29 15:52:00,72,3,498.95,7,76,3,3,3,3-3-3,3.0,Loyal Customers
16488,United Kingdom,2011-07-14 11:46:00,2011-11-06 13:42:00,34,3,498.8,29,728,3,3,3,3-3-3,3.0,Loyal Customers
15142,United Kingdom,2011-10-24 12:51:00,2011-10-24 12:51:00,47,1,498.74,26,365,3,2,3,3-2-3,2.67,Need Attention
17053,United Kingdom,2011-08-01 10:23:00,2011-08-01 10:23:00,131,1,498.48,13,122,2,2,3,2-2-3,2.33,At-Risk
17298,United Kingdom,2011-08-07 12:21:00,2011-08-30 16:43:00,102,2,498.42,30,387,2,3,3,2-3-3,2.67,At-Risk
16820,United Kingdom,2011-09-05 12:06:00,2011-09-05 12:06:00,96,1,497.61,26,307,2,2,3,2-2-3,2.33,At-Risk
17495,United Kingdom,2011-11-01 12:06:00,2011-12-02 12:08:00,8,2,497.56,27,229,5,3,3,5-3-3,3.67,Loyal Customers
16368,United Kingdom,2011-11-11 15:08:00,2011-12-07 13:12:00,3,2,497.43,76,260,5,3,3,5-3-3,3.67,Loyal Customers
15300,United Kingdom,2011-10-06 17:08:00,2011-10-06 17:08:00,65,1,496.44,28,292,3,2,3,3-2-3,2.67,Need Attention
15018,United Kingdom,2010-12-07 10:47:00,2011-11-01 12:47:00,39,3,496.21,31,189,3,3,3,3-3-3,3.0,Loyal Customers
17374,United Kingdom,2011-03-03 12:53:00,2011-05-05 09:05:00,219,2,495.77,28,85,1,3,3,1-3-3,2.33,At-Risk
15448,United Kingdom,2011-01-31 10:42:00,2011-01-31 10:42:00,313,1,494.64,28,232,1,2,3,1-2-3,2.0,At-Risk
16352,United Kingdom,2011-11-02 08:44:00,2011-11-22 10:32:00,18,2,494.44,28,300,4,3,3,4-3-3,3.33,Loyal Customers
17333,United Kingdom,2011-09-15 10:11:00,2011-09-15 10:11:00,86,1,494.25,28,375,2,2,3,2-2-3,2.33,At-Risk
12763,Japan,2010-12-05 15:46:00,2011-07-24 14:12:00,139,2,494.08,18,316,2,3,3,2-3-3,2.67,At-Risk
15877,United Kingdom,2011-11-22 11:18:00,2011-12-08 11:53:00,2,2,493.28,129,371,5,3,3,5-3-3,3.67,Loyal Customers
13176,United Kingdom,2011-10-24 15:43:00,2011-10-24 15:43:00,47,1,492.84,72,453,3,2,3,3-2-3,2.67,Need Attention
14270,United Kingdom,2011-01-12 09:33:00,2011-01-12 09:33:00,332,1,492.65,29,197,1,2,3,1-2-3,2.0,At-Risk
15507,United Kingdom,2011-06-21 11:19:00,2011-06-21 11:19:00,172,1,492.36,46,162,2,2,3,2-2-3,2.33,At-Risk
13732,United Kingdom,2011-11-11 15:49:00,2011-11-11 15:49:00,29,1,491.86,33,498,4,2,3,4-2-3,3.0,Potential Loyalists
14236,United Kingdom,2010-12-02 18:49:00,2011-09-20 09:13:00,81,2,490.86,15,310,2,3,3,2-3-3,2.67,At-Risk
15000,United Kingdom,2011-10-23 11:42:00,2011-10-23 11:42:00,48,1,490.52,77,218,3,2,3,3-2-3,2.67,Need Attention
14416,United Kingdom,2011-10-28 15:10:00,2011-11-17 15:22:00,23,2,490.22,14,326,4,3,2,4-3-2,3.0,Loyal Customers
18074,United Kingdom,2010-12-01 09:53:00,2010-12-01 09:53:00,374,1,489.6,13,190,1,2,2,1-2-2,1.67,Churned
12809,Portugal,2011-06-15 10:51:00,2011-06-15 10:51:00,178,1,489.31,25,220,2,2,2,2-2-2,2.0,About To Sleep / Hibernating
17361,United Kingdom,2011-02-21 09:55:00,2011-10-21 15:43:00,50,3,488.2,29,157,3,3,2,3-3-2,2.67,Loyal Customers
14396,United Kingdom,2010-12-03 15:19:00,2011-10-05 16:09:00,66,2,487.99,73,225,3,3,2,3-3-2,2.67,Loyal Customers
15165,United Kingdom,2010-12-01 14:03:00,2010-12-01 14:03:00,374,1,487.75,27,160,1,2,2,1-2-2,1.67,Churned
16643,United Kingdom,2011-04-08 08:24:00,2011-04-08 08:24:00,246,1,487.51,27,269,1,2,2,1-2-2,1.67,Churned
13338,United Kingdom,2011-07-05 09:06:00,2011-07-05 09:06:00,158,1,487.02,19,256,2,2,2,2-2-2,2.0,About To Sleep / Hibernating
13675,United Kingdom,2011-02-28 12:14:00,2011-07-11 12:57:00,152,2,486.82,25,330,2,3,2,2-3-2,2.33,At-Risk
17453,United Kingdom,2011-10-06 17:02:00,2011-11-22 09:42:00,18,2,486.72,19,219,4,3,2,4-3-2,3.0,Loyal Customers
15287,United Kingdom,2011-09-30 12:30:00,2011-11-17 15:34:00,23,2,486.69,20,433,4,3,2,4-3-2,3.0,Loyal Customers
13153,United Kingdom,2011-12-04 12:14:00,2011-12-04 12:14:00,6,1,486.22,15,418,5,2,2,5-2-2,3.0,Potential Loyalists
12639,Sweden,2011-04-15 12:48:00,2011-04-15 12:48:00,239,1,486.1,22,201,1,2,2,1-2-2,1.67,Churned
15109,United Kingdom,2011-04-08 09:58:00,2011-04-08 09:58:00,246,1,484.95,28,131,1,2,2,1-2-2,1.67,Churned
16999,United Kingdom,2011-09-26 15:43:00,2011-11-16 13:53:00,24,2,484.82,23,294,4,3,2,4-3-2,3.0,Loyal Customers
16504,United Kingdom,2011-11-14 15:18:00,2011-11-14 15:18:00,26,1,484.38,86,524,4,2,2,4-2-2,2.67,Potential Loyalists
16518,United Kingdom,2011-02-28 16:36:00,2011-10-09 15:04:00,62,2,484.32,40,327,3,3,2,3-3-2,2.67,Loyal Customers
14130,United Kingdom,2011-01-24 16:05:00,2011-01-24 16:05:00,320,1,483.86,67,258,1,2,2,1-2-2,1.67,Churned
13531,United Kingdom,2010-12-08 15:03:00,2011-05-18 16:56:00,206,2,483.8,22,174,1,3,2,1-3-2,2.0,At-Risk
12808,Portugal,2010-12-06 10:27:00,2011-11-03 10:05:00,37,3,483.65,28,188,3,3,2,3-3-2,2.67,Loyal Customers
14147,United Kingdom,2011-02-27 11:42:00,2011-09-22 18:10:00,79,2,483.4,5,108,2,3,2,2-3-2,2.33,At-Risk
17555,United Kingdom,2011-01-09 12:31:00,2011-11-20 12:22:00,20,2,483.26,106,349,4,3,2,4-3-2,3.0,Loyal Customers
14450,United Kingdom,2011-01-23 11:53:00,2011-06-12 10:46:00,181,3,483.25,40,241,1,3,2,1-3-2,2.0,At-Risk
16603,United Kingdom,2011-09-09 13:02:00,2011-09-26 10:06:00,75,2,482.47,34,480,2,3,2,2-3-2,2.33,At-Risk
17950,United Kingdom,2010-12-09 15:16:00,2011-09-28 15:18:00,73,3,482.2,71,366,2,3,2,2-3-2,2.33,At-Risk
12504,Germany,2011-11-09 14:56:00,2011-11-21 16:02:00,19,2,482.05,9,90,4,3,2,4-3-2,3.0,Loyal Customers
16693,United Kingdom,2011-03-13 11:06:00,2011-10-02 11:10:00,69,2,482.01,60,204,3,3,2,3-3-2,2.67,Loyal Customers
18216,United Kingdom,2011-11-08 16:55:00,2011-11-08 16:55:00,32,1,481.75,26,200,4,2,2,4-2-2,2.67,Potential Loyalists
15091,United Kingdom,2011-10-03 12:47:00,2011-10-03 12:47:00,68,1,480.71,30,346,3,2,2,3-2-2,2.33,Need Attention
16812,United Kingdom,2010-12-14 12:35:00,2010-12-14 12:35:00,361,1,479.35,15,81,1,2,2,1-2-2,1.67,Churned
16008,United Kingdom,2011-05-19 10:54:00,2011-11-16 10:32:00,24,3,478.78,33,323,4,3,2,4-3-2,3.0,Loyal Customers
15589,United Kingdom,2011-02-02 10:46:00,2011-03-29 09:54:00,256,3,478.53,29,243,1,3,2,1-3-2,2.0,At-Risk
16768,United Kingdom,2011-03-13 10:25:00,2011-10-23 10:38:00,48,3,478.09,54,196,3,3,2,3-3-2,2.67,Loyal Customers
12644,Germany,2011-08-02 10:33:00,2011-08-02 10:33:00,130,1,477.91,31,325,2,2,2,2-2-2,2.0,About To Sleep / Hibernating
13092,United Kingdom,2010-12-15 12:27:00,2011-09-30 11:18:00,71,5,477.83,25,279,3,4,2,3-4-2,3.0,Loyal Customers
14320,United Kingdom,2011-01-11 09:12:00,2011-05-17 09:24:00,207,2,477.79,31,325,1,3,2,1-3-2,2.0,At-Risk
12447,Belgium,2011-04-10 13:25:00,2011-04-10 13:25:00,244,1,476.49,26,190,1,2,2,1-2-2,1.67,Churned
18176,United Kingdom,2010-12-16 15:45:00,2010-12-16 15:45:00,359,1,476.35,30,283,1,2,2,1-2-2,1.67,Churned
14853,United Kingdom,2011-05-12 15:17:00,2011-11-15 16:56:00,25,2,475.8,9,82,4,3,2,4-3-2,3.0,Loyal Customers
14497,United Kingdom,2011-02-03 17:01:00,2011-02-03 17:01:00,310,1,475.37,29,235,1,2,2,1-2-2,1.67,Churned
15780,United Kingdom,2010-12-17 11:43:00,2011-06-09 12:01:00,184,3,475.28,29,220,1,3,2,1-3-2,2.0,At-Risk
15349,United Kingdom,2011-06-05 15:46:00,2011-07-04 16:06:00,159,2,473.81,72,327,2,3,2,2-3-2,2.33,At-Risk
15557,United Kingdom,2011-11-11 12:46:00,2011-11-11 12:46:00,29,1,473.65,20,219,4,2,2,4-2-2,2.67,Potential Loyalists
16374,United Kingdom,2011-03-22 13:46:00,2011-10-04 15:21:00,67,2,473.03,111,240,3,3,2,3-3-2,2.67,Loyal Customers
14013,United Kingdom,2011-03-09 08:59:00,2011-08-21 15:01:00,111,3,473.02,34,462,2,3,2,2-3-2,2.33,At-Risk
16038,United Kingdom,2011-05-22 11:29:00,2011-12-02 12:40:00,8,3,471.78,26,244,5,3,2,5-3-2,3.33,Loyal Customers
17964,United Kingdom,2010-12-02 13:32:00,2011-11-08 10:44:00,32,2,471.7,104,301,4,3,2,4-3-2,3.0,Loyal Customers
16885,United Kingdom,2010-12-17 17:23:00,2011-11-24 13:40:00,16,3,471.51,101,184,4,3,2,4-3-2,3.0,Loyal Customers
13066,United Kingdom,2011-11-07 17:06:00,2011-11-15 12:57:00,25,2,470.8,48,322,4,3,2,4-3-2,3.0,Loyal Customers
15963,United Kingdom,2011-10-25 13:05:00,2011-11-20 11:33:00,20,2,470.76,28,298,4,3,2,4-3-2,3.0,Loyal Customers
14431,United Kingdom,2011-02-10 10:40:00,2011-02-10 10:40:00,303,1,470.36,17,130,1,2,2,1-2-2,1.67,Churned
15471,United Kingdom,2011-12-07 14:12:00,2011-12-07 14:12:00,3,1,469.48,77,266,5,2,2,5-2-2,3.0,Potential Loyalists
15026,United Kingdom,2011-03-07 13:45:00,2011-09-20 13:52:00,81,3,469.0,61,285,2,3,2,2-3-2,2.33,At-Risk
14896,United Kingdom,2010-12-09 12:24:00,2011-05-19 10:20:00,205,2,468.77,43,279,1,3,2,1-3-2,2.0,At-Risk
13171,United Kingdom,2011-02-13 14:16:00,2011-11-18 10:27:00,22,3,468.41,46,229,4,3,2,4-3-2,3.0,Loyal Customers
14335,Germany,2011-09-04 13:07:00,2011-11-23 13:41:00,17,2,468.26,63,379,4,3,2,4-3-2,3.0,Loyal Customers
14029,United Kingdom,2011-07-18 16:57:00,2011-10-07 14:46:00,64,2,467.66,15,198,3,3,2,3-3-2,2.67,Loyal Customers
15468,United Kingdom,2011-10-19 13:38:00,2011-10-19 13:49:00,52,2,467.51,24,155,3,3,2,3-3-2,2.67,Loyal Customers
13579,United Kingdom,2010-12-05 16:10:00,2011-11-25 08:41:00,15,2,467.04,23,176,4,3,2,4-3-2,3.0,Loyal Customers
14205,United Kingdom,2011-03-20 15:07:00,2011-11-23 10:55:00,17,2,466.7,24,204,4,3,2,4-3-2,3.0,Loyal Customers
13248,United Kingdom,2011-06-03 13:05:00,2011-08-07 12:40:00,125,2,465.68,26,305,2,3,2,2-3-2,2.33,At-Risk
15036,United Kingdom,2011-06-13 12:19:00,2011-09-28 15:42:00,73,3,465.55,127,327,2,3,2,2-3-2,2.33,At-Risk
17140,United Kingdom,2011-04-06 13:33:00,2011-04-06 13:33:00,248,1,465.32,20,302,1,2,2,1-2-2,1.67,Churned
16742,United Kingdom,2011-10-24 12:02:00,2011-10-24 12:02:00,47,1,464.9,1,1,3,2,2,3-2-2,2.33,Need Attention
13928,United Kingdom,2011-07-29 15:59:00,2011-11-29 10:33:00,11,4,464.57,27,129,5,4,2,5-4-2,3.67,Champions
16586,United Kingdom,2011-04-05 09:32:00,2011-04-05 09:32:00,249,1,463.95,8,95,1,2,2,1-2-2,1.67,Churned
14967,United Kingdom,2011-10-21 11:06:00,2011-10-21 11:06:00,50,1,463.8,6,140,3,2,2,3-2-2,2.33,Need Attention
12787,Netherlands,2011-05-31 09:36:00,2011-11-30 08:44:00,10,3,463.66,20,261,5,3,2,5-3-2,3.33,Loyal Customers
17418,United Kingdom,2011-01-20 11:39:00,2011-10-28 13:00:00,43,2,463.46,30,289,3,3,2,3-3-2,2.67,Loyal Customers
14489,United Kingdom,2011-05-16 14:51:00,2011-05-16 14:51:00,208,1,463.38,30,299,1,2,2,1-2-2,1.67,Churned
12945,United Kingdom,2011-02-24 14:15:00,2011-02-24 14:15:00,289,1,462.95,23,165,1,2,2,1-2-2,1.67,Churned
14331,United Kingdom,2011-07-27 15:14:00,2011-08-07 13:17:00,125,2,462.66,28,252,2,3,2,2-3-2,2.33,At-Risk
14470,United Kingdom,2011-02-25 11:56:00,2011-11-28 10:31:00,12,2,461.19,43,193,5,3,2,5-3-2,3.33,Loyal Customers
12391,Cyprus,2011-11-18 12:07:00,2011-11-18 12:07:00,22,1,460.89,100,300,4,2,2,4-2-2,2.67,Potential Loyalists
16824,United Kingdom,2011-06-28 13:36:00,2011-11-24 12:38:00,16,2,460.64,26,236,4,3,2,4-3-2,3.0,Loyal Customers
16805,United Kingdom,2010-12-14 13:35:00,2011-06-19 11:23:00,174,2,460.59,98,539,2,3,2,2-3-2,2.33,At-Risk
12491,France,2011-11-01 12:18:00,2011-11-01 12:18:00,39,1,460.4,26,260,3,2,2,3-2-2,2.33,Need Attention
12355,Bahrain,2011-05-09 13:49:00,2011-05-09 13:49:00,215,1,459.4,13,240,1,2,2,1-2-2,1.67,Churned
16589,United Kingdom,2011-07-01 13:31:00,2011-09-29 14:50:00,72,3,459.24,33,368,3,3,2,3-3-2,2.67,Loyal Customers
17880,United Kingdom,2010-12-10 10:21:00,2010-12-10 10:21:00,365,1,458.92,26,314,1,2,2,1-2-2,1.67,Churned
15754,United Kingdom,2011-04-07 12:24:00,2011-10-19 14:40:00,52,3,458.57,28,199,3,3,2,3-3-2,2.67,Loyal Customers
13506,United Kingdom,2010-12-05 12:15:00,2011-01-27 13:53:00,317,2,458.52,26,324,1,3,2,1-3-2,2.0,At-Risk
17392,United Kingdom,2010-12-16 19:04:00,2011-02-06 12:48:00,307,2,457.91,62,320,1,3,2,1-3-2,2.0,At-Risk
15092,United Kingdom,2011-03-01 12:24:00,2011-05-08 14:10:00,216,2,457.81,26,135,1,3,2,1-3-2,2.0,At-Risk
15121,United Kingdom,2011-02-24 12:41:00,2011-10-20 14:51:00,51,2,457.72,28,199,3,3,2,3-3-2,2.67,Loyal Customers
12375,Finland,2011-09-02 14:23:00,2011-11-29 10:36:00,11,2,457.5,17,178,5,3,2,5-3-2,3.33,Loyal Customers
13398,United Kingdom,2011-05-31 13:17:00,2011-05-31 13:17:00,193,1,457.34,26,281,1,2,2,1-2-2,1.67,Churned
12564,France,2011-03-23 14:55:00,2011-03-23 14:55:00,262,1,456.9,21,133,1,2,2,1-2-2,1.67,Churned
12999,United Kingdom,2011-04-08 10:26:00,2011-05-27 13:24:00,197,3,455.88,28,342,1,3,2,1-3-2,2.0,At-Risk
14513,United Kingdom,2011-02-24 09:36:00,2011-08-31 11:25:00,101,3,455.59,12,361,2,3,2,2-3-2,2.33,At-Risk
15585,United Kingdom,2011-06-16 08:38:00,2011-06-16 08:38:00,177,1,455.3,31,320,2,2,2,2-2-2,2.0,About To Sleep / Hibernating
16529,United Kingdom,2011-06-02 17:23:00,2011-06-02 17:23:00,191,1,455.25,30,198,1,2,2,1-2-2,1.67,Churned
13485,United Kingdom,2011-04-20 13:58:00,2011-04-20 13:58:00,234,1,454.24,23,277,1,2,2,1-2-2,1.67,Churned
15475,United Kingdom,2011-09-23 15:20:00,2011-09-23 15:20:00,78,1,454.11,29,319,2,2,2,2-2-2,2.0,About To Sleep / Hibernating
17564,United Kingdom,2011-09-20 14:00:00,2011-11-15 13:27:00,25,3,454.01,49,146,4,3,2,4-3-2,3.0,Loyal Customers
18158,United Kingdom,2011-09-12 09:03:00,2011-11-30 16:19:00,10,2,453.4,34,354,5,3,2,5-3-2,3.33,Loyal Customers
12729,France,2011-08-18 11:40:00,2011-08-18 11:40:00,114,1,453.01,26,233,2,2,2,2-2-2,2.0,About To Sleep / Hibernating
18071,United Kingdom,2010-12-09 10:33:00,2011-03-27 11:59:00,258,2,453.0,25,260,1,3,2,1-3-2,2.0,At-Risk
14184,United Kingdom,2011-10-04 12:43:00,2011-10-04 12:43:00,67,1,452.89,24,127,3,2,2,3-2-2,2.33,Need Attention
12591,Italy,2011-01-26 14:35:00,2011-01-26 14:35:00,318,1,452.85,26,228,1,2,2,1-2-2,1.67,Churned
12970,United Kingdom,2011-01-21 14:04:00,2011-12-02 14:30:00,8,4,452.24,151,310,5,4,2,5-4-2,3.67,Champions
16574,United Kingdom,2011-09-29 13:39:00,2011-09-29 13:39:00,72,1,451.44,28,416,2,2,2,2-2-2,2.0,About To Sleep / Hibernating
15802,United Kingdom,2011-07-20 11:38:00,2011-07-20 11:38:00,143,1,451.42,1,1,2,2,2,2-2-2,2.0,About To Sleep / Hibernating
14173,United Kingdom,2011-05-04 14:03:00,2011-11-29 11:54:00,11,4,450.84,29,150,5,4,2,5-4-2,3.67,Champions
17040,United Kingdom,2011-07-25 10:19:00,2011-07-25 10:19:00,138,1,449.73,15,181,2,2,2,2-2-2,2.0,About To Sleep / Hibernating
13489,United Kingdom,2011-02-18 10:42:00,2011-08-26 13:16:00,106,4,449.52,14,560,2,4,2,2-4-2,2.67,At-Risk
12448,Spain,2011-10-26 13:46:00,2011-10-26 13:46:00,45,1,449.45,22,243,3,2,2,3-2-2,2.33,Need Attention
15739,United Kingdom,2011-10-04 13:42:00,2011-10-04 13:42:00,67,1,449.12,8,472,3,2,2,3-2-2,2.33,Need Attention
17579,United Kingdom,2011-06-13 14:12:00,2011-12-05 12:28:00,5,3,448.9,50,258,5,3,2,5-3-2,3.33,Loyal Customers
14780,United Kingdom,2011-09-21 15:15:00,2011-10-16 12:46:00,55,2,447.68,27,310,3,3,2,3-3-2,2.67,Loyal Customers
15646,United Kingdom,2010-12-02 16:59:00,2011-07-05 09:53:00,158,3,447.64,35,394,2,3,2,2-3-2,2.33,At-Risk
15456,United Kingdom,2010-12-15 15:34:00,2011-03-01 13:51:00,284,3,447.22,60,660,1,3,2,1-3-2,2.0,At-Risk
15368,United Kingdom,2011-11-18 14:42:00,2011-11-18 14:42:00,22,1,446.94,4,230,4,2,2,4-2-2,2.67,Potential Loyalists
15889,United Kingdom,2010-12-05 15:12:00,2011-07-06 11:10:00,157,2,446.87,93,215,2,3,2,2-3-2,2.33,At-Risk
14149,United Kingdom,2011-05-03 09:44:00,2011-05-03 09:44:00,221,1,446.62,28,218,1,2,2,1-2-2,1.67,Churned
17370,United Kingdom,2011-06-23 11:50:00,2011-09-28 10:14:00,73,4,446.18,33,540,2,4,2,2-4-2,2.67,At-Risk
17190,United Kingdom,2011-05-16 15:29:00,2011-10-12 11:33:00,59,2,444.74,19,161,3,3,2,3-3-2,2.67,Loyal Customers
18006,United Kingdom,2011-11-16 16:52:00,2011-11-16 16:52:00,24,1,444.68,22,220,4,2,2,4-2-2,2.67,Potential Loyalists
14638,United Kingdom,2011-10-20 10:10:00,2011-10-20 10:10:00,51,1,443.6,16,166,3,2,2,3-2-2,2.33,Need Attention
16404,United Kingdom,2011-09-30 14:55:00,2011-09-30 14:55:00,71,1,443.05,23,157,3,2,2,3-2-2,2.33,Need Attention
18222,United Kingdom,2011-09-08 10:45:00,2011-09-08 10:45:00,93,1,443.0,19,335,2,2,2,2-2-2,2.0,About To Sleep / Hibernating
14093,United Kingdom,2011-11-27 16:27:00,2011-11-27 16:27:00,13,1,442.85,105,406,5,2,2,5-2-2,3.0,Potential Loyalists
12579,France,2011-09-22 17:15:00,2011-09-22 17:15:00,79,1,440.42,29,285,2,2,2,2-2-2,2.0,About To Sleep / Hibernating
18233,United Kingdom,2011-01-18 08:44:00,2011-01-18 08:44:00,326,1,440.0,1,4,1,2,2,1-2-2,1.67,Churned
14022,United Kingdom,2011-04-28 14:39:00,2011-04-28 14:39:00,226,1,440.0,28,487,1,2,2,1-2-2,1.67,Churned
15524,United Kingdom,2011-11-15 12:09:00,2011-11-15 12:09:00,25,1,440.0,1,4,4,2,2,4-2-2,2.67,Potential Loyalists
13954,United Kingdom,2011-09-30 10:52:00,2011-12-08 12:50:00,2,2,439.92,25,150,5,3,2,5-3-2,3.33,Loyal Customers
16025,United Kingdom,2011-11-10 11:45:00,2011-11-10 11:45:00,30,1,439.66,28,338,4,2,2,4-2-2,2.67,Potential Loyalists
13359,United Kingdom,2011-10-07 09:30:00,2011-10-07 09:30:00,64,1,439.56,23,161,3,2,2,3-2-2,2.33,Need Attention
16968,United Kingdom,2011-08-24 10:51:00,2011-12-05 15:02:00,5,2,439.43,31,326,5,3,2,5-3-2,3.33,Loyal Customers
13358,United Kingdom,2011-03-16 11:52:00,2011-03-16 11:52:00,269,1,439.03,29,285,1,2,2,1-2-2,1.67,Churned
14272,United Kingdom,2011-03-30 13:57:00,2011-09-27 10:08:00,74,2,437.96,33,599,2,3,2,2-3-2,2.33,At-Risk
12552,Italy,2011-10-31 12:11:00,2011-11-01 10:02:00,39,2,437.82,20,88,3,3,2,3-3-2,2.67,Loyal Customers
16034,United Kingdom,2011-01-11 11:54:00,2011-05-27 16:17:00,197,3,437.7,22,242,1,3,2,1-3-2,2.0,At-Risk
12592,Germany,2011-05-10 13:44:00,2011-09-08 15:04:00,93,2,437.6,18,290,2,3,2,2-3-2,2.33,At-Risk
15553,United Kingdom,2011-10-10 14:02:00,2011-10-10 14:02:00,61,1,437.23,56,451,3,2,2,3-2-2,2.33,Need Attention
16084,United Kingdom,2011-02-13 16:05:00,2011-02-13 16:05:00,300,1,436.18,38,216,1,2,2,1-2-2,1.67,Churned
15551,United Kingdom,2011-11-03 12:37:00,2011-11-03 12:37:00,37,1,436.06,29,218,3,2,2,3-2-2,2.33,Need Attention
16948,United Kingdom,2011-01-18 10:58:00,2011-07-24 12:46:00,139,3,435.02,19,1614,2,3,2,2-3-2,2.33,At-Risk
14910,United Kingdom,2011-10-16 11:06:00,2011-12-07 10:06:00,3,4,434.35,30,238,5,4,2,5-4-2,3.67,Champions
14460,United Kingdom,2011-02-02 11:55:00,2011-08-21 14:19:00,111,3,434.34,16,881,2,3,2,2-3-2,2.33,At-Risk
12493,France,2011-05-26 14:53:00,2011-06-27 10:17:00,166,2,433.74,22,207,2,3,2,2-3-2,2.33,At-Risk
17035,United Kingdom,2011-02-01 12:27:00,2011-04-08 11:23:00,246,2,433.53,28,229,1,3,2,1-3-2,2.0,At-Risk
14157,United Kingdom,2011-02-27 13:04:00,2011-11-20 11:32:00,20,2,432.88,48,284,4,3,2,4-3-2,3.0,Loyal Customers
16236,United Kingdom,2011-09-22 14:10:00,2011-09-22 14:10:00,79,1,432.2,20,184,2,2,2,2-2-2,2.0,About To Sleep / Hibernating
16881,United Kingdom,2011-10-04 10:33:00,2011-10-04 10:33:00,67,1,432.0,1,600,3,2,2,3-2-2,2.33,Need Attention
15976,United Kingdom,2011-05-03 17:12:00,2011-06-27 13:00:00,166,2,430.94,98,277,2,3,2,2-3-2,2.33,At-Risk
18106,United Kingdom,2011-01-14 12:23:00,2011-01-14 12:23:00,330,1,430.7,39,128,1,2,2,1-2-2,1.67,Churned
12452,Switzerland,2011-11-23 08:05:00,2011-11-23 10:28:00,17,2,430.57,22,185,4,3,2,4-3-2,3.0,Loyal Customers
13245,United Kingdom,2011-10-20 11:40:00,2011-10-20 11:40:00,51,1,430.5,16,125,3,2,2,3-2-2,2.33,Need Attention
12795,Portugal,2011-11-21 10:27:00,2011-11-21 10:27:00,19,1,430.48,14,68,4,2,2,4-2-2,2.67,Potential Loyalists
12827,United Kingdom,2011-10-26 15:44:00,2011-12-04 12:17:00,6,3,430.15,25,197,5,3,2,5-3-2,3.33,Loyal Customers
14998,United Kingdom,2011-04-12 16:28:00,2011-06-22 17:30:00,171,2,429.87,75,270,2,3,2,2-3-2,2.33,At-Risk
16884,United Kingdom,2011-11-02 10:16:00,2011-11-02 11:52:00,38,2,429.84,26,320,3,3,2,3-3-2,2.67,Loyal Customers
15450,United Kingdom,2011-11-09 17:11:00,2011-11-09 17:11:00,31,1,429.84,30,376,4,2,2,4-2-2,2.67,Potential Loyalists
15230,United Kingdom,2011-04-13 11:04:00,2011-04-14 14:39:00,240,2,429.6,23,351,1,3,2,1-3-2,2.0,At-Risk
13602,United Kingdom,2011-10-06 11:47:00,2011-10-06 11:47:00,65,1,428.89,23,267,3,2,2,3-2-2,2.33,Need Attention
15957,United Kingdom,2011-11-08 12:14:00,2011-11-08 12:14:00,32,1,428.89,42,211,4,2,2,4-2-2,2.67,Potential Loyalists
16324,United Kingdom,2011-06-15 14:26:00,2011-08-03 12:58:00,129,3,428.68,118,282,2,3,2,2-3-2,2.33,At-Risk
17869,United Kingdom,2010-12-06 17:16:00,2011-08-24 16:16:00,108,5,428.18,40,111,2,4,2,2-4-2,2.67,At-Risk
15360,United Kingdom,2011-10-31 09:35:00,2011-10-31 09:35:00,40,1,427.93,13,223,3,2,2,3-2-2,2.33,Need Attention
12725,Italy,2010-12-03 15:45:00,2010-12-03 15:45:00,372,1,427.8,24,164,1,2,2,1-2-2,1.67,Churned
12403,Denmark,2011-10-21 10:51:00,2011-10-21 10:51:00,50,1,427.7,5,96,3,2,2,3-2-2,2.33,Need Attention
12740,France,2011-10-07 10:44:00,2011-10-07 10:44:00,64,1,427.6,27,342,3,2,2,3-2-2,2.33,Need Attention
12802,Netherlands,2011-06-06 09:36:00,2011-06-06 09:36:00,187,1,427.58,25,314,1,2,2,1-2-2,1.67,Churned
15994,United Kingdom,2011-10-16 12:28:00,2011-10-16 12:28:00,55,1,427.07,35,177,3,2,2,3-2-2,2.33,Need Attention
17223,United Kingdom,2010-12-06 14:08:00,2011-02-02 15:57:00,311,2,426.79,49,112,1,3,2,1-3-2,2.0,At-Risk
15930,United Kingdom,2011-10-03 14:52:00,2011-10-03 14:52:00,68,1,426.63,21,139,3,2,2,3-2-2,2.33,Need Attention
14288,United Kingdom,2011-05-10 13:22:00,2011-05-10 13:22:00,214,1,426.6,16,188,1,2,2,1-2-2,1.67,Churned
15639,United Kingdom,2011-07-28 14:30:00,2011-07-28 14:30:00,135,1,425.32,25,323,2,2,2,2-2-2,2.0,About To Sleep / Hibernating
16780,United Kingdom,2011-03-25 17:34:00,2011-08-31 16:09:00,101,2,425.19,60,271,2,3,2,2-3-2,2.33,At-Risk
17134,United Kingdom,2011-03-20 11:56:00,2011-08-25 09:53:00,107,2,425.0,24,102,2,3,2,2-3-2,2.33,At-Risk
17371,United Kingdom,2010-12-13 15:20:00,2011-11-22 13:30:00,18,3,423.89,87,152,4,3,2,4-3-2,3.0,Loyal Customers
13140,United Kingdom,2010-12-08 15:12:00,2011-08-23 15:33:00,109,3,423.72,46,186,2,3,2,2-3-2,2.33,At-Risk
16119,United Kingdom,2011-09-28 10:15:00,2011-12-01 15:11:00,9,2,423.36,16,240,5,3,2,5-3-2,3.33,Loyal Customers
15012,United Kingdom,2010-12-01 12:49:00,2011-10-17 12:22:00,54,2,423.04,128,231,3,3,2,3-3-2,2.67,Loyal Customers
18034,United Kingdom,2011-11-18 12:08:00,2011-11-18 12:22:00,22,2,422.88,112,561,4,3,2,4-3-2,3.0,Loyal Customers
17525,United Kingdom,2010-12-15 12:05:00,2010-12-15 12:05:00,360,1,422.7,9,82,1,2,2,1-2-2,1.67,Churned
13473,United Kingdom,2011-01-11 08:45:00,2011-10-10 11:20:00,61,2,422.64,21,266,3,3,2,3-3-2,2.67,Loyal Customers
16689,United Kingdom,2011-09-18 13:29:00,2011-09-25 11:39:00,76,2,422.6,13,330,2,3,2,2-3-2,2.33,At-Risk
18240,United Kingdom,2011-10-24 13:06:00,2011-10-24 13:06:00,47,1,422.58,6,126,3,2,2,3-2-2,2.33,Need Attention
17232,United Kingdom,2011-11-25 12:24:00,2011-12-07 12:21:00,3,2,421.52,36,203,5,3,2,5-3-2,3.33,Loyal Customers
14757,United Kingdom,2011-09-25 14:36:00,2011-09-25 14:36:00,76,1,420.5,19,160,2,2,2,2-2-2,2.0,About To Sleep / Hibernating
15206,United Kingdom,2011-03-09 08:59:00,2011-11-29 13:41:00,11,4,420.3,9,162,5,4,2,5-4-2,3.67,Champions
14124,United Kingdom,2011-09-16 13:32:00,2011-09-16 13:32:00,85,1,419.58,5,1618,2,2,2,2-2-2,2.0,About To Sleep / Hibernating
15361,United Kingdom,2010-12-13 09:52:00,2010-12-13 09:52:00,362,1,418.92,7,336,1,2,2,1-2-2,1.67,Churned
15967,United Kingdom,2011-01-25 11:57:00,2011-11-16 15:41:00,24,2,418.83,84,211,4,3,2,4-3-2,3.0,Loyal Customers
12593,France,2011-05-05 09:29:00,2011-08-23 12:43:00,109,3,418.1,21,206,2,3,2,2-3-2,2.33,At-Risk
17701,United Kingdom,2011-04-01 12:25:00,2011-04-01 12:25:00,253,1,417.95,24,109,1,2,2,1-2-2,1.67,Churned
16629,United Kingdom,2011-09-04 16:12:00,2011-09-27 10:34:00,74,2,417.73,64,493,2,3,2,2-3-2,2.33,At-Risk
13615,United Kingdom,2011-01-25 08:21:00,2011-01-25 08:21:00,319,1,417.69,23,189,1,2,2,1-2-2,1.67,Churned
16737,United Kingdom,2011-10-17 13:03:00,2011-10-17 13:03:00,54,1,417.6,1,288,3,2,2,3-2-2,2.33,Need Attention
12833,United Kingdom,2011-07-17 13:46:00,2011-07-17 13:46:00,146,1,417.38,24,156,2,2,2,2-2-2,2.0,About To Sleep / Hibernating
18001,United Kingdom,2011-09-14 11:21:00,2011-11-27 16:02:00,13,2,417.23,58,363,5,3,2,5-3-2,3.33,Loyal Customers
13166,United Kingdom,2011-03-01 15:16:00,2011-03-01 15:16:00,284,1,417.2,41,216,1,2,2,1-2-2,1.67,Churned
16816,United Kingdom,2010-12-16 17:01:00,2011-08-28 14:16:00,104,4,417.06,28,274,2,4,2,2-4-2,2.67,At-Risk
13889,United Kingdom,2011-09-08 09:13:00,2011-09-08 09:13:00,93,1,416.9,15,146,2,2,2,2-2-2,2.0,About To Sleep / Hibernating
15935,United Kingdom,2011-04-12 09:35:00,2011-04-14 13:27:00,240,2,416.86,12,115,1,3,2,1-3-2,2.0,At-Risk
16957,United Kingdom,2011-03-03 09:25:00,2011-04-14 13:56:00,240,2,416.64,16,172,1,3,2,1-3-2,2.0,At-Risk
13085,United Kingdom,2011-02-17 13:57:00,2011-07-05 12:11:00,158,2,416.08,22,216,2,3,2,2-3-2,2.33,At-Risk
15803,United Kingdom,2011-10-19 14:56:00,2011-10-19 14:56:00,52,1,415.82,8,290,3,2,2,3-2-2,2.33,Need Attention
14139,United Kingdom,2011-10-24 13:34:00,2011-10-24 13:34:00,47,1,415.82,26,510,3,2,2,3-2-2,2.33,Need Attention
12930,United Kingdom,2011-06-21 13:25:00,2011-09-22 15:18:00,79,2,415.8,25,252,2,3,2,2-3-2,2.33,At-Risk
12580,Germany,2011-04-07 10:24:00,2011-04-07 10:24:00,247,1,415.7,24,238,1,2,2,1-2-2,1.67,Churned
15725,United Kingdom,2011-11-24 14:51:00,2011-11-24 14:51:00,16,1,415.25,32,221,4,2,2,4-2-2,2.67,Potential Loyalists
14333,United Kingdom,2011-10-03 10:38:00,2011-10-03 10:38:00,68,1,415.2,15,58,3,2,2,3-2-2,2.33,Need Attention
16795,United Kingdom,2010-12-09 14:08:00,2010-12-09 14:08:00,366,1,414.88,66,239,1,2,2,1-2-2,1.67,Churned
12993,United Kingdom,2011-02-14 14:29:00,2011-11-16 15:49:00,24,4,414.76,27,240,4,4,2,4-4-2,3.33,Champions
16239,United Kingdom,2011-06-03 09:30:00,2011-10-14 08:29:00,57,2,414.2,19,228,3,3,2,3-3-2,2.67,Loyal Customers
17483,United Kingdom,2011-06-09 19:40:00,2011-10-05 13:10:00,66,3,414.04,21,191,3,3,2,3-3-2,2.67,Loyal Customers
17052,United Kingdom,2011-11-11 14:50:00,2011-11-11 14:50:00,29,1,413.75,92,261,4,2,2,4-2-2,2.67,Potential Loyalists
13974,United Kingdom,2011-10-21 14:41:00,2011-10-21 14:41:00,50,1,413.59,28,249,3,2,2,3-2-2,2.33,Need Attention
16834,United Kingdom,2011-04-26 09:37:00,2011-04-26 09:37:00,228,1,413.46,24,358,1,2,2,1-2-2,1.67,Churned
14620,United Kingdom,2011-03-01 08:30:00,2011-05-18 11:58:00,206,2,412.78,26,214,1,3,2,1-3-2,2.0,At-Risk
13827,United Kingdom,2011-07-19 15:38:00,2011-10-13 12:38:00,58,3,412.05,93,141,3,3,2,3-3-2,2.67,Loyal Customers
15523,United Kingdom,2011-09-16 16:29:00,2011-09-16 16:29:00,85,1,412.01,10,132,2,2,2,2-2-2,2.0,About To Sleep / Hibernating
16272,United Kingdom,2011-08-15 10:53:00,2011-08-15 10:54:00,117,1,411.7,25,224,2,2,2,2-2-2,2.0,About To Sleep / Hibernating
17913,United Kingdom,2010-12-19 11:35:00,2011-10-12 10:45:00,59,2,411.6,59,289,3,3,2,3-3-2,2.67,Loyal Customers
14670,United Kingdom,2011-03-04 13:58:00,2011-03-04 14:13:00,281,2,411.53,132,337,1,3,2,1-3-2,2.0,At-Risk
15186,United Kingdom,2011-06-24 14:54:00,2011-11-25 14:58:00,15,2,411.41,19,215,4,3,2,4-3-2,3.0,Loyal Customers
15099,United Kingdom,2011-09-16 13:13:00,2011-09-16 13:13:00,85,1,410.48,23,343,2,2,2,2-2-2,2.0,About To Sleep / Hibernating
15695,United Kingdom,2011-03-18 08:31:00,2011-03-18 08:32:00,267,2,409.98,22,212,1,3,2,1-3-2,2.0,At-Risk
14048,United Kingdom,2011-02-07 14:53:00,2011-02-07 14:53:00,306,1,409.93,85,288,1,2,2,1-2-2,1.67,Churned
14348,United Kingdom,2011-03-24 16:23:00,2011-03-24 16:23:00,261,1,409.57,18,183,1,2,2,1-2-2,1.67,Churned
12990,United Kingdom,2011-02-02 15:39:00,2011-11-08 13:01:00,32,3,409.5,13,200,4,3,2,4-3-2,3.0,Loyal Customers
15225,United Kingdom,2011-04-19 14:51:00,2011-04-19 14:51:00,235,1,409.4,23,226,1,2,2,1-2-2,1.67,Churned
16243,United Kingdom,2011-10-16 12:09:00,2011-11-06 12:32:00,34,2,409.1,51,110,3,3,2,3-3-2,2.67,Loyal Customers
16018,United Kingdom,2011-06-12 13:52:00,2011-10-31 14:13:00,40,2,408.9,28,190,3,3,2,3-3-2,2.67,Loyal Customers
15269,United Kingdom,2011-11-16 09:32:00,2011-11-16 09:32:00,24,1,408.8,2,26,4,2,2,4-2-2,2.67,Potential Loyalists
16399,United Kingdom,2011-04-18 13:46:00,2011-11-20 16:12:00,20,2,408.57,73,264,4,3,2,4-3-2,3.0,Loyal Customers
17931,United Kingdom,2011-03-29 12:31:00,2011-07-28 18:33:00,135,2,408.36,65,249,2,3,2,2-3-2,2.33,At-Risk
16010,United Kingdom,2010-12-12 12:18:00,2011-04-08 10:14:00,246,3,407.5,86,210,1,3,2,1-3-2,2.0,At-Risk
15184,United Kingdom,2011-06-02 12:06:00,2011-11-10 13:41:00,30,2,406.76,63,223,4,3,2,4-3-2,3.0,Loyal Customers
15127,United Kingdom,2011-10-05 10:30:00,2011-10-05 10:30:00,66,1,406.53,16,251,3,2,2,3-2-2,2.33,Need Attention
16947,United Kingdom,2011-04-18 09:38:00,2011-04-18 09:38:00,236,1,406.48,21,312,1,2,2,1-2-2,1.67,Churned
15342,United Kingdom,2011-08-02 10:19:00,2011-08-02 10:19:00,130,1,406.09,24,283,2,2,2,2-2-2,2.0,About To Sleep / Hibernating
14616,United Kingdom,2011-01-26 12:42:00,2011-04-11 09:54:00,243,3,406.08,3,104,1,3,2,1-3-2,2.0,At-Risk
16204,United Kingdom,2011-11-16 13:40:00,2011-11-16 13:40:00,24,1,405.71,57,231,4,2,2,4-2-2,2.67,Potential Loyalists
18036,United Kingdom,2011-04-08 11:26:00,2011-11-07 14:40:00,33,3,405.62,96,234,3,3,2,3-3-2,2.67,Loyal Customers
12922,United Kingdom,2011-07-01 15:35:00,2011-07-01 15:35:00,162,1,405.38,28,370,2,2,2,2-2-2,2.0,About To Sleep / Hibernating
17379,United Kingdom,2011-11-28 13:56:00,2011-11-28 13:56:00,12,1,404.66,83,663,5,2,2,5-2-2,3.0,Potential Loyalists
15938,United Kingdom,2011-01-20 10:11:00,2011-08-19 12:56:00,113,5,404.58,18,240,2,4,2,2-4-2,2.67,At-Risk
16319,United Kingdom,2011-05-06 11:27:00,2011-05-06 11:27:00,218,1,404.4,3,72,1,2,2,1-2-2,1.67,Churned
16484,United Kingdom,2011-06-02 10:39:00,2011-06-19 12:06:00,174,2,404.3,25,200,2,3,2,2-3-2,2.33,At-Risk
12498,Germany,2011-10-13 09:30:00,2011-11-18 12:53:00,22,3,403.7,23,159,4,3,2,4-3-2,3.0,Loyal Customers
17431,United Kingdom,2011-01-30 14:36:00,2011-01-30 14:36:00,314,1,403.3,43,292,1,2,2,1-2-2,1.67,Churned
15221,United Kingdom,2010-12-08 13:08:00,2010-12-08 13:08:00,367,1,403.25,5,43,1,2,2,1-2-2,1.67,Churned
12386,Australia,2010-12-08 09:53:00,2011-01-06 12:37:00,338,2,401.9,10,354,1,3,2,1-3-2,2.0,At-Risk
15158,United Kingdom,2011-10-25 13:53:00,2011-10-25 13:53:00,46,1,401.4,7,198,3,2,2,3-2-2,2.33,Need Attention
16500,United Kingdom,2011-01-13 10:28:00,2011-12-05 12:04:00,5,6,400.86,11,123,5,4,2,5-4-2,3.67,Champions
16198,United Kingdom,2011-09-25 14:58:00,2011-09-25 14:58:00,76,1,400.68,15,129,2,2,2,2-2-2,2.0,About To Sleep / Hibernating
12792,Portugal,2011-03-28 11:36:00,2011-03-28 11:36:00,257,1,400.54,25,217,1,2,2,1-2-2,1.67,Churned
17375,United Kingdom,2010-12-13 15:16:00,2011-05-24 15:45:00,200,3,400.1,69,367,1,3,2,1-3-2,2.0,At-Risk
18164,United Kingdom,2011-11-02 12:56:00,2011-11-02 12:56:00,38,1,399.65,24,184,3,2,2,3-2-2,2.33,Need Attention
13255,United Kingdom,2010-12-01 11:58:00,2011-11-30 13:14:00,10,2,399.51,13,177,5,3,2,5-3-2,3.33,Loyal Customers
18154,United Kingdom,2011-10-27 10:40:00,2011-12-06 16:41:00,4,2,399.19,21,255,5,3,2,5-3-2,3.33,Loyal Customers
15522,United Kingdom,2011-09-13 12:26:00,2011-11-07 11:26:00,33,2,398.84,57,573,3,3,2,3-3-2,2.67,Loyal Customers
17830,United Kingdom,2011-02-24 10:15:00,2011-12-08 12:28:00,2,3,398.7,23,92,5,3,2,5-3-2,3.33,Loyal Customers
12508,France,2011-11-10 16:27:00,2011-11-13 15:37:00,27,2,398.27,69,272,4,3,2,4-3-2,3.0,Loyal Customers
13352,United Kingdom,2011-10-10 13:55:00,2011-10-10 13:55:00,61,1,397.98,24,321,3,2,2,3-2-2,2.33,Need Attention
15429,United Kingdom,2011-09-25 13:42:00,2011-11-13 12:28:00,27,2,397.35,82,380,4,3,2,4-3-2,3.0,Loyal Customers
17926,United Kingdom,2011-05-20 09:24:00,2011-07-29 14:39:00,134,2,397.29,21,306,2,3,2,2-3-2,2.33,At-Risk
12824,United Kingdom,2011-10-11 12:49:00,2011-10-11 12:49:00,60,1,397.12,25,232,3,2,2,3-2-2,2.33,Need Attention
13594,United Kingdom,2011-10-18 10:19:00,2011-10-18 10:19:00,53,1,396.97,26,359,3,2,2,3-2-2,2.33,Need Attention
13673,United Kingdom,2011-11-07 15:40:00,2011-11-21 12:11:00,19,2,396.92,65,119,4,3,2,4-3-2,3.0,Loyal Customers
17486,United Kingdom,2011-03-23 14:00:00,2011-03-23 14:00:00,262,1,396.87,24,191,1,2,2,1-2-2,1.67,Churned
15883,United Kingdom,2011-11-06 14:50:00,2011-12-07 17:05:00,3,2,396.48,49,223,5,3,2,5-3-2,3.33,Loyal Customers
18067,United Kingdom,2011-10-30 15:58:00,2011-10-30 15:58:00,41,1,396.33,37,189,3,2,2,3-2-2,2.33,Need Attention
16354,United Kingdom,2011-09-27 16:28:00,2011-10-07 14:28:00,64,2,395.8,39,150,3,3,2,3-3-2,2.67,Loyal Customers
17603,United Kingdom,2011-09-22 14:18:00,2011-09-22 14:18:00,79,1,394.72,11,74,2,2,2,2-2-2,2.0,About To Sleep / Hibernating
14619,United Kingdom,2011-04-08 07:37:00,2011-04-08 07:37:00,246,1,394.44,20,152,1,2,2,1-2-2,1.67,Churned
16207,United Kingdom,2011-11-14 13:51:00,2011-11-14 13:51:00,26,1,394.38,19,140,4,2,2,4-2-2,2.67,Potential Loyalists
15386,United Kingdom,2011-06-06 13:47:00,2011-06-06 13:47:00,187,1,394.14,31,446,1,2,2,1-2-2,1.67,Churned
15264,United Kingdom,2011-10-06 13:49:00,2011-10-06 13:49:00,65,1,393.74,23,265,3,2,2,3-2-2,2.33,Need Attention
15345,United Kingdom,2011-10-25 11:28:00,2011-10-25 11:28:00,46,1,393.54,20,81,3,2,2,3-2-2,2.33,Need Attention
17226,United Kingdom,2011-02-04 11:52:00,2011-02-04 11:52:00,309,1,393.49,21,406,1,2,2,1-2-2,1.67,Churned
14600,United Kingdom,2011-02-07 09:48:00,2011-02-07 09:48:00,306,1,393.33,25,125,1,2,2,1-2-2,1.67,Churned
15837,United Kingdom,2011-10-06 09:01:00,2011-10-06 09:01:00,65,1,391.98,24,189,3,2,2,3-2-2,2.33,Need Attention
16917,United Kingdom,2011-03-08 11:55:00,2011-03-08 11:55:00,277,1,391.52,9,232,1,2,2,1-2-2,1.67,Churned
12982,United Kingdom,2011-04-11 11:51:00,2011-04-11 11:51:00,243,1,390.54,28,288,1,2,2,1-2-2,1.67,Churned
17614,United Kingdom,2011-10-13 16:01:00,2011-10-13 16:01:00,58,1,390.07,100,238,3,2,2,3-2-2,2.33,Need Attention
17936,United Kingdom,2011-12-04 13:32:00,2011-12-04 13:32:00,6,1,389.84,77,262,5,2,2,5-2-2,3.0,Potential Loyalists
18024,United Kingdom,2011-07-10 12:28:00,2011-07-10 12:40:00,153,2,389.78,21,184,2,3,2,2-3-2,2.33,At-Risk
14752,United Kingdom,2011-10-27 11:55:00,2011-10-27 11:55:00,44,1,389.64,5,260,3,2,2,3-2-2,2.33,Need Attention
13873,United Kingdom,2011-02-03 09:37:00,2011-08-12 10:08:00,120,3,389.6,23,140,2,3,2,2-3-2,2.33,At-Risk
13345,United Kingdom,2011-02-25 09:01:00,2011-02-25 09:01:00,288,1,389.5,20,141,1,2,2,1-2-2,1.67,Churned
16250,United Kingdom,2010-12-01 09:59:00,2011-03-23 15:07:00,262,2,389.44,24,208,1,3,2,1-3-2,2.0,At-Risk
15847,United Kingdom,2011-02-24 16:46:00,2011-11-01 14:41:00,39,2,389.27,22,449,3,3,2,3-3-2,2.67,Loyal Customers
12690,France,2011-05-18 09:09:00,2011-05-18 09:09:00,206,1,389.01,16,106,1,2,2,1-2-2,1.67,Churned
17595,United Kingdom,2011-11-02 16:19:00,2011-11-27 16:08:00,13,2,388.79,83,229,5,3,2,5-3-2,3.33,Loyal Customers
15592,United Kingdom,2011-10-24 08:59:00,2011-10-24 08:59:00,47,1,388.58,24,354,3,2,2,3-2-2,2.33,Need Attention
13899,United Kingdom,2011-03-10 09:30:00,2011-11-23 13:40:00,17,2,388.52,19,156,4,3,2,4-3-2,3.0,Loyal Customers
13856,United Kingdom,2011-05-20 13:13:00,2011-06-24 10:03:00,169,3,388.5,14,494,2,3,2,2-3-2,2.33,At-Risk
17438,United Kingdom,2011-03-31 10:26:00,2011-03-31 10:26:00,254,1,388.45,17,103,1,2,2,1-2-2,1.67,Churned
16776,United Kingdom,2011-10-10 13:04:00,2011-10-10 13:04:00,61,1,388.28,76,262,3,2,2,3-2-2,2.33,Need Attention
14538,United Kingdom,2011-03-28 14:57:00,2011-10-06 10:31:00,65,2,388.25,19,155,3,3,2,3-3-2,2.67,Loyal Customers
17357,United Kingdom,2011-11-15 16:29:00,2011-11-15 16:30:00,25,2,388.14,45,153,4,3,2,4-3-2,3.0,Loyal Customers
17817,United Kingdom,2011-03-07 17:30:00,2011-12-05 14:39:00,5,3,387.68,33,67,5,3,2,5-3-2,3.33,Loyal Customers
14420,United Kingdom,2011-09-01 18:07:00,2011-09-01 18:07:00,100,1,387.52,29,334,2,2,2,2-2-2,2.0,About To Sleep / Hibernating
17508,Greece,2011-03-04 08:10:00,2011-03-04 08:10:00,281,1,387.31,22,289,1,2,2,1-2-2,1.67,Churned
14114,United Kingdom,2011-01-13 11:05:00,2011-03-11 09:42:00,274,2,386.53,15,101,1,3,2,1-3-2,2.0,At-Risk
15664,United Kingdom,2011-10-20 10:57:00,2011-10-20 10:57:00,51,1,386.43,17,157,3,2,2,3-2-2,2.33,Need Attention
14779,United Kingdom,2011-01-20 12:04:00,2011-03-04 12:42:00,281,3,386.15,41,84,1,3,2,1-3-2,2.0,At-Risk
13821,United Kingdom,2011-03-23 11:30:00,2011-07-18 09:49:00,145,2,385.64,59,153,2,3,2,2-3-2,2.33,At-Risk
17711,United Kingdom,2011-02-23 11:32:00,2011-11-29 11:40:00,11,2,385.1,23,246,5,3,2,5-3-2,3.33,Loyal Customers
13919,Denmark,2011-08-10 10:15:00,2011-10-11 14:24:00,60,2,384.81,28,474,3,3,2,3-3-2,2.67,Loyal Customers
13833,United Kingdom,2011-07-03 13:27:00,2011-07-03 13:27:00,160,1,384.8,29,118,2,2,2,2-2-2,2.0,About To Sleep / Hibernating
17250,United Kingdom,2011-03-23 16:45:00,2011-12-06 12:15:00,4,2,384.52,57,168,5,3,2,5-3-2,3.33,Loyal Customers
17189,United Kingdom,2010-12-15 17:28:00,2011-08-25 19:39:00,107,2,384.4,61,227,2,3,2,2-3-2,2.33,At-Risk
17205,United Kingdom,2011-10-17 12:46:00,2011-10-17 12:46:00,54,1,384.08,13,884,3,2,2,3-2-2,2.33,Need Attention
16982,United Kingdom,2011-10-10 12:28:00,2011-10-10 12:28:00,61,1,384.06,22,182,3,2,2,3-2-2,2.33,Need Attention
15048,United Kingdom,2010-12-06 12:15:00,2011-10-05 14:55:00,66,4,384.05,97,195,3,4,2,3-4-2,3.0,Loyal Customers
12733,USA,2011-04-19 16:19:00,2011-04-19 16:19:00,235,1,383.95,22,137,1,2,2,1-2-2,1.67,Churned
12515,Italy,2010-12-21 15:43:00,2010-12-21 15:43:00,354,1,383.7,16,131,1,2,2,1-2-2,1.67,Churned
15440,United Kingdom,2011-05-15 11:30:00,2011-10-16 12:16:00,55,3,383.68,62,197,3,3,2,3-3-2,2.67,Loyal Customers
14304,United Kingdom,2011-05-01 11:50:00,2011-05-01 11:50:00,223,1,383.45,17,139,1,2,2,1-2-2,1.67,Churned
15424,United Kingdom,2011-03-30 13:00:00,2011-03-30 13:02:00,255,2,383.34,17,554,1,3,2,1-3-2,2.0,At-Risk
12832,United Kingdom,2011-09-02 13:48:00,2011-11-07 13:30:00,33,2,383.03,27,195,3,3,2,3-3-2,2.67,Loyal Customers
13817,Germany,2010-12-23 11:46:00,2011-11-10 17:49:00,30,2,382.98,24,211,4,3,2,4-3-2,3.0,Loyal Customers
18181,United Kingdom,2011-11-15 15:08:00,2011-11-15 15:08:00,25,1,382.8,44,146,4,2,2,4-2-2,2.67,Potential Loyalists
17239,United Kingdom,2011-01-31 09:41:00,2011-01-31 09:41:00,313,1,382.5,15,150,1,2,2,1-2-2,1.67,Churned
13657,United Kingdom,2011-05-22 12:35:00,2011-11-29 12:32:00,11,2,382.14,16,209,5,3,2,5-3-2,3.33,Loyal Customers
17999,United Kingdom,2010-12-08 15:17:00,2011-11-02 15:56:00,38,2,382.06,93,221,3,3,2,3-3-2,2.67,Loyal Customers
15090,United Kingdom,2011-02-04 14:03:00,2011-02-04 14:03:00,309,1,381.32,23,208,1,2,2,1-2-2,1.67,Churned
16441,United Kingdom,2011-02-21 17:35:00,2011-10-03 17:48:00,68,2,381.2,24,173,3,3,2,3-3-2,2.67,Loyal Customers
12871,United Kingdom,2011-05-16 13:32:00,2011-09-16 15:07:00,85,2,380.64,11,200,2,3,2,2-3-2,2.33,At-Risk
17573,United Kingdom,2011-09-07 10:36:00,2011-11-10 13:01:00,30,3,380.6,25,308,4,3,2,4-3-2,3.0,Loyal Customers
16930,United Kingdom,2011-10-02 14:25:00,2011-11-13 16:13:00,27,3,380.55,54,341,4,3,2,4-3-2,3.0,Loyal Customers
17138,United Kingdom,2011-03-09 11:54:00,2011-03-09 11:54:00,276,1,380.5,24,126,1,2,2,1-2-2,1.67,Churned
12890,United Kingdom,2011-11-15 17:26:00,2011-11-15 17:26:00,25,1,380.47,82,259,4,2,2,4-2-2,2.67,Potential Loyalists
16769,United Kingdom,2011-03-24 13:41:00,2011-03-24 13:41:00,261,1,380.39,40,83,1,2,2,1-2-2,1.67,Churned
17031,United Kingdom,2011-07-08 09:38:00,2011-11-28 10:23:00,12,2,380.35,22,235,5,3,2,5-3-2,3.33,Loyal Customers
14731,United Kingdom,2011-05-11 13:06:00,2011-10-23 15:54:00,48,3,380.02,45,256,3,3,2,3-3-2,2.67,Loyal Customers
14594,United Kingdom,2010-12-01 13:54:00,2011-12-02 13:28:00,8,2,379.83,53,185,5,3,2,5-3-2,3.33,Loyal Customers
16552,United Kingdom,2010-12-01 12:36:00,2011-04-11 10:04:00,243,2,379.73,17,219,1,3,2,1-3-2,2.0,At-Risk
13656,United Kingdom,2011-01-06 15:42:00,2011-06-28 10:31:00,165,2,379.65,49,490,2,3,2,2-3-2,2.33,At-Risk
13589,United Kingdom,2011-06-13 12:44:00,2011-11-25 12:10:00,15,2,379.65,21,114,4,3,2,4-3-2,3.0,Loyal Customers
17878,United Kingdom,2011-10-27 11:24:00,2011-10-27 11:24:00,44,1,379.45,26,401,3,2,2,3-2-2,2.33,Need Attention
15885,United Kingdom,2011-02-03 15:28:00,2011-09-08 10:43:00,93,3,379.35,18,111,2,3,2,2-3-2,2.33,At-Risk
16909,United Kingdom,2011-09-28 16:45:00,2011-09-28 16:45:00,73,1,379.14,18,436,2,2,2,2-2-2,2.0,About To Sleep / Hibernating
13372,United Kingdom,2011-09-11 12:46:00,2011-09-11 12:46:00,90,1,378.64,23,159,2,2,2,2-2-2,2.0,About To Sleep / Hibernating
17078,United Kingdom,2011-11-03 18:49:00,2011-11-03 19:17:00,37,2,378.2,28,788,3,3,2,3-3-2,2.67,Loyal Customers
17736,United Kingdom,2011-08-18 14:33:00,2011-11-30 15:36:00,10,3,377.44,25,238,5,3,2,5-3-2,3.33,Loyal Customers
15025,United Kingdom,2011-11-06 15:20:00,2011-11-06 15:20:00,34,1,377.01,72,189,3,2,2,3-2-2,2.33,Need Attention
17489,United Kingdom,2011-05-11 11:34:00,2011-10-12 08:56:00,59,2,376.64,29,428,3,3,2,3-3-2,2.67,Loyal Customers
13936,United Kingdom,2011-06-13 08:47:00,2011-06-13 08:47:00,180,1,376.58,26,330,1,2,2,1-2-2,1.67,Churned
16858,United Kingdom,2010-12-06 09:52:00,2010-12-06 09:52:00,369,1,375.69,10,91,1,2,2,1-2-2,1.67,Churned
14448,United Kingdom,2010-12-10 17:26:00,2011-11-30 13:50:00,10,2,375.35,20,104,5,3,2,5-3-2,3.33,Loyal Customers
14079,United Kingdom,2011-08-07 12:10:00,2011-08-07 12:10:00,125,1,375.1,12,301,2,2,2,2-2-2,2.0,About To Sleep / Hibernating
16147,United Kingdom,2011-07-29 09:57:00,2011-07-29 09:57:00,134,1,375.0,22,246,2,2,2,2-2-2,2.0,About To Sleep / Hibernating
14067,United Kingdom,2011-09-04 12:00:00,2011-10-07 10:21:00,64,2,374.7,52,361,3,3,2,3-3-2,2.67,Loyal Customers
17492,United Kingdom,2011-04-05 15:21:00,2011-04-05 15:21:00,249,1,374.57,12,155,1,2,2,1-2-2,1.67,Churned
12873,United Kingdom,2011-03-02 14:58:00,2011-03-02 14:58:00,283,1,374.0,4,128,1,2,2,1-2-2,1.67,Churned
13351,United Kingdom,2011-10-04 12:55:00,2011-10-04 12:55:00,67,1,373.94,16,117,3,2,2,3-2-2,2.33,Need Attention
13569,United Kingdom,2010-12-07 12:29:00,2011-11-22 13:07:00,18,2,373.75,85,164,4,3,2,4-3-2,3.0,Loyal Customers
16321,Australia,2011-01-20 12:11:00,2011-09-28 14:55:00,73,5,373.65,12,135,2,4,2,2-4-2,2.67,At-Risk
16903,United Kingdom,2011-11-10 15:32:00,2011-11-10 15:32:00,30,1,373.24,60,262,4,2,2,4-2-2,2.67,Potential Loyalists
12895,United Kingdom,2011-09-14 08:35:00,2011-10-28 13:51:00,43,2,372.8,22,210,3,3,2,3-3-2,2.67,Loyal Customers
12544,Spain,2011-11-03 16:15:00,2011-11-03 16:15:00,37,1,372.7,19,136,3,2,2,3-2-2,2.33,Need Attention
12981,United Kingdom,2011-07-29 14:14:00,2011-11-10 12:00:00,30,2,372.22,20,242,4,3,2,4-3-2,3.0,Loyal Customers
16065,United Kingdom,2010-12-09 13:03:00,2010-12-09 13:03:00,366,1,372.09,74,231,1,2,2,1-2-2,1.67,Churned
13300,United Kingdom,2011-06-23 13:09:00,2011-06-23 13:09:00,170,1,371.89,20,203,2,2,2,2-2-2,2.0,About To Sleep / Hibernating
17765,United Kingdom,2011-03-28 11:58:00,2011-07-04 12:41:00,159,3,371.88,57,144,2,3,2,2-3-2,2.33,At-Risk
14690,United Kingdom,2011-07-11 11:58:00,2011-10-26 15:39:00,45,2,371.7,50,170,3,3,2,3-3-2,2.67,Loyal Customers
18155,United Kingdom,2011-02-21 10:36:00,2011-09-25 13:32:00,76,3,371.62,25,266,2,3,2,2-3-2,2.33,At-Risk
15472,United Kingdom,2011-08-18 15:17:00,2011-08-18 15:17:00,114,1,371.56,76,251,2,2,2,2-2-2,2.0,About To Sleep / Hibernating
14950,United Kingdom,2011-11-20 13:48:00,2011-11-20 13:48:00,20,1,371.2,19,136,4,2,2,4-2-2,2.67,Potential Loyalists
15975,United Kingdom,2011-09-16 13:33:00,2011-09-16 13:33:00,85,1,371.01,24,243,2,2,2,2-2-2,2.0,About To Sleep / Hibernating
15063,United Kingdom,2011-05-10 13:25:00,2011-05-10 13:25:00,214,1,370.8,5,56,1,2,2,1-2-2,1.67,Churned
16343,United Kingdom,2011-11-23 17:43:00,2011-11-23 17:45:00,17,2,370.48,47,195,4,3,2,4-3-2,3.0,Loyal Customers
15922,United Kingdom,2010-12-01 13:51:00,2010-12-01 13:51:00,374,1,369.5,11,138,1,2,2,1-2-2,1.67,Churned
16758,United Kingdom,2011-10-05 14:47:00,2011-10-05 14:47:00,66,1,369.34,22,203,3,2,2,3-2-2,2.33,Need Attention
14888,United Kingdom,2011-05-16 14:58:00,2011-05-16 14:58:00,208,1,369.2,20,184,1,2,2,1-2-2,1.67,Churned
16372,United Kingdom,2011-11-06 12:50:00,2011-11-06 13:08:00,34,2,367.93,97,166,3,3,2,3-3-2,2.67,Loyal Customers
17911,United Kingdom,2011-11-30 14:52:00,2011-11-30 14:52:00,10,1,366.23,39,223,5,2,2,5-2-2,3.0,Potential Loyalists
17358,United Kingdom,2010-12-19 14:16:00,2011-02-09 16:57:00,304,2,365.85,59,202,1,3,2,1-3-2,2.0,At-Risk
17432,United Kingdom,2011-11-02 17:30:00,2011-11-21 17:33:00,19,2,365.76,48,207,4,3,2,4-3-2,3.0,Loyal Customers
16499,United Kingdom,2010-12-10 10:27:00,2010-12-14 13:31:00,361,2,365.45,19,127,1,3,2,1-3-2,2.0,At-Risk
16202,United Kingdom,2010-12-14 10:43:00,2010-12-14 10:43:00,361,1,365.27,18,191,1,2,2,1-2-2,1.67,Churned
14886,United Kingdom,2011-04-01 08:56:00,2011-04-01 08:56:00,253,1,364.8,18,160,1,2,2,1-2-2,1.67,Churned
15949,United Kingdom,2011-09-29 17:34:00,2011-11-23 09:09:00,17,2,364.72,19,284,4,3,2,4-3-2,3.0,Loyal Customers
12373,Austria,2011-02-01 13:10:00,2011-02-01 13:10:00,312,1,364.6,14,197,1,2,2,1-2-2,1.67,Churned
15343,United Kingdom,2011-09-13 13:55:00,2011-09-13 13:55:00,88,1,364.5,21,84,2,2,2,2-2-2,2.0,About To Sleep / Hibernating
14528,United Kingdom,2011-11-02 17:09:00,2011-11-02 17:09:00,38,1,364.22,18,278,3,2,2,3-2-2,2.33,Need Attention
12538,Spain,2011-11-10 17:16:00,2011-11-10 17:16:00,30,1,363.95,21,191,4,2,2,4-2-2,2.67,Potential Loyalists
17330,United Kingdom,2011-10-03 11:26:00,2011-11-17 08:56:00,23,2,363.9,6,120,4,3,2,4-3-2,3.0,Loyal Customers
15901,United Kingdom,2011-07-08 12:18:00,2011-11-23 12:43:00,17,3,363.88,116,384,4,3,2,4-3-2,3.0,Loyal Customers
14171,United Kingdom,2011-09-02 16:43:00,2011-09-02 16:43:00,99,1,363.79,58,167,2,2,2,2-2-2,2.0,About To Sleep / Hibernating
16509,United Kingdom,2011-02-16 09:25:00,2011-02-16 09:25:00,297,1,363.7,13,64,1,2,2,1-2-2,1.67,Churned
18056,United Kingdom,2011-02-24 14:27:00,2011-02-24 14:27:00,289,1,363.65,19,211,1,2,2,1-2-2,1.67,Churned
12915,United Kingdom,2010-12-02 12:33:00,2011-07-14 11:34:00,149,2,363.65,22,93,2,2,2,2-2-2,2.0,About To Sleep / Hibernating
16485,United Kingdom,2011-09-23 15:50:00,2011-09-23 15:50:00,78,1,363.65,42,235,2,2,2,2-2-2,2.0,About To Sleep / Hibernating
14932,Channel Islands,2010-12-09 11:48:00,2010-12-09 11:48:00,366,1,363.53,17,80,1,2,2,1-2-2,1.67,Churned
14427,United Kingdom,2011-10-07 09:10:00,2011-10-20 14:23:00,51,2,363.34,17,228,3,2,2,3-2-2,2.33,Need Attention
16378,United Kingdom,2011-02-02 12:42:00,2011-04-06 15:07:00,248,3,362.95,23,267,1,3,2,1-3-2,2.0,At-Risk
16052,United Kingdom,2011-10-16 15:13:00,2011-10-16 15:13:00,55,1,362.06,34,282,3,2,2,3-2-2,2.33,Need Attention
13844,United Kingdom,2011-11-28 13:21:00,2011-11-28 13:21:00,12,1,361.62,20,196,5,2,2,5-2-2,3.0,Potential Loyalists
16305,United Kingdom,2011-07-24 12:18:00,2011-07-24 12:18:00,139,1,361.22,22,256,2,2,2,2-2-2,2.0,About To Sleep / Hibernating
13291,United Kingdom,2011-07-07 10:36:00,2011-07-07 10:36:00,156,1,361.11,42,233,2,2,2,2-2-2,2.0,About To Sleep / Hibernating
15872,United Kingdom,2011-11-25 11:54:00,2011-11-25 11:55:00,15,2,360.93,128,212,4,2,2,4-2-2,2.67,Potential Loyalists
16595,United Kingdom,2011-10-09 13:15:00,2011-10-09 13:15:00,62,1,360.16,85,335,3,2,2,3-2-2,2.33,Need Attention
13780,United Kingdom,2011-06-22 11:43:00,2011-12-02 13:49:00,8,2,360.01,57,318,5,2,2,5-2-2,3.0,Potential Loyalists
13298,United Kingdom,2011-12-08 13:11:00,2011-12-08 13:11:00,2,1,360.0,2,96,5,2,2,5-2-2,3.0,Potential Loyalists
15120,United Kingdom,2011-07-29 09:48:00,2011-07-29 09:48:00,134,1,358.82,21,296,2,2,2,2-2-2,2.0,About To Sleep / Hibernating
17948,United Kingdom,2011-07-15 12:58:00,2011-07-15 12:58:00,148,1,358.56,1,144,2,2,2,2-2-2,2.0,About To Sleep / Hibernating
16823,United Kingdom,2011-04-26 15:00:00,2011-04-26 15:00:00,228,1,358.38,38,136,1,2,2,1-2-2,1.67,Churned
13228,United Kingdom,2011-09-19 14:28:00,2011-09-19 14:28:00,82,1,358.0,2,200,2,2,2,2-2-2,2.0,About To Sleep / Hibernating
13976,United Kingdom,2011-05-17 09:13:00,2011-05-17 09:13:00,207,1,357.98,10,154,1,2,2,1-2-2,1.67,Churned
16274,United Kingdom,2010-12-01 15:35:00,2010-12-01 15:35:00,374,1,357.95,67,155,1,2,2,1-2-2,1.67,Churned
17025,United Kingdom,2010-12-01 15:45:00,2011-10-10 09:06:00,61,3,357.77,9,235,3,3,2,3-3-2,2.67,Loyal Customers
16971,United Kingdom,2011-11-01 15:06:00,2011-11-01 15:06:00,39,1,357.21,41,72,3,2,2,3-2-2,2.33,Need Attention
18040,United Kingdom,2011-04-08 08:27:00,2011-11-20 14:20:00,20,2,357.2,19,148,4,2,2,4-2-2,2.67,Potential Loyalists
13453,United Kingdom,2011-02-23 09:44:00,2011-06-27 09:34:00,166,2,356.98,17,134,2,2,2,2-2-2,2.0,About To Sleep / Hibernating
14500,United Kingdom,2011-06-03 10:08:00,2011-09-12 16:45:00,89,3,356.85,7,117,2,3,2,2-3-2,2.33,At-Risk
15713,United Kingdom,2010-12-08 15:16:00,2011-07-19 13:34:00,144,2,356.7,19,150,2,2,2,2-2-2,2.0,About To Sleep / Hibernating
15247,United Kingdom,2011-08-09 12:52:00,2011-08-09 12:52:00,123,1,356.0,6,160,2,2,2,2-2-2,2.0,About To Sleep / Hibernating
15840,United Kingdom,2011-06-20 11:42:00,2011-10-12 09:08:00,59,2,355.56,27,396,3,2,2,3-2-2,2.33,Need Attention
14537,United Kingdom,2011-10-13 10:54:00,2011-10-13 10:54:00,58,1,355.56,10,120,3,2,2,3-2-2,2.33,Need Attention
12617,France,2011-11-10 14:39:00,2011-11-10 14:39:00,30,1,355.53,42,213,4,2,2,4-2-2,2.67,Potential Loyalists
17742,United Kingdom,2011-01-11 10:04:00,2011-08-18 15:28:00,114,2,355.11,15,89,2,2,2,2-2-2,2.0,About To Sleep / Hibernating
13642,United Kingdom,2011-05-08 12:34:00,2011-05-08 12:34:00,216,1,354.8,66,173,1,2,2,1-2-2,1.67,Churned
17222,United Kingdom,2011-10-05 13:58:00,2011-10-05 13:58:00,66,1,354.15,28,128,3,2,2,3-2-2,2.33,Need Attention
12888,United Kingdom,2011-03-29 14:31:00,2011-05-09 16:02:00,215,2,354.12,5,76,1,2,2,1-2-2,1.67,Churned
12845,United Kingdom,2011-02-22 14:10:00,2011-03-17 13:34:00,268,4,354.09,27,204,1,4,2,1-4-2,2.33,At-Risk
15870,United Kingdom,2011-11-07 10:58:00,2011-11-07 10:58:00,33,1,354.09,76,335,3,2,2,3-2-2,2.33,Need Attention
17252,United Kingdom,2011-06-06 16:41:00,2011-08-15 09:45:00,117,2,353.86,87,193,2,2,2,2-2-2,2.0,About To Sleep / Hibernating
12715,Sweden,2011-08-25 15:22:00,2011-08-25 15:22:00,107,1,353.86,21,197,2,2,2,2-2-2,2.0,About To Sleep / Hibernating
13173,United Kingdom,2010-12-07 14:30:00,2011-12-05 15:51:00,5,2,353.65,43,277,5,2,2,5-2-2,3.0,Potential Loyalists
13210,United Kingdom,2011-09-07 08:18:00,2011-09-07 08:18:00,94,1,353.48,22,316,2,2,2,2-2-2,2.0,About To Sleep / Hibernating
13343,United Kingdom,2011-06-15 12:24:00,2011-06-15 12:24:00,178,1,353.43,19,135,2,2,2,2-2-2,2.0,About To Sleep / Hibernating
14804,United Kingdom,2011-12-01 11:20:00,2011-12-01 11:20:00,9,1,353.27,12,121,5,2,2,5-2-2,3.0,Potential Loyalists
17976,United Kingdom,2010-12-02 13:49:00,2010-12-02 13:49:00,373,1,353.19,65,106,1,2,2,1-2-2,1.67,Churned
15678,United Kingdom,2011-10-18 09:25:00,2011-10-18 09:25:00,53,1,352.7,12,184,3,2,2,3-2-2,2.33,Need Attention
18112,United Kingdom,2011-06-26 13:56:00,2011-11-27 14:43:00,13,2,352.69,26,255,5,2,2,5-2-2,3.0,Potential Loyalists
15334,United Kingdom,2011-06-19 13:51:00,2011-07-06 11:22:00,157,3,351.67,99,274,2,3,2,2-3-2,2.33,At-Risk
12566,Germany,2011-09-14 14:30:00,2011-09-14 14:30:00,87,1,351.65,19,265,2,2,2,2-2-2,2.0,About To Sleep / Hibernating
15789,United Kingdom,2010-12-16 14:35:00,2010-12-16 14:35:00,359,1,351.3,25,438,1,2,2,1-2-2,1.67,Churned
13923,United Kingdom,2011-10-17 12:33:00,2011-10-17 12:33:00,54,1,351.13,20,185,3,2,2,3-2-2,2.33,Need Attention
15900,United Kingdom,2011-11-16 12:19:00,2011-11-16 12:19:00,24,1,351.11,51,221,4,2,2,4-2-2,2.67,Potential Loyalists
13332,United Kingdom,2011-11-25 13:30:00,2011-11-25 13:30:00,15,1,350.9,21,179,4,2,2,4-2-2,2.67,Potential Loyalists
13740,United Kingdom,2011-04-13 10:32:00,2011-04-13 10:32:00,241,1,350.75,23,425,1,2,2,1-2-2,1.67,Churned
17835,United Kingdom,2011-11-16 16:30:00,2011-12-07 11:48:00,3,3,350.64,61,348,5,3,2,5-3-2,3.33,Loyal Customers
17795,United Kingdom,2011-03-20 12:02:00,2011-06-13 12:36:00,180,2,350.39,46,341,1,2,2,1-2-2,1.67,Churned
13108,United Kingdom,2010-12-02 10:35:00,2010-12-02 10:35:00,373,1,350.06,10,298,1,2,2,1-2-2,1.67,Churned
12532,France,2011-11-09 13:47:00,2011-11-09 13:47:00,31,1,349.83,16,153,4,2,2,4-2-2,2.67,Potential Loyalists
13670,United Kingdom,2011-09-25 15:25:00,2011-09-25 15:25:00,76,1,349.7,25,282,2,2,2,2-2-2,2.0,About To Sleep / Hibernating
13887,United Kingdom,2011-05-19 17:22:00,2011-05-19 17:22:00,205,1,349.55,19,147,1,2,2,1-2-2,1.67,Churned
18250,United Kingdom,2011-02-02 13:16:00,2011-02-02 13:16:00,311,1,349.27,21,199,1,2,2,1-2-2,1.67,Churned
15405,United Kingdom,2011-06-03 14:44:00,2011-06-03 14:44:00,190,1,349.1,8,193,1,2,2,1-2-2,1.67,Churned
13927,United Kingdom,2011-09-26 12:00:00,2011-09-26 12:00:00,75,1,348.99,21,214,2,2,2,2-2-2,2.0,About To Sleep / Hibernating
13790,United Kingdom,2011-12-05 15:48:00,2011-12-05 15:48:00,5,1,348.8,45,748,5,2,2,5-2-2,3.0,Potential Loyalists
18127,United Kingdom,2011-07-29 10:06:00,2011-11-20 14:05:00,20,3,348.73,47,188,4,3,2,4-3-2,3.0,Loyal Customers
12527,Germany,2011-01-18 12:05:00,2011-09-19 11:55:00,82,3,348.71,18,234,2,3,2,2-3-2,2.33,At-Risk
15579,United Kingdom,2011-01-30 12:09:00,2011-10-02 12:45:00,69,2,348.6,51,120,3,2,2,3-2-2,2.33,Need Attention
16159,United Kingdom,2011-03-03 12:27:00,2011-03-03 12:27:00,282,1,348.2,14,236,1,2,2,1-2-2,1.67,Churned
13052,United Kingdom,2011-05-11 14:12:00,2011-05-11 14:12:00,213,1,348.15,18,222,1,2,2,1-2-2,1.67,Churned
14379,United Kingdom,2011-02-17 15:03:00,2011-10-26 16:43:00,45,2,348.1,46,292,3,2,2,3-2-2,2.33,Need Attention
13497,United Kingdom,2010-12-06 11:37:00,2011-03-02 09:04:00,283,2,348.05,19,163,1,2,2,1-2-2,1.67,Churned
17668,United Kingdom,2011-11-01 14:45:00,2011-12-08 13:25:00,2,2,347.75,15,93,5,2,2,5-2-2,3.0,Potential Loyalists
13062,United Kingdom,2011-06-01 15:12:00,2011-06-01 15:12:00,192,1,346.98,11,343,1,2,2,1-2-2,1.67,Churned
13649,United Kingdom,2010-12-08 14:46:00,2011-03-28 11:51:00,257,2,346.6,23,139,1,2,2,1-2-2,1.67,Churned
16423,United Kingdom,2011-11-15 09:21:00,2011-11-15 09:21:00,25,1,346.12,18,230,4,2,2,4-2-2,2.67,Potential Loyalists
13091,United Kingdom,2011-11-11 15:54:00,2011-11-11 15:54:00,29,1,345.82,21,466,4,2,2,4-2-2,2.67,Potential Loyalists
15781,United Kingdom,2011-02-07 09:15:00,2011-11-14 14:57:00,26,3,345.46,20,180,4,3,2,4-3-2,3.0,Loyal Customers
17123,United Kingdom,2011-07-01 10:47:00,2011-07-01 10:47:00,162,1,345.3,9,246,2,2,2,2-2-2,2.0,About To Sleep / Hibernating
13774,United Kingdom,2011-09-19 12:06:00,2011-09-19 12:06:00,82,1,345.0,22,192,2,2,2,2-2-2,2.0,About To Sleep / Hibernating
14633,United Kingdom,2011-03-18 17:07:00,2011-03-18 17:07:00,267,1,344.9,20,96,1,2,2,1-2-2,1.67,Churned
16978,United Kingdom,2011-09-23 12:50:00,2011-09-23 12:50:00,78,1,344.33,39,166,2,2,2,2-2-2,2.0,About To Sleep / Hibernating
17569,United Kingdom,2011-01-11 14:15:00,2011-01-11 14:15:00,333,1,344.14,29,159,1,2,2,1-2-2,1.67,Churned
13068,United Kingdom,2011-01-24 08:20:00,2011-11-29 15:00:00,11,2,344.0,2,200,5,2,2,5-2-2,3.0,Potential Loyalists
15047,United Kingdom,2011-03-15 10:49:00,2011-03-15 10:49:00,270,1,343.62,22,222,1,2,2,1-2-2,1.67,Churned
15520,United Kingdom,2011-12-08 10:58:00,2011-12-08 10:58:00,2,1,343.5,18,314,5,2,2,5-2-2,3.0,Potential Loyalists
18081,United Kingdom,2011-07-29 11:56:00,2011-11-03 16:30:00,37,3,343.45,17,195,3,3,2,3-3-2,2.67,Loyal Customers
15880,United Kingdom,2010-12-05 13:00:00,2010-12-05 13:00:00,370,1,343.28,105,211,1,2,2,1-2-2,1.67,Churned
12875,United Kingdom,2010-12-12 12:03:00,2011-07-19 15:30:00,144,2,343.23,2,2019,2,2,2,2-2-2,2.0,About To Sleep / Hibernating
17201,United Kingdom,2011-10-17 11:55:00,2011-10-17 11:55:00,54,1,342.63,40,268,3,2,2,3-2-2,2.33,Need Attention
16851,United Kingdom,2011-10-19 09:48:00,2011-12-05 13:32:00,5,3,342.45,20,271,5,3,2,5-3-2,3.33,Loyal Customers
16826,United Kingdom,2011-10-19 14:05:00,2011-10-19 14:05:00,52,1,341.7,22,158,3,2,2,3-2-2,2.33,Need Attention
13347,United Kingdom,2011-09-30 13:28:00,2011-09-30 13:28:00,71,1,341.36,8,205,3,2,2,3-2-2,2.33,Need Attention
17917,United Kingdom,2010-12-12 12:08:00,2011-10-25 13:20:00,46,3,341.28,94,187,3,3,2,3-3-2,2.67,Loyal Customers
14491,United Kingdom,2010-12-02 12:10:00,2011-06-17 15:22:00,176,2,340.93,17,139,2,2,2,2-2-2,2.0,About To Sleep / Hibernating
12519,Germany,2011-10-07 09:26:00,2011-10-07 09:26:00,64,1,340.84,18,183,3,2,2,3-2-2,2.33,Need Attention
15115,United Kingdom,2011-11-21 14:59:00,2011-11-21 14:59:00,19,1,340.11,21,157,4,2,2,4-2-2,2.67,Potential Loyalists
13737,United Kingdom,2011-05-23 16:32:00,2011-05-23 16:32:00,201,1,339.6,30,125,1,2,2,1-2-2,1.67,Churned
17045,United Kingdom,2011-04-06 12:08:00,2011-08-18 17:09:00,114,3,339.44,22,106,2,3,2,2-3-2,2.33,At-Risk
16545,United Kingdom,2011-06-28 10:37:00,2011-06-28 10:37:00,165,1,339.3,3,78,2,2,2,2-2-2,2.0,About To Sleep / Hibernating
17697,United Kingdom,2011-04-17 15:40:00,2011-04-17 15:40:00,237,1,338.95,19,93,1,2,2,1-2-2,1.67,Churned
17839,United Kingdom,2011-10-28 17:27:00,2011-10-28 17:27:00,43,1,338.8,56,285,3,2,2,3-2-2,2.33,Need Attention
16183,United Kingdom,2011-10-03 14:59:00,2011-10-03 14:59:00,68,1,338.71,15,113,3,2,2,3-2-2,2.33,Need Attention
15652,United Kingdom,2011-09-09 14:22:00,2011-09-09 14:22:00,92,1,337.74,21,208,2,2,2,2-2-2,2.0,About To Sleep / Hibernating
15942,United Kingdom,2011-07-29 09:01:00,2011-07-29 09:01:00,134,1,337.44,14,232,2,2,2,2-2-2,2.0,About To Sleep / Hibernating
13930,United Kingdom,2011-07-26 11:00:00,2011-10-13 09:45:00,58,2,337.34,17,274,3,2,2,3-2-2,2.33,Need Attention
17973,United Kingdom,2011-10-19 10:34:00,2011-10-19 10:34:00,52,1,337.04,15,176,3,2,2,3-2-2,2.33,Need Attention
16105,United Kingdom,2011-04-05 10:13:00,2011-04-05 10:13:00,249,1,336.96,13,330,1,2,2,1-2-2,1.67,Churned
17914,United Kingdom,2011-12-06 11:58:00,2011-12-06 11:58:00,4,1,336.43,80,473,5,2,2,5-2-2,3.0,Potential Loyalists
17384,United Kingdom,2011-05-04 16:07:00,2011-11-20 15:48:00,20,2,336.4,15,88,4,2,2,4-2-2,2.67,Potential Loyalists
15619,United Kingdom,2011-11-29 08:14:00,2011-11-29 08:14:00,11,1,336.4,3,136,5,2,2,5-2-2,3.0,Potential Loyalists
14954,United Kingdom,2011-11-27 14:30:00,2011-11-27 14:30:00,13,1,336.17,85,127,5,2,2,5-2-2,3.0,Potential Loyalists
18078,United Kingdom,2011-03-25 15:08:00,2011-05-06 14:32:00,218,2,336.13,29,145,1,2,2,1-2-2,1.67,Churned
15921,United Kingdom,2011-06-20 11:03:00,2011-06-20 11:03:00,173,1,336.03,25,166,2,2,2,2-2-2,2.0,About To Sleep / Hibernating
18276,United Kingdom,2011-10-27 10:54:00,2011-10-27 10:54:00,44,1,335.86,14,186,3,2,2,3-2-2,2.33,Need Attention
14196,United Kingdom,2011-08-25 10:25:00,2011-08-25 10:25:00,107,1,335.52,6,142,2,2,2,2-2-2,2.0,About To Sleep / Hibernating
16063,United Kingdom,2011-03-24 14:55:00,2011-03-24 14:56:00,261,1,335.32,23,262,1,2,2,1-2-2,1.67,Churned
17221,United Kingdom,2011-11-03 17:39:00,2011-12-02 13:35:00,8,2,335.13,63,288,5,2,2,5-2-2,3.0,Potential Loyalists
12489,France,2011-01-07 13:13:00,2011-01-07 13:13:00,337,1,334.93,15,105,1,2,2,1-2-2,1.67,Churned
14988,United Kingdom,2011-05-12 12:05:00,2011-05-12 12:05:00,212,1,334.54,40,141,1,2,2,1-2-2,1.67,Churned
15466,United Kingdom,2011-09-15 14:08:00,2011-09-15 14:08:00,86,1,334.53,57,246,2,2,2,2-2-2,2.0,About To Sleep / Hibernating
12350,Norway,2011-02-02 16:01:00,2011-02-02 16:01:00,311,1,334.4,17,197,1,2,2,1-2-2,1.67,Churned
15918,United Kingdom,2011-03-13 15:55:00,2011-06-02 11:42:00,191,2,334.23,40,153,1,2,2,1-2-2,1.67,Churned
14264,United Kingdom,2011-04-08 12:20:00,2011-07-08 10:20:00,155,2,333.97,17,70,2,2,2,2-2-2,2.0,About To Sleep / Hibernating
13216,United Kingdom,2011-03-17 12:18:00,2011-03-17 12:18:00,268,1,333.74,5,297,1,2,2,1-2-2,1.67,Churned
13727,United Kingdom,2011-11-06 12:16:00,2011-11-11 09:46:00,29,2,333.48,20,162,4,2,2,4-2-2,2.67,Potential Loyalists
16625,United Kingdom,2011-03-10 12:50:00,2011-03-10 12:50:00,275,1,333.08,23,164,1,2,2,1-2-2,1.67,Churned
14902,United Kingdom,2011-11-14 10:34:00,2011-11-14 10:34:00,26,1,332.66,20,218,4,2,2,4-2-2,2.67,Potential Loyalists
13904,United Kingdom,2011-02-18 11:18:00,2011-11-02 13:41:00,38,2,332.64,26,332,3,2,2,3-2-2,2.33,Need Attention
16850,United Kingdom,2011-01-10 11:09:00,2011-01-10 11:09:00,334,1,332.41,19,249,1,2,2,1-2-2,1.67,Churned
16803,United Kingdom,2011-10-05 14:28:00,2011-10-05 14:28:00,66,1,332.3,24,245,3,2,2,3-2-2,2.33,Need Attention
16177,United Kingdom,2011-10-20 12:57:00,2011-10-20 12:57:00,51,1,331.95,15,95,3,2,2,3-2-2,2.33,Need Attention
16030,United Kingdom,2011-02-03 11:28:00,2011-02-03 11:28:00,310,1,331.24,29,283,1,2,2,1-2-2,1.67,Churned
15210,United Kingdom,2011-04-28 16:11:00,2011-04-28 16:11:00,226,1,331.18,20,228,1,2,2,1-2-2,1.67,Churned
12891,United Kingdom,2011-02-20 11:28:00,2011-06-07 12:31:00,186,3,331.0,3,950,1,3,2,1-3-2,2.0,At-Risk
16478,United Kingdom,2011-10-05 12:02:00,2011-11-14 15:51:00,26,3,331.0,17,224,4,3,2,4-3-2,3.0,Loyal Customers
17862,United Kingdom,2011-01-20 12:23:00,2011-01-20 12:23:00,324,1,330.9,11,100,1,2,2,1-2-2,1.67,Churned
15714,United Kingdom,2011-09-23 11:25:00,2011-11-28 11:26:00,12,2,330.88,35,187,5,2,2,5-2-2,3.0,Potential Loyalists
13706,United Kingdom,2011-02-10 09:21:00,2011-02-10 09:21:00,303,1,330.79,20,189,1,2,2,1-2-2,1.67,Churned
14517,United Kingdom,2011-07-21 11:42:00,2011-11-06 14:20:00,34,2,330.45,18,91,3,2,2,3-2-2,2.33,Need Attention
15130,United Kingdom,2011-06-23 10:15:00,2011-06-23 10:15:00,170,1,330.11,22,197,2,2,2,2-2-2,2.0,About To Sleep / Hibernating
16593,United Kingdom,2011-01-16 12:11:00,2011-10-20 12:41:00,51,3,330.03,27,116,3,3,2,3-3-2,2.67,Loyal Customers
12953,United Kingdom,2011-11-30 09:24:00,2011-11-30 09:24:00,10,1,329.85,17,84,5,2,2,5-2-2,3.0,Potential Loyalists
14716,United Kingdom,2011-07-14 12:42:00,2011-10-27 17:29:00,44,2,329.68,55,604,3,2,2,3-2-2,2.33,Need Attention
17866,United Kingdom,2011-07-20 11:07:00,2011-07-20 11:07:00,143,1,329.65,9,174,2,2,2,2-2-2,2.0,About To Sleep / Hibernating
17615,United Kingdom,2011-05-01 15:33:00,2011-08-01 14:06:00,131,3,329.6,14,140,2,3,2,2-3-2,2.33,At-Risk
13239,United Kingdom,2011-03-23 10:25:00,2011-03-23 10:25:00,262,1,329.56,21,327,1,2,2,1-2-2,1.67,Churned
17154,United Kingdom,2011-09-25 13:42:00,2011-09-25 13:42:00,76,1,329.34,23,490,2,2,2,2-2-2,2.0,About To Sleep / Hibernating
15153,United Kingdom,2011-11-08 17:09:00,2011-11-08 17:09:00,32,1,329.25,22,198,4,2,2,4-2-2,2.67,Potential Loyalists
14012,United Kingdom,2011-03-07 12:26:00,2011-03-07 12:26:00,278,1,328.8,11,160,1,2,2,1-2-2,1.67,Churned
16855,United Kingdom,2011-10-27 16:31:00,2011-11-16 12:03:00,24,2,328.4,19,164,4,2,2,4-2-2,2.67,Potential Loyalists
15213,United Kingdom,2011-01-14 11:05:00,2011-01-25 12:21:00,319,2,328.35,24,272,1,2,2,1-2-2,1.67,Churned
14747,United Kingdom,2011-04-04 14:09:00,2011-04-04 14:09:00,250,1,328.2,18,84,1,2,2,1-2-2,1.67,Churned
14206,United Kingdom,2011-04-14 16:38:00,2011-04-14 16:38:00,240,1,328.16,20,276,1,2,2,1-2-2,1.67,Churned
16318,United Kingdom,2011-11-04 13:05:00,2011-11-04 13:05:00,36,1,328.15,19,199,3,2,2,3-2-2,2.33,Need Attention
15314,United Kingdom,2011-05-24 14:39:00,2011-05-24 14:39:00,200,1,327.97,24,313,1,2,2,1-2-2,1.67,Churned
14024,United Kingdom,2011-08-07 13:31:00,2011-08-10 11:30:00,122,2,327.7,16,150,2,2,2,2-2-2,2.0,About To Sleep / Hibernating
16366,United Kingdom,2011-11-21 08:19:00,2011-11-21 08:19:00,19,1,327.3,18,256,4,2,2,4-2-2,2.67,Potential Loyalists
14870,United Kingdom,2011-03-23 10:51:00,2011-03-23 10:51:00,262,1,327.25,13,119,1,2,2,1-2-2,1.67,Churned
16322,United Kingdom,2011-11-03 14:33:00,2011-12-08 15:41:00,2,2,326.75,37,231,5,2,2,5-2-2,3.0,Potential Loyalists
17715,United Kingdom,2011-05-23 12:32:00,2011-05-23 12:32:00,201,1,326.4,1,384,1,2,2,1-2-2,1.67,Churned
14987,United Kingdom,2010-12-09 12:13:00,2011-11-24 09:59:00,16,2,326.4,4,128,4,2,2,4-2-2,2.67,Potential Loyalists
16071,United Kingdom,2011-10-26 11:14:00,2011-10-26 11:14:00,45,1,326.24,21,180,3,2,2,3-2-2,2.33,Need Attention
15363,United Kingdom,2010-12-02 12:28:00,2010-12-02 12:28:00,373,1,326.0,16,144,1,2,2,1-2-2,1.67,Churned
12844,United Kingdom,2011-08-01 13:11:00,2011-11-10 13:31:00,30,2,325.96,52,125,4,2,2,4-2-2,2.67,Potential Loyalists
16830,United Kingdom,2011-11-01 11:35:00,2011-11-01 11:35:00,39,1,325.91,23,264,3,2,2,3-2-2,2.33,Need Attention
14850,United Kingdom,2011-02-01 11:21:00,2011-02-01 11:21:00,312,1,325.75,21,293,1,2,2,1-2-2,1.67,Churned
15944,United Kingdom,2011-03-08 10:33:00,2011-03-08 10:33:00,277,1,325.1,6,50,1,2,2,1-2-2,1.67,Churned
12790,Netherlands,2011-05-31 14:14:00,2011-05-31 14:14:00,193,1,324.92,21,166,1,2,2,1-2-2,1.67,Churned
13801,United Kingdom,2011-10-04 10:15:00,2011-10-04 10:15:00,67,1,324.8,23,168,3,2,2,3-2-2,2.33,Need Attention
15597,United Kingdom,2011-11-04 13:26:00,2011-11-04 13:26:00,36,1,324.57,22,279,3,2,2,3-2-2,2.33,Need Attention
16685,United Kingdom,2011-10-09 13:44:00,2011-10-09 13:58:00,62,2,324.24,62,396,3,2,2,3-2-2,2.33,Need Attention
18261,United Kingdom,2011-09-05 09:34:00,2011-10-27 15:36:00,44,2,324.24,21,146,3,2,2,3-2-2,2.33,Need Attention
14555,United Kingdom,2011-02-10 17:19:00,2011-10-13 16:24:00,58,2,324.14,21,130,3,2,2,3-2-2,2.33,Need Attention
15675,United Kingdom,2011-03-04 14:21:00,2011-09-19 13:48:00,82,3,323.69,21,527,2,3,2,2-3-2,2.33,At-Risk
17793,United Kingdom,2011-11-14 14:24:00,2011-11-14 14:24:00,26,1,323.04,58,232,4,2,2,4-2-2,2.67,Potential Loyalists
16739,United Kingdom,2011-06-16 09:17:00,2011-06-16 09:17:00,177,1,323.0,13,172,2,2,2,2-2-2,2.0,About To Sleep / Hibernating
13955,United Kingdom,2011-02-07 12:24:00,2011-07-08 17:19:00,155,2,322.96,33,154,2,2,2,2-2-2,2.0,About To Sleep / Hibernating
16627,United Kingdom,2011-09-21 14:38:00,2011-09-21 14:38:00,80,1,322.8,20,162,2,2,2,2-2-2,2.0,About To Sleep / Hibernating
16342,United Kingdom,2011-06-13 10:10:00,2011-09-25 14:36:00,76,4,322.41,15,157,2,4,2,2-4-2,2.67,At-Risk
15224,United Kingdom,2010-12-12 12:34:00,2010-12-16 15:02:00,359,2,322.08,14,152,1,2,2,1-2-2,1.67,Churned
14424,United Kingdom,2011-11-22 11:48:00,2011-11-22 11:48:00,18,1,322.08,1,48,4,2,2,4-2-2,2.67,Potential Loyalists
14484,United Kingdom,2011-10-20 14:11:00,2011-10-20 14:11:00,51,1,321.92,14,210,3,2,2,3-2-2,2.33,Need Attention
14823,United Kingdom,2011-05-29 12:48:00,2011-06-12 13:12:00,181,3,321.43,70,88,1,3,2,1-3-2,2.0,At-Risk
15236,United Kingdom,2011-02-14 10:52:00,2011-02-14 10:52:00,299,1,321.05,15,269,1,2,2,1-2-2,1.67,Churned
18117,United Kingdom,2011-11-14 12:47:00,2011-11-14 12:47:00,26,1,320.72,74,618,4,2,2,4-2-2,2.67,Potential Loyalists
16096,United Kingdom,2011-03-20 13:38:00,2011-03-20 13:38:00,265,1,320.62,12,155,1,2,2,1-2-2,1.67,Churned
14622,United Kingdom,2011-06-08 12:42:00,2011-06-08 12:42:00,185,1,320.58,21,146,1,2,2,1-2-2,1.67,Churned
13986,United Kingdom,2011-11-22 15:00:00,2011-11-22 15:00:00,18,1,320.46,13,430,4,2,2,4-2-2,2.67,Potential Loyalists
16674,United Kingdom,2011-09-02 13:59:00,2011-10-16 11:31:00,55,2,319.61,98,188,3,2,2,3-2-2,2.33,Need Attention
15107,United Kingdom,2010-12-02 13:45:00,2011-02-01 14:46:00,312,6,319.5,16,169,1,4,2,1-4-2,2.33,At-Risk
16967,United Kingdom,2011-06-03 14:24:00,2011-06-03 14:24:00,190,1,319.02,21,333,1,2,2,1-2-2,1.67,Churned
17157,United Kingdom,2011-06-16 15:08:00,2011-12-02 09:10:00,8,2,319.0,13,172,5,2,2,5-2-2,3.0,Potential Loyalists
17229,United Kingdom,2011-07-20 12:38:00,2011-09-04 13:56:00,97,2,318.76,47,185,2,2,2,2-2-2,2.0,About To Sleep / Hibernating
17248,United Kingdom,2011-08-11 13:34:00,2011-08-11 13:34:00,121,1,318.65,69,213,2,2,2,2-2-2,2.0,About To Sleep / Hibernating
14703,United Kingdom,2011-11-25 09:23:00,2011-11-25 09:23:00,15,1,318.17,22,183,4,2,2,4-2-2,2.67,Potential Loyalists
12648,Germany,2011-07-08 11:55:00,2011-07-08 11:55:00,155,1,318.05,21,160,2,2,2,2-2-2,2.0,About To Sleep / Hibernating
18066,United Kingdom,2011-09-25 15:30:00,2011-09-25 15:30:00,76,1,318.0,10,108,2,2,2,2-2-2,2.0,About To Sleep / Hibernating
17172,United Kingdom,2011-09-22 09:36:00,2011-09-22 09:36:00,79,1,317.76,15,480,2,2,2,2-2-2,2.0,About To Sleep / Hibernating
17267,United Kingdom,2011-08-04 17:19:00,2011-08-04 17:22:00,128,2,317.62,38,159,2,2,2,2-2-2,2.0,About To Sleep / Hibernating
15101,United Kingdom,2010-12-15 12:54:00,2011-12-01 10:18:00,9,2,317.53,8,241,5,2,2,5-2-2,3.0,Potential Loyalists
16386,United Kingdom,2011-03-31 12:19:00,2011-11-11 12:28:00,29,2,317.2,88,224,4,2,2,4-2-2,2.67,Potential Loyalists
15257,United Kingdom,2011-03-01 12:58:00,2011-03-01 12:58:00,284,1,317.15,7,46,1,2,2,1-2-2,1.67,Churned
15385,United Kingdom,2011-10-30 15:11:00,2011-10-30 15:11:00,41,1,316.88,12,161,3,2,2,3-2-2,2.33,Need Attention
15243,United Kingdom,2011-09-26 14:12:00,2011-09-26 14:12:00,75,1,316.68,22,185,2,2,2,2-2-2,2.0,About To Sleep / Hibernating
16761,United Kingdom,2011-09-04 11:15:00,2011-09-04 11:15:00,97,1,316.62,13,341,2,2,2,2-2-2,2.0,About To Sleep / Hibernating
15204,United Kingdom,2010-12-17 13:49:00,2010-12-17 13:49:00,358,1,316.58,9,258,1,2,2,1-2-2,1.67,Churned
17458,United Kingdom,2011-11-24 13:01:00,2011-11-24 13:01:00,16,1,316.5,54,170,4,2,2,4-2-2,2.67,Potential Loyalists
13494,United Kingdom,2011-02-01 11:58:00,2011-02-01 11:58:00,312,1,316.26,18,162,1,2,2,1-2-2,1.67,Churned
14479,United Kingdom,2010-12-09 12:59:00,2011-03-31 09:07:00,254,2,316.25,18,117,1,2,2,1-2-2,1.67,Churned
16473,United Kingdom,2011-01-07 10:55:00,2011-06-28 09:10:00,165,3,316.11,18,196,2,3,2,2-3-2,2.33,At-Risk
12614,Germany,2011-03-07 10:22:00,2011-03-07 10:22:00,278,1,315.6,20,76,1,2,2,1-2-2,1.67,Churned
16091,United Kingdom,2011-05-25 09:18:00,2011-07-08 08:45:00,155,2,315.06,18,154,2,2,2,2-2-2,2.0,About To Sleep / Hibernating
15766,United Kingdom,2011-10-06 17:03:00,2011-10-06 17:03:00,65,1,315.06,11,170,3,2,2,3-2-2,2.33,Need Attention
17237,United Kingdom,2011-11-17 12:55:00,2011-11-28 15:02:00,12,2,314.69,19,105,5,2,2,5-2-2,3.0,Potential Loyalists
16193,United Kingdom,2011-04-17 11:45:00,2011-04-17 11:45:00,237,1,314.45,19,219,1,2,2,1-2-2,1.67,Churned
12650,France,2011-12-06 16:34:00,2011-12-06 16:34:00,4,1,314.44,20,254,5,2,2,5-2-2,3.0,Potential Loyalists
16227,United Kingdom,2011-04-28 13:33:00,2011-04-28 13:33:00,226,1,314.22,6,90,1,2,2,1-2-2,1.67,Churned
15970,United Kingdom,2011-02-09 12:08:00,2011-02-09 12:08:00,304,1,314.1,11,116,1,2,2,1-2-2,1.67,Churned
13484,United Kingdom,2011-04-12 16:30:00,2011-04-12 16:30:00,242,1,313.8,8,44,1,2,2,1-2-2,1.67,Churned
16582,United Kingdom,2011-08-18 17:02:00,2011-08-18 17:02:00,114,1,313.62,6,164,2,2,2,2-2-2,2.0,About To Sleep / Hibernating
14729,United Kingdom,2010-12-01 12:43:00,2010-12-01 12:43:00,374,1,313.49,71,197,1,2,2,1-2-2,1.67,Churned
13845,United Kingdom,2011-10-06 08:25:00,2011-10-06 08:25:00,65,1,312.98,9,182,3,2,2,3-2-2,2.33,Need Attention
15318,United Kingdom,2011-12-06 11:30:00,2011-12-06 11:30:00,4,1,312.62,33,642,5,2,2,5-2-2,3.0,Potential Loyalists
12834,United Kingdom,2011-03-02 09:49:00,2011-03-02 09:49:00,283,1,312.38,18,110,1,2,2,1-2-2,1.67,Churned
17362,United Kingdom,2011-02-03 10:26:00,2011-04-14 14:43:00,240,2,312.23,35,191,1,2,2,1-2-2,1.67,Churned
17070,United Kingdom,2011-08-17 17:01:00,2011-08-17 17:01:00,115,1,312.14,64,133,2,2,2,2-2-2,2.0,About To Sleep / Hibernating
12785,Portugal,2010-12-10 13:48:00,2010-12-10 13:48:00,365,1,311.95,14,131,1,2,2,1-2-2,1.67,Churned
16450,United Kingdom,2011-07-13 11:47:00,2011-07-13 11:47:00,150,1,311.92,11,200,2,2,2,2-2-2,2.0,About To Sleep / Hibernating
14142,United Kingdom,2010-12-01 16:33:00,2010-12-01 16:33:00,374,1,311.81,22,313,1,2,2,1-2-2,1.67,Churned
15326,United Kingdom,2011-01-10 11:38:00,2011-01-10 11:38:00,334,1,311.71,29,386,1,2,2,1-2-2,1.67,Churned
14951,United Kingdom,2011-09-21 15:15:00,2011-09-21 15:15:00,80,1,311.69,20,311,2,2,2,2-2-2,2.0,About To Sleep / Hibernating
14327,United Kingdom,2011-06-29 13:58:00,2011-06-29 13:58:00,164,1,311.65,12,139,2,2,2,2-2-2,2.0,About To Sleep / Hibernating
12852,United Kingdom,2011-02-18 08:47:00,2011-02-18 08:47:00,295,1,311.55,17,149,1,2,2,1-2-2,1.67,Churned
13990,United Kingdom,2011-05-10 15:19:00,2011-05-10 15:19:00,214,1,311.3,16,190,1,2,2,1-2-2,1.67,Churned
17854,United Kingdom,2011-04-26 16:53:00,2011-06-07 16:21:00,186,2,311.26,15,84,1,2,2,1-2-2,1.67,Churned
16781,United Kingdom,2010-12-02 14:26:00,2010-12-02 14:26:00,373,1,311.25,17,113,1,2,2,1-2-2,1.67,Churned
13897,United Kingdom,2011-10-20 14:30:00,2011-10-20 14:30:00,51,1,311.16,17,200,3,2,2,3-2-2,2.33,Need Attention
17912,United Kingdom,2010-12-10 11:11:00,2011-02-02 14:25:00,311,5,311.01,38,185,1,4,2,1-4-2,2.33,At-Risk
17266,United Kingdom,2011-07-15 11:57:00,2011-12-07 14:12:00,3,3,310.64,80,161,5,3,2,5-3-2,3.33,Loyal Customers
15185,United Kingdom,2011-09-30 14:06:00,2011-09-30 14:06:00,71,1,310.62,21,666,3,2,2,3-2-2,2.33,Need Attention
15308,United Kingdom,2011-03-10 13:08:00,2011-03-10 13:08:00,275,1,310.47,19,175,1,2,2,1-2-2,1.67,Churned
14311,United Kingdom,2011-04-11 10:14:00,2011-04-11 10:14:00,243,1,310.26,20,146,1,2,2,1-2-2,1.67,Churned
14924,United Kingdom,2011-04-08 09:25:00,2011-04-08 09:25:00,246,1,310.05,10,64,1,2,2,1-2-2,1.67,Churned
15661,United Kingdom,2011-01-05 12:32:00,2011-01-26 13:56:00,318,2,309.8,5,236,1,2,2,1-2-2,1.67,Churned
15699,United Kingdom,2011-11-22 08:26:00,2011-11-22 08:26:00,18,1,309.65,18,113,4,2,2,4-2-2,2.67,Potential Loyalists
16810,United Kingdom,2011-05-31 15:32:00,2011-05-31 15:32:00,193,1,309.54,15,114,1,2,2,1-2-2,1.67,Churned
14339,United Kingdom,2011-04-11 11:06:00,2011-04-11 11:06:00,243,1,309.52,14,168,1,2,2,1-2-2,1.67,Churned
14847,United Kingdom,2011-07-14 10:52:00,2011-07-14 10:52:00,149,1,309.4,13,120,2,2,2,2-2-2,2.0,About To Sleep / Hibernating
17604,United Kingdom,2011-01-31 15:09:00,2011-05-06 13:43:00,218,2,309.36,63,169,1,2,2,1-2-2,1.67,Churned
12884,United Kingdom,2011-09-12 13:10:00,2011-09-12 13:10:00,89,1,309.05,7,43,2,2,2,2-2-2,2.0,About To Sleep / Hibernating
13787,United Kingdom,2010-12-10 14:45:00,2011-09-25 12:06:00,76,2,309.04,31,337,2,2,2,2-2-2,2.0,About To Sleep / Hibernating
15010,United Kingdom,2011-11-04 12:42:00,2011-11-04 12:42:00,36,1,308.94,20,184,3,2,2,3-2-2,2.33,Need Attention
16956,United Kingdom,2011-11-22 08:56:00,2011-11-22 08:56:00,18,1,308.74,16,114,4,2,2,4-2-2,2.67,Potential Loyalists
13699,United Kingdom,2011-07-07 16:51:00,2011-07-07 16:51:00,156,1,308.58,14,66,2,2,2,2-2-2,2.0,About To Sleep / Hibernating
17510,United Kingdom,2011-11-15 10:00:00,2011-11-15 10:00:00,25,1,308.48,20,214,4,1,2,4-1-2,2.33,Potential Loyalists
13369,United Kingdom,2010-12-09 11:30:00,2010-12-09 11:30:00,366,1,308.28,14,149,1,1,2,1-1-2,1.33,Churned
13466,United Kingdom,2011-06-08 16:39:00,2011-06-08 16:39:00,185,1,307.9,17,259,1,1,2,1-1-2,1.33,Churned
15973,United Kingdom,2010-12-08 11:42:00,2010-12-08 11:42:00,367,1,307.82,4,106,1,1,2,1-1-2,1.33,Churned
16123,United Kingdom,2011-10-19 09:18:00,2011-10-19 09:18:00,52,1,307.78,16,170,3,1,2,3-1-2,2.0,Promising
13529,United Kingdom,2011-05-19 11:50:00,2011-09-22 09:15:00,79,2,307.76,15,74,2,2,2,2-2-2,2.0,About To Sleep / Hibernating
13395,United Kingdom,2011-06-07 15:04:00,2011-06-07 15:04:00,186,1,307.72,21,336,1,1,2,1-1-2,1.33,Churned
13060,United Kingdom,2011-03-31 11:37:00,2011-03-31 11:37:00,254,1,307.53,15,123,1,1,2,1-1-2,1.33,Churned
14915,United Kingdom,2011-03-07 09:39:00,2011-09-09 13:34:00,92,2,307.48,12,112,2,2,2,2-2-2,2.0,About To Sleep / Hibernating
17120,United Kingdom,2011-04-20 15:21:00,2011-04-20 15:21:00,234,1,307.46,18,120,1,1,2,1-1-2,1.33,Churned
13932,United Kingdom,2011-02-18 12:02:00,2011-02-18 12:02:00,295,1,307.4,16,72,1,1,2,1-1-2,1.33,Churned
13142,United Kingdom,2011-11-20 16:07:00,2011-11-20 16:07:00,20,1,307.09,23,258,4,1,2,4-1-2,2.33,Potential Loyalists
17334,United Kingdom,2011-02-04 09:03:00,2011-02-10 14:59:00,303,2,307.02,11,315,1,2,2,1-2-2,1.67,Churned
15087,United Kingdom,2011-03-03 10:34:00,2011-03-03 10:34:00,282,1,306.94,15,470,1,1,2,1-1-2,1.33,Churned
17551,United Kingdom,2010-12-15 14:12:00,2010-12-15 14:12:00,360,1,306.84,43,150,1,1,2,1-1-2,1.33,Churned
13762,United Kingdom,2011-05-05 09:15:00,2011-05-05 09:15:00,219,1,306.72,7,272,1,1,2,1-1-2,1.33,Churned
16668,United Kingdom,2011-02-28 12:46:00,2011-11-24 17:43:00,16,6,306.72,20,318,4,4,2,4-4-2,3.33,Champions
13718,United Kingdom,2011-02-17 11:58:00,2011-04-07 13:24:00,247,2,306.55,12,173,1,2,2,1-2-2,1.67,Churned
18059,United Kingdom,2011-10-03 09:30:00,2011-11-16 16:49:00,24,3,306.46,18,258,4,3,2,4-3-2,3.0,Loyal Customers
15659,United Kingdom,2011-10-27 09:23:00,2011-10-27 09:23:00,44,1,306.45,11,111,3,1,2,3-1-2,2.0,Promising
17176,United Kingdom,2011-05-22 12:41:00,2011-05-22 12:41:00,202,1,306.13,15,170,1,1,2,1-1-2,1.33,Churned
13863,United Kingdom,2011-04-06 10:20:00,2011-04-06 10:20:00,248,1,305.78,20,224,1,1,2,1-1-2,1.33,Churned
15219,United Kingdom,2011-06-16 16:57:00,2011-06-16 16:57:00,177,1,305.75,9,45,2,1,2,2-1-2,1.67,About To Sleep / Hibernating
16796,United Kingdom,2011-09-11 14:01:00,2011-09-11 14:01:00,90,1,305.62,18,186,2,1,2,2-1-2,1.67,About To Sleep / Hibernating
16181,United Kingdom,2011-09-27 13:38:00,2011-09-27 13:38:00,74,1,305.54,11,152,2,1,2,2-1-2,1.67,About To Sleep / Hibernating
18220,United Kingdom,2011-04-27 09:03:00,2011-04-27 09:03:00,227,1,305.28,2,288,1,1,2,1-1-2,1.33,Churned
13045,United Kingdom,2011-09-01 15:04:00,2011-09-01 15:04:00,100,1,305.28,18,221,2,1,2,2-1-2,1.67,About To Sleep / Hibernating
12623,Germany,2011-03-08 13:50:00,2011-03-08 13:50:00,277,1,305.1,18,191,1,1,2,1-1-2,1.33,Churned
13667,United Kingdom,2011-07-13 15:42:00,2011-07-13 15:42:00,150,1,305.02,87,154,2,1,2,2-1-2,1.67,About To Sleep / Hibernating
17941,United Kingdom,2011-08-01 08:30:00,2011-08-01 08:30:00,131,1,304.56,2,252,2,1,2,2-1-2,1.67,About To Sleep / Hibernating
15163,United Kingdom,2011-05-31 15:22:00,2011-11-21 13:10:00,19,2,304.47,29,186,4,2,2,4-2-2,2.67,Potential Loyalists
18185,United Kingdom,2011-04-04 13:42:00,2011-04-04 13:42:00,250,1,304.25,17,183,1,1,2,1-1-2,1.33,Churned
16217,United Kingdom,2011-03-02 15:28:00,2011-04-18 13:31:00,236,2,304.25,15,91,1,2,2,1-2-2,1.67,Churned
17732,United Kingdom,2010-12-02 09:29:00,2010-12-02 09:29:00,373,1,303.97,18,93,1,1,2,1-1-2,1.33,Churned
16400,United Kingdom,2011-09-06 12:27:00,2011-09-06 12:27:00,95,1,303.93,29,172,2,1,2,2-1-2,1.67,About To Sleep / Hibernating
13083,United Kingdom,2011-09-25 10:46:00,2011-12-05 15:01:00,5,2,303.75,18,187,5,2,2,5-2-2,3.0,Potential Loyalists
17433,United Kingdom,2011-09-12 14:24:00,2011-09-12 14:24:00,89,1,303.16,54,185,2,1,2,2-1-2,1.67,About To Sleep / Hibernating
15060,United Kingdom,2011-11-30 14:03:00,2011-12-01 13:47:00,9,4,303.09,121,263,5,4,2,5-4-2,3.67,Champions
16425,United Kingdom,2011-02-10 14:30:00,2011-02-10 14:30:00,303,1,302.7,21,199,1,1,2,1-1-2,1.33,Churned
14248,United Kingdom,2011-01-25 14:45:00,2011-01-25 14:45:00,319,1,302.58,8,102,1,1,2,1-1-2,1.33,Churned
18165,United Kingdom,2011-06-15 13:23:00,2011-06-15 13:23:00,178,1,302.46,10,254,2,1,2,2-1-2,1.67,About To Sleep / Hibernating
16104,United Kingdom,2011-10-09 10:23:00,2011-10-09 10:23:00,62,1,302.36,29,123,3,1,2,3-1-2,2.0,Promising
16292,United Kingdom,2011-08-10 12:24:00,2011-08-10 12:24:00,122,1,302.25,17,191,2,1,2,2-1-2,1.67,About To Sleep / Hibernating
17506,United Kingdom,2011-09-25 11:39:00,2011-09-25 11:39:00,76,1,302.2,14,139,2,1,2,2-1-2,1.67,About To Sleep / Hibernating
15054,United Kingdom,2011-10-30 14:33:00,2011-11-27 15:02:00,13,2,302.1,114,198,5,2,2,5-2-2,3.0,Potential Loyalists
17094,United Kingdom,2011-01-21 13:09:00,2011-01-21 13:09:00,323,1,302.0,14,152,1,1,2,1-1-2,1.33,Churned
16297,United Kingdom,2011-03-16 08:29:00,2011-03-16 08:29:00,269,1,301.9,20,206,1,1,2,1-1-2,1.33,Churned
16715,United Kingdom,2011-09-22 18:15:00,2011-09-22 18:15:00,79,1,301.72,19,642,2,1,2,2-1-2,1.67,About To Sleep / Hibernating
15667,United Kingdom,2011-10-31 10:56:00,2011-10-31 10:56:00,40,1,301.32,13,240,3,1,2,3-1-2,2.0,Promising
15148,United Kingdom,2011-11-29 08:21:00,2011-11-29 08:21:00,11,1,301.29,20,187,5,1,2,5-1-2,2.67,Potential Loyalists
15623,United Kingdom,2011-07-21 17:26:00,2011-07-21 17:26:00,142,1,301.03,19,125,2,1,2,2-1-2,1.67,About To Sleep / Hibernating
13479,United Kingdom,2011-04-19 11:27:00,2011-05-23 10:45:00,201,2,300.95,15,134,1,2,2,1-2-2,1.67,Churned
17978,United Kingdom,2010-12-09 14:05:00,2010-12-09 14:05:00,366,1,300.92,12,499,1,1,2,1-1-2,1.33,Churned
16430,United Kingdom,2011-10-13 14:47:00,2011-10-13 14:47:00,58,1,300.85,6,103,3,1,2,3-1-2,2.0,Promising
16479,United Kingdom,2011-11-29 13:04:00,2011-11-29 13:40:00,11,2,300.83,35,102,5,2,2,5-2-2,3.0,Potential Loyalists
14762,United Kingdom,2011-03-21 08:20:00,2011-03-21 08:20:00,264,1,300.52,21,341,1,1,2,1-1-2,1.33,Churned
13304,United Kingdom,2010-12-23 14:35:00,2010-12-23 14:35:00,352,1,300.42,21,238,1,1,2,1-1-2,1.33,Churned
15254,United Kingdom,2011-08-04 15:04:00,2011-08-04 15:04:00,128,1,300.36,18,275,2,1,2,2-1-2,1.67,About To Sleep / Hibernating
13745,United Kingdom,2011-06-30 16:43:00,2011-06-30 16:43:00,163,1,300.04,25,496,2,1,2,2-1-2,1.67,About To Sleep / Hibernating
18053,United Kingdom,2011-09-30 09:05:00,2011-09-30 09:05:00,71,1,300.02,20,302,3,1,2,3-1-2,2.0,Promising
16402,United Kingdom,2010-12-05 13:42:00,2011-03-20 12:25:00,265,2,299.6,60,149,1,2,2,1-2-2,1.67,Churned
18215,United Kingdom,2011-09-11 16:05:00,2011-09-11 16:05:00,90,1,299.34,13,118,2,1,2,2-1-2,1.67,About To Sleep / Hibernating
17124,United Kingdom,2011-06-07 14:02:00,2011-06-07 14:02:00,186,1,298.89,32,130,1,1,2,1-1-2,1.33,Churned
15609,United Kingdom,2011-06-08 13:00:00,2011-06-08 13:00:00,185,1,298.48,16,148,1,1,2,1-1-2,1.33,Churned
17255,United Kingdom,2011-02-13 15:18:00,2011-10-30 12:18:00,41,2,298.41,78,232,3,2,2,3-2-2,2.33,Need Attention
17824,United Kingdom,2011-10-19 14:14:00,2011-10-19 14:14:00,52,1,298.4,13,408,3,1,2,3-1-2,2.0,Promising
17678,United Kingdom,2011-03-21 11:52:00,2011-03-21 11:52:00,264,1,298.11,16,207,1,1,2,1-1-2,1.33,Churned
12881,United Kingdom,2011-03-09 11:44:00,2011-03-09 11:44:00,276,1,298.0,7,21,1,1,2,1-1-2,1.33,Churned
15857,United Kingdom,2011-11-21 12:18:00,2011-11-21 12:18:00,19,1,297.0,14,308,4,1,2,4-1-2,2.33,Potential Loyalists
13708,United Kingdom,2011-03-13 13:46:00,2011-03-13 13:46:00,272,1,296.88,51,306,1,1,2,1-1-2,1.33,Churned
14985,United Kingdom,2010-12-16 19:51:00,2011-05-25 14:29:00,199,2,296.75,87,260,1,2,2,1-2-2,1.67,Churned
17531,United Kingdom,2011-06-02 19:17:00,2011-06-02 19:17:00,191,1,296.7,14,136,1,1,2,1-1-2,1.33,Churned
13441,United Kingdom,2011-09-09 09:38:00,2011-09-09 09:38:00,92,1,296.64,13,204,2,1,2,2-1-2,1.67,About To Sleep / Hibernating
15154,United Kingdom,2011-09-25 16:05:00,2011-09-25 16:05:00,76,1,296.42,85,104,2,1,2,2-1-2,1.67,About To Sleep / Hibernating
13751,United Kingdom,2011-02-24 15:56:00,2011-02-24 15:56:00,289,1,296.25,9,152,1,1,2,1-1-2,1.33,Churned
13504,United Kingdom,2011-10-06 13:20:00,2011-10-06 13:20:00,65,1,295.93,22,178,3,1,2,3-1-2,2.0,Promising
16998,United Kingdom,2011-02-08 15:42:00,2011-07-13 09:44:00,150,4,295.0,4,76,2,4,2,2-4-2,2.67,At-Risk
13573,United Kingdom,2011-03-31 14:47:00,2011-10-20 14:33:00,51,2,294.4,26,303,3,2,2,3-2-2,2.33,Need Attention
15732,United Kingdom,2010-12-02 15:00:00,2011-05-11 14:24:00,213,2,294.12,14,215,1,2,2,1-2-2,1.67,Churned
17163,United Kingdom,2011-09-22 15:54:00,2011-11-18 08:57:00,22,2,293.1,5,66,4,2,2,4-2-2,2.67,Potential Loyalists
12829,United Kingdom,2010-12-14 14:54:00,2011-01-07 11:13:00,337,2,293.0,11,376,1,2,2,1-2-2,1.67,Churned
15545,United Kingdom,2010-12-03 17:28:00,2011-10-16 13:24:00,55,2,292.72,81,163,3,2,2,3-2-2,2.33,Need Attention
16721,United Kingdom,2011-03-22 16:08:00,2011-03-22 16:08:00,263,1,292.47,37,172,1,1,2,1-1-2,1.33,Churned
13259,United Kingdom,2011-10-09 10:48:00,2011-10-09 10:48:00,62,1,292.32,87,132,3,1,2,3-1-2,2.0,Promising
13502,United Kingdom,2011-01-20 09:03:00,2011-11-23 10:39:00,17,3,292.0,18,264,4,3,2,4-3-2,3.0,Loyal Customers
13449,United Kingdom,2011-11-16 08:28:00,2011-11-16 08:28:00,24,1,291.88,19,222,4,1,2,4-1-2,2.33,Potential Loyalists
13544,United Kingdom,2011-04-13 12:09:00,2011-10-31 11:57:00,40,2,291.41,87,127,3,2,2,3-2-2,2.33,Need Attention
14656,United Kingdom,2011-03-01 13:19:00,2011-06-23 13:51:00,170,2,291.05,80,120,2,2,2,2-2-2,2.0,About To Sleep / Hibernating
14947,United Kingdom,2011-08-01 09:31:00,2011-09-28 15:48:00,73,2,290.82,14,179,2,2,2,2-2-2,2.0,About To Sleep / Hibernating
16648,United Kingdom,2011-10-28 08:58:00,2011-10-28 08:58:00,43,1,290.66,19,281,3,1,2,3-1-2,2.0,Promising
15279,United Kingdom,2010-12-20 10:48:00,2010-12-20 10:48:00,355,1,290.51,19,189,1,1,2,1-1-2,1.33,Churned
17691,United Kingdom,2010-12-06 11:10:00,2010-12-16 17:20:00,359,2,290.4,19,134,1,2,2,1-2-2,1.67,Churned
16526,United Kingdom,2011-06-21 12:02:00,2011-06-21 12:02:00,172,1,290.36,15,106,2,1,2,2-1-2,1.67,About To Sleep / Hibernating
17081,United Kingdom,2011-10-24 13:08:00,2011-11-14 12:56:00,26,2,290.16,64,78,4,2,2,4-2-2,2.67,Potential Loyalists
14784,United Kingdom,2011-01-20 09:25:00,2011-11-13 13:30:00,27,2,289.99,15,237,4,2,2,4-2-2,2.67,Potential Loyalists
17464,United Kingdom,2011-07-04 13:19:00,2011-07-04 13:19:00,159,1,289.96,9,220,2,1,2,2-1-2,1.67,About To Sleep / Hibernating
14953,United Kingdom,2011-11-14 14:59:00,2011-11-14 14:59:00,26,1,289.82,55,225,4,1,2,4-1-2,2.33,Potential Loyalists
16897,United Kingdom,2011-01-30 11:52:00,2011-02-13 15:02:00,300,2,289.78,37,73,1,2,2,1-2-2,1.67,Churned
14162,United Kingdom,2011-02-20 12:32:00,2011-06-19 11:36:00,174,2,289.36,25,142,2,2,2,2-2-2,2.0,About To Sleep / Hibernating
16125,United Kingdom,2010-12-07 15:48:00,2010-12-07 15:48:00,368,1,289.35,13,124,1,1,2,1-1-2,1.33,Churned
14549,United Kingdom,2011-02-01 13:47:00,2011-02-01 13:47:00,312,1,289.24,56,136,1,1,2,1-1-2,1.33,Churned
17501,United Kingdom,2011-05-03 09:46:00,2011-05-03 09:47:00,221,2,288.6,18,160,1,2,2,1-2-2,1.67,Churned
16808,United Kingdom,2011-03-10 19:05:00,2011-09-01 19:34:00,100,2,288.42,23,196,2,2,2,2-2-2,2.0,About To Sleep / Hibernating
15396,United Kingdom,2011-08-19 10:56:00,2011-08-19 10:56:00,113,1,288.18,14,122,2,1,2,2-1-2,1.67,About To Sleep / Hibernating
17977,United Kingdom,2011-11-10 13:28:00,2011-11-10 13:28:00,30,1,288.14,21,342,4,1,2,4-1-2,2.33,Potential Loyalists
17080,United Kingdom,2011-03-15 12:05:00,2011-11-17 12:59:00,23,2,287.62,8,166,4,2,2,4-2-2,2.67,Potential Loyalists
17760,United Kingdom,2010-12-01 15:08:00,2011-11-18 10:56:00,22,2,287.59,25,239,4,2,2,4-2-2,2.67,Potential Loyalists
16432,United Kingdom,2011-10-06 13:59:00,2011-10-06 13:59:00,65,1,287.4,8,276,3,1,2,3-1-2,2.0,Promising
13760,United Kingdom,2011-03-28 12:52:00,2011-10-16 16:13:00,55,2,286.79,57,197,3,2,2,3-2-2,2.33,Need Attention
16555,United Kingdom,2011-08-22 12:32:00,2011-11-04 14:31:00,36,2,285.89,17,175,3,2,2,3-2-2,2.33,Need Attention
14660,United Kingdom,2011-08-31 10:40:00,2011-09-14 11:34:00,87,2,285.74,30,228,2,2,2,2-2-2,2.0,About To Sleep / Hibernating
17636,United Kingdom,2011-11-20 14:40:00,2011-11-20 14:40:00,20,1,285.56,20,182,4,1,2,4-1-2,2.33,Potential Loyalists
16429,United Kingdom,2011-08-25 13:54:00,2011-08-25 13:54:00,107,1,284.55,2,9,2,1,2,2-1-2,1.67,About To Sleep / Hibernating
18190,United Kingdom,2011-01-13 10:35:00,2011-05-31 14:48:00,193,2,284.46,15,140,1,2,2,1-2-2,1.67,Churned
13121,United Kingdom,2011-03-15 16:47:00,2011-03-15 16:47:00,270,1,283.73,50,252,1,1,2,1-1-2,1.33,Churned
13439,United Kingdom,2011-03-29 14:20:00,2011-03-29 14:20:00,256,1,283.71,54,242,1,1,2,1-1-2,1.33,Churned
12703,Germany,2011-09-29 17:52:00,2011-09-29 17:52:00,72,1,283.55,21,164,2,1,2,2-1-2,1.67,About To Sleep / Hibernating
17783,United Kingdom,2011-04-06 10:07:00,2011-09-28 16:07:00,73,2,283.47,67,354,2,2,2,2-2-2,2.0,About To Sleep / Hibernating
17251,United Kingdom,2010-12-12 11:06:00,2010-12-12 11:06:00,363,1,283.28,39,110,1,1,2,1-1-2,1.33,Churned
18270,United Kingdom,2011-03-18 12:41:00,2011-11-01 13:57:00,39,2,283.15,11,101,3,2,2,3-2-2,2.33,Need Attention
17694,United Kingdom,2011-07-21 12:00:00,2011-07-21 12:00:00,142,1,283.12,15,184,2,1,2,2-1-2,1.67,About To Sleep / Hibernating
14350,United Kingdom,2011-03-10 14:14:00,2011-03-10 14:14:00,275,1,282.93,18,183,1,1,2,1-1-2,1.33,Churned
13754,United Kingdom,2011-01-26 14:58:00,2011-07-11 11:51:00,152,2,282.6,12,214,2,2,2,2-2-2,2.0,About To Sleep / Hibernating
13177,United Kingdom,2011-10-06 09:56:00,2011-10-06 09:56:00,65,1,282.45,17,91,3,1,2,3-1-2,2.0,Promising
17247,United Kingdom,2011-11-24 15:21:00,2011-11-24 15:21:00,16,1,282.19,55,106,4,1,2,4-1-2,2.33,Potential Loyalists
16557,United Kingdom,2011-07-25 13:28:00,2011-11-15 14:04:00,25,2,281.85,11,111,4,2,2,4-2-2,2.67,Potential Loyalists
17403,United Kingdom,2011-11-03 15:18:00,2011-11-03 15:18:00,37,1,281.62,33,117,3,1,2,3-1-2,2.0,Promising
16848,United Kingdom,2011-10-18 08:42:00,2011-10-18 08:42:00,53,1,281.42,14,182,3,1,2,3-1-2,2.0,Promising
14242,United Kingdom,2011-01-18 08:53:00,2011-04-19 11:46:00,235,2,280.55,16,123,1,2,2,1-2-2,1.67,Churned
13606,United Kingdom,2011-02-01 11:42:00,2011-11-10 17:46:00,30,3,280.54,43,279,4,3,2,4-3-2,3.0,Loyal Customers
16149,United Kingdom,2011-07-20 14:54:00,2011-12-05 11:29:00,5,2,280.52,18,308,5,2,2,5-2-2,3.0,Potential Loyalists
14975,United Kingdom,2011-10-13 14:08:00,2011-10-13 14:08:00,58,1,279.94,11,380,3,1,2,3-1-2,2.0,Promising
15556,United Kingdom,2011-11-15 16:08:00,2011-11-15 16:08:00,25,1,279.77,31,236,4,1,2,4-1-2,2.33,Potential Loyalists
14480,United Kingdom,2011-11-28 16:35:00,2011-11-28 16:35:00,12,1,279.05,13,143,5,1,2,5-1-2,2.67,Potential Loyalists
17786,United Kingdom,2011-01-26 14:35:00,2011-09-15 12:51:00,86,2,278.74,72,200,2,2,2,2-2-2,2.0,About To Sleep / Hibernating
14764,United Kingdom,2011-10-24 11:54:00,2011-10-24 11:54:00,47,1,278.3,6,190,3,1,2,3-1-2,2.0,Promising
14908,United Kingdom,2011-09-26 12:56:00,2011-09-26 12:56:00,75,1,277.8,9,132,2,1,2,2-1-2,1.67,About To Sleep / Hibernating
17968,United Kingdom,2010-12-01 12:23:00,2010-12-01 12:23:00,374,1,277.35,85,160,1,1,2,1-1-2,1.33,Churned
13803,United Kingdom,2011-03-29 12:57:00,2011-03-29 12:57:00,256,1,277.07,17,121,1,1,2,1-1-2,1.33,Churned
15355,United Kingdom,2011-10-17 15:22:00,2011-11-10 13:44:00,30,2,277.05,14,45,4,2,2,4-2-2,2.67,Potential Loyalists
16883,United Kingdom,2010-12-03 10:33:00,2011-06-05 12:51:00,188,2,276.73,38,104,1,2,2,1-2-2,1.67,Churned
13272,United Kingdom,2011-09-11 12:06:00,2011-11-08 14:00:00,32,2,276.56,15,96,4,2,2,4-2-2,2.67,Potential Loyalists
14508,United Kingdom,2011-09-11 11:29:00,2011-11-17 19:48:00,23,2,276.42,57,131,4,2,2,4-2-2,2.67,Potential Loyalists
12750,Poland,2011-08-03 09:13:00,2011-08-03 09:13:00,129,1,275.88,15,137,2,1,2,2-1-2,1.67,About To Sleep / Hibernating
14512,United Kingdom,2011-04-21 19:05:00,2011-06-05 12:39:00,188,2,275.28,23,122,1,2,2,1-2-2,1.67,Churned
16313,United Kingdom,2011-10-21 09:04:00,2011-12-06 13:02:00,4,2,274.15,16,165,5,2,2,5-2-2,3.0,Potential Loyalists
16727,United Kingdom,2010-12-10 13:48:00,2010-12-10 13:48:00,365,1,272.82,46,177,1,1,2,1-1-2,1.33,Churned
17254,United Kingdom,2011-11-24 14:09:00,2011-12-05 12:46:00,5,2,272.44,112,252,5,2,2,5-2-2,3.0,Potential Loyalists
17498,United Kingdom,2011-09-25 12:25:00,2011-09-25 12:25:00,76,1,272.22,17,394,2,1,2,2-1-2,1.67,About To Sleep / Hibernating
14819,United Kingdom,2011-05-31 13:50:00,2011-10-06 13:41:00,65,2,272.07,13,109,3,2,2,3-2-2,2.33,Need Attention
13917,United Kingdom,2011-06-01 12:46:00,2011-10-21 09:56:00,50,2,272.04,18,228,3,2,2,3-2-2,2.33,Need Attention
14816,United Kingdom,2011-05-26 13:16:00,2011-05-26 13:16:00,198,1,271.85,4,5,1,1,2,1-1-2,1.33,Churned
13058,United Kingdom,2011-07-11 12:01:00,2011-11-15 12:43:00,25,3,271.4,8,52,4,3,2,4-3-2,3.0,Loyal Customers
13837,United Kingdom,2011-01-26 12:15:00,2011-05-12 12:10:00,212,2,271.24,19,183,1,2,2,1-2-2,1.67,Churned
17767,United Kingdom,2011-11-24 14:42:00,2011-11-24 14:42:00,16,1,271.2,21,128,4,1,2,4-1-2,2.33,Potential Loyalists
17496,United Kingdom,2010-12-16 08:39:00,2010-12-16 08:39:00,359,1,271.05,10,79,1,1,2,1-1-2,1.33,Churned
18108,United Kingdom,2011-03-30 13:56:00,2011-03-30 13:56:00,255,1,271.0,17,84,1,1,2,1-1-2,1.33,Churned
17011,United Kingdom,2011-11-09 13:30:00,2011-11-09 13:30:00,31,1,270.9,15,186,4,1,2,4-1-2,2.33,Potential Loyalists
15774,United Kingdom,2011-10-02 12:04:00,2011-10-02 12:04:00,69,1,270.8,25,87,3,1,2,3-1-2,2.0,Promising
13533,United Kingdom,2011-03-17 12:47:00,2011-06-10 11:54:00,183,3,270.79,76,204,1,3,2,1-3-2,2.0,At-Risk
14520,United Kingdom,2011-02-22 09:15:00,2011-12-08 09:46:00,2,2,270.6,4,146,5,2,2,5-2-2,3.0,Potential Loyalists
13242,United Kingdom,2011-05-10 12:26:00,2011-08-19 12:53:00,113,3,270.4,13,130,2,3,2,2-3-2,2.33,At-Risk
12558,USA,2011-12-02 10:41:00,2011-12-02 10:41:00,8,1,269.96,11,196,5,1,2,5-1-2,2.67,Potential Loyalists
14727,United Kingdom,2011-03-10 14:45:00,2011-03-10 14:45:00,275,1,268.58,10,62,1,1,2,1-1-2,1.33,Churned
15408,United Kingdom,2011-03-20 15:02:00,2011-03-20 15:02:00,265,1,267.18,34,106,1,1,2,1-1-2,1.33,Churned
17550,United Kingdom,2011-04-10 15:19:00,2011-05-26 14:09:00,198,3,267.16,42,86,1,3,2,1-3-2,2.0,At-Risk
15320,United Kingdom,2011-10-26 13:27:00,2011-10-26 13:27:00,45,1,267.13,36,326,3,1,2,3-1-2,2.0,Promising
17708,United Kingdom,2011-01-19 10:09:00,2011-06-05 10:12:00,188,2,267.08,35,91,1,2,2,1-2-2,1.67,Churned
15517,United Kingdom,2011-04-20 14:02:00,2011-04-20 14:02:00,234,1,267.03,27,293,1,1,2,1-1-2,1.33,Churned
16451,United Kingdom,2011-09-13 09:17:00,2011-09-13 09:17:00,88,1,266.97,14,120,2,1,2,2-1-2,1.67,About To Sleep / Hibernating
14863,United Kingdom,2011-11-10 15:04:00,2011-11-10 15:04:00,30,1,266.76,11,132,4,1,2,4-1-2,2.33,Potential Loyalists
15119,United Kingdom,2011-04-08 09:08:00,2011-04-08 09:08:00,246,1,266.4,14,88,1,1,2,1-1-2,1.33,Churned
12962,United Kingdom,2011-08-18 13:38:00,2011-12-02 15:55:00,8,2,266.39,16,129,5,2,2,5-2-2,3.0,Potential Loyalists
15019,United Kingdom,2011-03-18 12:35:00,2011-03-18 12:35:00,267,1,266.0,70,159,1,1,2,1-1-2,1.33,Churned
14068,United Kingdom,2011-01-23 16:02:00,2011-01-23 16:02:00,321,1,265.85,24,73,1,1,2,1-1-2,1.33,Churned
17430,United Kingdom,2010-12-09 13:05:00,2011-11-07 09:24:00,33,2,265.76,14,190,3,2,2,3-2-2,2.33,Need Attention
14423,United Kingdom,2011-05-05 15:12:00,2011-05-05 15:12:00,219,1,265.2,3,120,1,1,2,1-1-2,1.33,Churned
13973,United Kingdom,2011-02-25 15:21:00,2011-02-25 15:21:00,288,1,264.7,11,109,1,1,2,1-1-2,1.33,Churned
15912,United Kingdom,2011-04-20 17:10:00,2011-06-14 14:29:00,179,2,264.62,19,185,2,2,2,2-2-2,2.0,About To Sleep / Hibernating
14452,United Kingdom,2011-09-07 11:32:00,2011-11-29 12:06:00,11,2,264.44,62,119,5,2,2,5-2-2,3.0,Potential Loyalists
15894,United Kingdom,2010-12-05 14:06:00,2011-03-31 13:50:00,254,2,263.55,41,168,1,2,2,1-2-2,1.67,Churned
12492,Germany,2011-08-26 14:51:00,2011-10-07 15:15:00,64,2,263.21,20,192,3,2,2,3-2-2,2.33,Need Attention
16936,United Kingdom,2011-11-14 11:04:00,2011-11-14 11:04:00,26,1,262.68,57,173,4,1,2,4-1-2,2.33,Potential Loyalists
17194,United Kingdom,2010-12-14 12:06:00,2011-03-11 12:05:00,274,2,262.62,29,119,1,2,2,1-2-2,1.67,Churned
16413,United Kingdom,2011-10-14 12:08:00,2011-10-14 12:08:00,57,1,262.2,31,148,3,1,2,3-1-2,2.0,Promising
17385,United Kingdom,2011-11-25 11:02:00,2011-11-25 11:02:00,15,1,261.11,47,201,4,1,2,4-1-2,2.33,Potential Loyalists
13189,United Kingdom,2011-08-16 13:12:00,2011-11-21 10:39:00,19,2,260.68,29,842,4,2,2,4-2-2,2.67,Potential Loyalists
14053,United Kingdom,2011-07-03 12:21:00,2011-08-07 14:27:00,125,2,260.25,4,215,2,2,2,2-2-2,2.0,About To Sleep / Hibernating
15014,United Kingdom,2011-06-16 19:40:00,2011-10-27 20:07:00,44,2,260.17,35,151,3,2,2,3-2-2,2.33,Need Attention
15143,United Kingdom,2011-04-28 12:03:00,2011-04-28 12:03:00,226,1,259.45,14,150,1,1,2,1-1-2,1.33,Churned
17125,United Kingdom,2011-10-20 14:41:00,2011-10-20 14:41:00,51,1,259.35,40,291,3,1,2,3-1-2,2.0,Promising
13127,United Kingdom,2011-09-23 10:26:00,2011-09-23 10:26:00,78,1,259.17,15,127,2,1,2,2-1-2,1.67,About To Sleep / Hibernating
16447,United Kingdom,2011-07-27 12:45:00,2011-07-27 12:45:00,136,1,259.01,36,223,2,1,2,2-1-2,1.67,About To Sleep / Hibernating
15577,United Kingdom,2011-02-07 13:32:00,2011-07-11 17:03:00,152,3,258.88,39,89,2,3,2,2-3-2,2.33,At-Risk
13277,United Kingdom,2011-07-29 10:06:00,2011-11-24 09:21:00,16,4,258.4,8,176,4,4,2,4-4-2,3.33,Champions
13227,United Kingdom,2011-05-22 11:47:00,2011-05-22 11:47:00,202,1,257.7,9,99,1,1,2,1-1-2,1.33,Churned
14375,United Kingdom,2011-06-07 13:44:00,2011-06-07 13:44:00,186,1,257.68,75,194,1,1,2,1-1-2,1.33,Churned
18009,United Kingdom,2011-04-18 13:36:00,2011-04-18 13:36:00,236,1,257.34,32,126,1,1,2,1-1-2,1.33,Churned
13626,United Kingdom,2011-04-01 10:05:00,2011-04-01 10:05:00,253,1,257.23,19,209,1,1,2,1-1-2,1.33,Churned
16048,United Kingdom,2010-12-01 15:27:00,2010-12-01 15:28:00,374,2,256.44,8,144,1,2,2,1-2-2,1.67,Churned
12430,Norway,2011-10-27 15:09:00,2011-10-27 15:09:00,44,1,256.4,11,117,3,1,2,3-1-2,2.0,Promising
13806,United Kingdom,2011-10-07 11:43:00,2011-10-07 11:43:00,64,1,256.38,10,56,3,1,2,3-1-2,2.0,Promising
17896,United Kingdom,2011-11-16 13:59:00,2011-11-16 13:59:00,24,1,256.32,2,288,4,1,2,4-1-2,2.33,Potential Loyalists
14761,United Kingdom,2011-01-09 12:03:00,2011-10-12 12:10:00,59,2,255.9,11,118,3,2,2,3-2-2,2.33,Need Attention
15277,United Kingdom,2011-10-24 10:08:00,2011-10-24 10:08:00,47,1,255.9,12,205,3,1,2,3-1-2,2.0,Promising
14881,United Kingdom,2011-11-20 11:06:00,2011-11-20 11:06:00,20,1,255.4,17,316,4,1,2,4-1-2,2.33,Potential Loyalists
16226,United Kingdom,2011-04-18 12:58:00,2011-05-20 14:41:00,204,3,255.12,8,192,1,3,2,1-3-2,2.0,At-Risk
15261,United Kingdom,2011-07-27 15:20:00,2011-07-27 15:20:00,136,1,254.82,19,270,2,1,2,2-1-2,1.67,About To Sleep / Hibernating
12604,France,2011-03-23 12:06:00,2011-09-21 14:08:00,80,2,254.18,16,201,2,2,2,2-2-2,2.0,About To Sleep / Hibernating
14765,United Kingdom,2011-06-16 19:49:00,2011-11-10 19:53:00,30,3,254.11,39,135,4,3,2,4-3-2,3.0,Loyal Customers
15689,United Kingdom,2010-12-13 09:57:00,2011-08-12 09:37:00,120,2,254.1,9,84,2,2,2,2-2-2,2.0,About To Sleep / Hibernating
12797,Portugal,2010-12-09 10:55:00,2010-12-09 10:55:00,366,1,254.03,13,118,1,1,2,1-1-2,1.33,Churned
15759,United Kingdom,2010-12-16 15:29:00,2011-05-05 15:13:00,219,3,253.04,7,60,1,3,2,1-3-2,2.0,At-Risk
17860,United Kingdom,2010-12-06 12:41:00,2010-12-06 12:41:00,369,1,252.8,58,104,1,1,2,1-1-2,1.33,Churned
15035,United Kingdom,2011-09-11 11:08:00,2011-09-11 11:08:00,90,1,252.73,27,245,2,1,2,2-1-2,1.67,About To Sleep / Hibernating
13404,United Kingdom,2011-05-11 11:57:00,2011-12-08 15:37:00,2,2,252.49,11,111,5,2,2,5-2-2,3.0,Potential Loyalists
15346,United Kingdom,2011-01-11 11:18:00,2011-01-11 11:18:00,333,1,252.42,17,144,1,1,2,1-1-2,1.33,Churned
13645,United Kingdom,2011-08-11 16:11:00,2011-08-11 16:11:00,121,1,252.1,5,158,2,1,2,2-1-2,1.67,About To Sleep / Hibernating
13711,United Kingdom,2011-05-05 10:29:00,2011-05-05 10:31:00,219,2,252.06,13,140,1,2,2,1-2-2,1.67,Churned
16330,United Kingdom,2011-08-19 17:08:00,2011-11-22 12:24:00,18,3,251.91,39,147,4,3,2,4-3-2,3.0,Loyal Customers
16836,United Kingdom,2011-08-15 12:38:00,2011-10-31 10:05:00,40,2,251.87,11,165,3,2,2,3-2-2,2.33,Need Attention
17155,United Kingdom,2011-06-15 10:22:00,2011-11-22 12:38:00,18,2,251.7,20,242,4,2,2,4-2-2,2.67,Potential Loyalists
16976,United Kingdom,2011-03-17 16:33:00,2011-03-17 16:33:00,268,1,251.52,2,88,1,1,2,1-1-2,1.33,Churned
16024,United Kingdom,2011-11-27 13:26:00,2011-11-27 13:26:00,13,1,251.24,64,398,5,1,2,5-1-2,2.67,Potential Loyalists
13512,United Kingdom,2011-03-24 10:03:00,2011-03-24 10:03:00,261,1,251.21,15,143,1,1,2,1-1-2,1.33,Churned
14501,United Kingdom,2011-01-24 10:43:00,2011-06-09 12:02:00,184,2,251.21,10,161,1,2,2,1-2-2,1.67,Churned
13207,United Kingdom,2011-07-12 11:35:00,2011-11-24 14:52:00,16,2,250.26,8,130,4,2,2,4-2-2,2.67,Potential Loyalists
16596,United Kingdom,2010-12-08 16:18:00,2011-11-24 10:02:00,16,2,250.15,12,97,4,2,1,4-2-1,2.33,Potential Loyalists
17303,United Kingdom,2010-12-13 13:32:00,2010-12-13 13:32:00,362,1,250.04,53,144,1,1,1,1-1-1,1.0,Churned
15510,United Kingdom,2011-01-13 12:10:00,2011-01-13 12:10:00,331,1,250.0,1,2,1,1,1,1-1-1,1.0,Churned
17456,United Kingdom,2010-12-09 15:23:00,2010-12-09 15:23:00,366,1,249.86,17,222,1,1,1,1-1-1,1.0,Churned
18005,United Kingdom,2011-10-23 14:40:00,2011-12-06 11:51:00,4,2,249.72,60,93,5,2,1,5-2-1,2.67,Potential Loyalists
16124,United Kingdom,2011-01-26 14:45:00,2011-01-26 14:45:00,318,1,249.0,11,48,1,1,1,1-1-1,1.0,Churned
13061,United Kingdom,2011-09-28 16:04:00,2011-09-28 16:04:00,73,1,248.61,10,107,2,1,1,2-1-1,1.33,About To Sleep / Hibernating
17111,United Kingdom,2011-10-23 15:59:00,2011-10-23 15:59:00,48,1,248.61,30,302,3,1,1,3-1-1,1.67,Promising
18212,United Kingdom,2011-01-17 16:14:00,2011-01-17 16:14:00,327,1,248.42,43,101,1,1,1,1-1-1,1.0,Churned
16510,United Kingdom,2010-12-02 13:39:00,2010-12-02 13:39:00,373,1,248.1,13,92,1,1,1,1-1-1,1.0,Churned
15097,United Kingdom,2011-12-05 14:03:00,2011-12-05 14:03:00,5,1,248.08,25,170,5,1,1,5-1-1,2.33,Potential Loyalists
13592,United Kingdom,2011-03-20 14:01:00,2011-11-04 09:49:00,36,4,247.96,16,84,3,4,1,3-4-1,2.67,Loyal Customers
18072,United Kingdom,2011-06-07 10:44:00,2011-06-07 10:44:00,186,1,247.44,18,288,1,1,1,1-1-1,1.0,Churned
13349,United Kingdom,2011-11-29 08:07:00,2011-11-29 08:07:00,11,1,247.32,16,225,5,1,1,5-1-1,2.33,Potential Loyalists
14658,United Kingdom,2011-08-14 15:42:00,2011-12-04 15:35:00,6,2,247.15,29,47,5,2,1,5-2-1,2.67,Potential Loyalists
17051,United Kingdom,2011-05-29 14:13:00,2011-05-29 14:13:00,195,1,247.14,43,184,1,1,1,1-1-1,1.0,Churned
15783,United Kingdom,2011-11-29 09:50:00,2011-11-29 09:50:00,11,1,246.3,14,212,5,1,1,5-1-1,2.33,Potential Loyalists
17278,United Kingdom,2011-04-12 13:10:00,2011-04-12 13:10:00,242,1,246.04,15,179,1,1,1,1-1-1,1.0,Churned
16778,United Kingdom,2011-03-10 15:21:00,2011-09-26 13:48:00,75,2,245.94,16,194,2,2,1,2-2-1,1.67,About To Sleep / Hibernating
17771,United Kingdom,2011-01-20 14:13:00,2011-10-14 11:43:00,57,2,245.81,54,287,3,2,1,3-2-1,2.0,Need Attention
12660,France,2011-11-28 13:26:00,2011-11-28 13:26:00,12,1,245.1,13,127,5,1,1,5-1-1,2.33,Potential Loyalists
15118,United Kingdom,2011-07-28 14:54:00,2011-07-28 14:54:00,135,1,244.8,1,1440,2,1,1,2-1-1,1.33,About To Sleep / Hibernating
16601,United Kingdom,2011-10-30 11:09:00,2011-10-30 11:09:00,41,1,244.8,31,134,3,1,1,3-1-1,1.67,Promising
16528,United Kingdom,2011-12-06 12:45:00,2011-12-06 12:45:00,4,1,244.41,17,171,5,1,1,5-1-1,2.33,Potential Loyalists
17892,United Kingdom,2011-07-07 12:56:00,2011-10-14 16:49:00,57,3,244.1,28,109,3,3,1,3-3-1,2.33,Loyal Customers
17925,United Kingdom,2010-12-02 10:10:00,2010-12-02 10:10:00,373,1,244.08,1,72,1,1,1,1-1-1,1.0,Churned
13103,United Kingdom,2011-10-31 09:38:00,2011-10-31 09:38:00,40,1,243.94,8,82,3,1,1,3-1-1,1.67,Promising
16793,United Kingdom,2011-10-13 15:08:00,2011-10-13 15:08:00,58,1,243.84,16,146,3,1,1,3-1-1,1.67,Promising
18193,United Kingdom,2011-06-27 13:58:00,2011-06-27 13:58:00,166,1,243.76,16,124,2,1,1,2-1-1,1.33,About To Sleep / Hibernating
13886,United Kingdom,2011-09-29 13:17:00,2011-09-29 13:17:00,72,1,243.56,16,126,2,1,1,2-1-1,1.33,About To Sleep / Hibernating
15634,United Kingdom,2011-11-22 16:28:00,2011-11-22 16:28:00,18,1,243.55,15,99,4,1,1,4-1-1,2.0,Potential Loyalists
17339,United Kingdom,2010-12-09 14:44:00,2011-09-06 13:29:00,95,2,243.36,9,152,2,2,1,2-2-1,1.67,About To Sleep / Hibernating
17908,United Kingdom,2010-12-01 11:45:00,2010-12-01 11:45:00,374,1,243.28,58,173,1,1,1,1-1-1,1.0,Churned
14647,United Kingdom,2011-05-22 13:40:00,2011-05-22 13:40:00,202,1,243.22,30,95,1,1,1,1-1-1,1.0,Churned
16215,United Kingdom,2011-09-20 10:18:00,2011-09-20 10:18:00,81,1,242.35,14,104,2,1,1,2-1-1,1.33,About To Sleep / Hibernating
15776,United Kingdom,2011-07-29 13:46:00,2011-07-29 13:46:00,134,1,241.62,18,138,2,1,1,2-1-1,1.33,About To Sleep / Hibernating
14523,United Kingdom,2011-08-23 13:13:00,2011-08-23 13:13:00,109,1,241.09,12,251,2,1,1,2-1-1,1.33,About To Sleep / Hibernating
16427,United Kingdom,2011-02-28 15:18:00,2011-03-21 17:10:00,264,2,241.06,9,156,1,2,1,1-2-1,1.33,Churned
15598,United Kingdom,2011-10-17 16:04:00,2011-10-17 16:04:00,54,1,240.68,14,160,3,1,1,3-1-1,1.67,Promising
15286,United Kingdom,2011-10-21 11:08:00,2011-10-21 11:08:00,50,1,240.55,3,55,3,1,1,3-1-1,1.67,Promising
13565,United Kingdom,2011-01-09 14:28:00,2011-11-20 14:33:00,20,2,240.22,38,172,4,2,1,4-2-1,2.33,Potential Loyalists
17256,United Kingdom,2011-01-31 14:53:00,2011-08-24 13:30:00,108,2,240.0,16,141,2,2,1,2-2-1,1.67,About To Sleep / Hibernating
17181,United Kingdom,2010-12-01 12:38:00,2011-10-13 14:48:00,58,2,239.92,23,241,3,2,1,3-2-1,2.0,Need Attention
15690,United Kingdom,2011-08-31 11:40:00,2011-12-05 15:59:00,5,2,239.76,19,408,5,2,1,5-2-1,2.67,Potential Loyalists
13570,United Kingdom,2011-04-10 13:36:00,2011-04-10 13:36:00,244,1,239.49,27,161,1,1,1,1-1-1,1.0,Churned
17684,United Kingdom,2011-10-27 11:10:00,2011-10-27 11:10:00,44,1,239.41,15,145,3,1,1,3-1-1,1.67,Promising
16756,United Kingdom,2011-05-09 09:33:00,2011-05-09 09:33:00,215,1,239.4,13,106,1,1,1,1-1-1,1.0,Churned
12561,Germany,2011-02-10 11:39:00,2011-02-10 11:39:00,303,1,238.85,16,177,1,1,1,1-1-1,1.0,Churned
15850,United Kingdom,2011-06-24 14:16:00,2011-11-20 14:14:00,20,2,238.85,97,302,4,2,1,4-2-1,2.33,Potential Loyalists
12718,France,2011-09-29 16:38:00,2011-09-29 16:38:00,72,1,238.25,19,203,2,1,1,2-1-1,1.33,About To Sleep / Hibernating
17877,United Kingdom,2011-06-22 13:00:00,2011-06-22 13:00:00,171,1,237.61,12,98,2,1,1,2-1-1,1.33,About To Sleep / Hibernating
14586,United Kingdom,2011-03-08 10:04:00,2011-03-08 10:04:00,277,1,237.36,19,444,1,1,1,1-1-1,1.0,Churned
15457,United Kingdom,2011-03-22 15:31:00,2011-03-22 15:31:00,263,1,237.07,58,132,1,1,1,1-1-1,1.0,Churned
18110,United Kingdom,2011-11-20 12:34:00,2011-11-20 12:34:00,20,1,236.3,46,86,4,1,1,4-1-1,2.0,Potential Loyalists
12732,France,2011-06-13 11:33:00,2011-06-13 11:33:00,180,1,236.26,12,111,1,1,1,1-1-1,1.0,Churned
16026,United Kingdom,2011-10-27 13:53:00,2011-10-27 13:53:00,44,1,236.09,32,243,3,1,1,3-1-1,1.67,Promising
13187,United Kingdom,2011-01-06 18:57:00,2011-01-06 18:57:00,338,1,236.02,37,95,1,1,1,1-1-1,1.0,Churned
15462,United Kingdom,2011-06-05 15:36:00,2011-09-06 13:11:00,95,3,234.6,11,172,2,3,1,2-3-1,2.0,At-Risk
14473,United Kingdom,2011-03-02 13:56:00,2011-09-26 15:10:00,75,2,234.34,7,88,2,2,1,2-2-1,1.67,About To Sleep / Hibernating
17060,United Kingdom,2011-03-18 13:27:00,2011-03-18 13:27:00,267,1,234.24,5,216,1,1,1,1-1-1,1.0,Churned
16961,United Kingdom,2011-08-15 13:46:00,2011-08-15 13:46:00,117,1,234.17,14,125,2,1,1,2-1-1,1.33,About To Sleep / Hibernating
12736,France,2011-01-11 07:57:00,2011-01-11 07:57:00,333,1,234.0,4,173,1,1,1,1-1-1,1.0,Churned
15483,United Kingdom,2011-03-18 12:26:00,2011-07-01 13:07:00,162,4,233.81,88,295,2,4,1,2-4-1,2.33,At-Risk
13348,United Kingdom,2011-10-06 17:28:00,2011-10-06 17:28:00,65,1,233.76,14,136,3,1,1,3-1-1,1.67,Promising
16583,United Kingdom,2010-12-01 12:03:00,2010-12-01 12:03:00,374,1,233.45,14,111,1,1,1,1-1-1,1.0,Churned
14995,United Kingdom,2011-03-04 13:14:00,2011-11-01 11:39:00,39,2,233.23,61,103,3,2,1,3-2-1,2.0,Need Attention
16302,United Kingdom,2011-08-05 09:44:00,2011-08-05 09:44:00,127,1,233.22,11,158,2,1,1,2-1-1,1.33,About To Sleep / Hibernating
13678,United Kingdom,2011-07-11 10:14:00,2011-07-11 10:14:00,152,1,232.6,16,924,2,1,1,2-1-1,1.33,About To Sleep / Hibernating
18213,United Kingdom,2011-04-17 10:21:00,2011-04-17 10:21:00,237,1,232.48,15,232,1,1,1,1-1-1,1.0,Churned
16117,United Kingdom,2011-06-03 11:42:00,2011-06-03 11:42:00,190,1,232.21,30,130,1,1,1,1-1-1,1.0,Churned
15393,United Kingdom,2011-03-03 16:58:00,2011-11-23 16:48:00,17,2,231.86,12,150,4,2,1,4-2-1,2.33,Potential Loyalists
16641,United Kingdom,2011-08-26 12:49:00,2011-08-26 12:49:00,106,1,231.1,12,256,2,1,1,2-1-1,1.33,About To Sleep / Hibernating
18030,United Kingdom,2011-10-28 13:55:00,2011-12-05 16:37:00,5,2,230.65,9,67,5,2,1,5-2-1,2.67,Potential Loyalists
15866,United Kingdom,2011-08-30 14:09:00,2011-08-30 14:09:00,102,1,230.53,45,126,2,1,1,2-1-1,1.33,About To Sleep / Hibernating
16445,United Kingdom,2011-11-06 12:32:00,2011-11-06 12:32:00,34,1,230.51,63,111,3,1,1,3-1-1,1.67,Promising
13786,United Kingdom,2010-12-07 13:53:00,2010-12-07 13:53:00,368,1,230.4,7,136,1,1,1,1-1-1,1.0,Churned
16926,United Kingdom,2010-12-03 13:42:00,2010-12-03 13:42:00,372,1,230.25,14,35,1,1,1,1-1-1,1.0,Churned
13960,United Kingdom,2011-09-29 12:39:00,2011-11-18 15:27:00,22,2,230.22,12,142,4,2,1,4-2-1,2.33,Potential Loyalists
12812,Japan,2011-10-26 09:54:00,2011-10-26 09:54:00,45,1,229.64,15,164,3,1,1,3-1-1,1.67,Promising
13474,United Kingdom,2011-04-17 13:53:00,2011-04-17 13:53:00,237,1,229.59,64,132,1,1,1,1-1-1,1.0,Churned
13008,United Kingdom,2011-01-20 14:24:00,2011-01-20 14:24:00,324,1,229.47,14,175,1,1,1,1-1-1,1.0,Churned
15528,United Kingdom,2011-03-30 16:14:00,2011-03-30 16:14:00,255,1,229.33,26,123,1,1,1,1-1-1,1.0,Churned
14793,United Kingdom,2011-11-18 14:50:00,2011-11-18 14:50:00,22,1,228.99,14,91,4,1,1,4-1-1,2.0,Potential Loyalists
17347,United Kingdom,2011-09-14 13:12:00,2011-09-14 13:12:00,87,1,228.96,1,216,2,1,1,2-1-1,1.33,About To Sleep / Hibernating
13146,United Kingdom,2011-11-13 15:29:00,2011-11-13 15:29:00,27,1,228.91,17,154,4,1,1,4-1-1,2.0,Potential Loyalists
13712,United Kingdom,2011-04-07 12:33:00,2011-04-07 12:33:00,247,1,228.84,10,352,1,1,1,1-1-1,1.0,Churned
13070,United Kingdom,2011-05-31 13:45:00,2011-05-31 13:45:00,193,1,228.8,9,110,1,1,1,1-1-1,1.0,Churned
17969,United Kingdom,2010-12-13 15:34:00,2011-06-26 13:00:00,167,2,228.2,14,152,2,2,1,2-2-1,1.67,About To Sleep / Hibernating
16527,United Kingdom,2011-09-19 16:21:00,2011-09-19 16:21:00,82,1,228.06,14,106,2,1,1,2-1-1,1.33,About To Sleep / Hibernating
14569,United Kingdom,2011-12-08 14:58:00,2011-12-08 14:58:00,2,1,227.39,12,79,5,1,1,5-1-1,2.33,Potential Loyalists
17212,United Kingdom,2011-03-31 19:42:00,2011-03-31 19:42:00,254,1,226.85,4,147,1,1,1,1-1-1,1.0,Churned
17572,United Kingdom,2010-12-01 12:51:00,2011-09-29 17:53:00,72,4,226.75,12,95,3,4,1,3-4-1,2.67,Loyal Customers
16315,United Kingdom,2011-01-13 11:57:00,2011-01-13 11:57:00,331,1,226.37,14,75,1,1,1,1-1-1,1.0,Churned
16777,United Kingdom,2011-03-27 14:34:00,2011-09-20 13:41:00,81,2,226.35,50,64,2,2,1,2-2-1,1.67,About To Sleep / Hibernating
16619,United Kingdom,2011-03-21 08:18:00,2011-03-21 08:18:00,264,1,226.21,14,133,1,1,1,1-1-1,1.0,Churned
12672,France,2011-01-14 09:20:00,2011-01-14 09:20:00,330,1,225.9,10,78,1,1,1,1-1-1,1.0,Churned
17789,United Kingdom,2011-03-03 13:14:00,2011-03-03 13:14:00,282,1,225.9,14,74,1,1,1,1-1-1,1.0,Churned
14624,United Kingdom,2011-10-11 14:39:00,2011-10-13 13:44:00,58,2,225.85,13,162,3,2,1,3-2-1,2.0,Need Attention
14357,United Kingdom,2011-10-27 16:23:00,2011-10-27 16:23:00,44,1,225.77,41,148,3,1,1,3-1-1,1.67,Promising
12402,Belgium,2011-01-20 13:49:00,2011-01-20 13:49:00,324,1,225.6,11,94,1,1,1,1-1-1,1.0,Churned
16690,United Kingdom,2011-05-22 10:53:00,2011-09-28 15:02:00,73,2,225.58,12,138,2,2,1,2-2-1,1.67,About To Sleep / Hibernating
14052,United Kingdom,2011-11-20 12:30:00,2011-11-20 12:30:00,20,1,225.36,56,89,4,1,1,4-1-1,2.0,Potential Loyalists
16587,United Kingdom,2011-04-21 15:51:00,2011-04-21 15:51:00,233,1,225.15,13,71,1,1,1,1-1-1,1.0,Churned
17171,United Kingdom,2011-02-23 16:37:00,2011-02-23 16:37:00,290,1,224.91,16,185,1,1,1,1-1-1,1.0,Churned
15175,United Kingdom,2011-09-29 11:31:00,2011-09-29 11:31:00,72,1,224.14,23,454,2,1,1,2-1-1,1.33,About To Sleep / Hibernating
16471,United Kingdom,2011-03-10 09:41:00,2011-03-10 09:41:00,275,1,223.95,13,141,1,1,1,1-1-1,1.0,Churned
16753,United Kingdom,2011-10-12 13:14:00,2011-10-12 13:14:00,59,1,223.92,34,189,3,1,1,3-1-1,1.67,Promising
14929,United Kingdom,2011-11-07 17:21:00,2011-11-07 17:21:00,33,1,223.88,11,136,3,1,1,3-1-1,1.67,Promising
13926,United Kingdom,2011-11-16 13:16:00,2011-11-16 13:16:00,24,1,223.85,11,104,4,1,1,4-1-1,2.0,Potential Loyalists
18101,United Kingdom,2011-07-19 13:05:00,2011-11-28 13:37:00,12,2,223.65,41,88,5,2,1,5-2-1,2.67,Potential Loyalists
17534,United Kingdom,2011-10-17 12:47:00,2011-10-17 12:47:00,54,1,223.36,9,103,3,1,1,3-1-1,1.67,Promising
15637,United Kingdom,2011-10-18 08:28:00,2011-10-18 08:28:00,53,1,223.36,15,128,3,1,1,3-1-1,1.67,Promising
13382,United Kingdom,2011-03-04 10:03:00,2011-03-04 10:03:00,281,1,222.99,15,131,1,1,1,1-1-1,1.0,Churned
15897,United Kingdom,2011-05-29 13:32:00,2011-05-29 13:50:00,195,2,222.05,24,261,1,2,1,1-2-1,1.33,Churned
14598,United Kingdom,2011-10-26 13:19:00,2011-10-26 13:19:00,45,1,221.97,50,189,3,1,1,3-1-1,1.67,Promising
14960,United Kingdom,2011-06-21 13:38:00,2011-12-01 12:54:00,9,2,221.27,27,221,5,2,1,5-2-1,2.67,Potential Loyalists
16392,United Kingdom,2011-03-15 12:11:00,2011-03-15 12:11:00,270,1,221.19,45,203,1,1,1,1-1-1,1.0,Churned
13419,United Kingdom,2011-10-07 12:49:00,2011-10-07 12:49:00,64,1,221.06,16,275,3,1,1,3-1-1,1.67,Promising
15790,United Kingdom,2011-11-29 14:53:00,2011-11-29 14:53:00,11,1,220.85,35,114,5,1,1,5-1-1,2.33,Potential Loyalists
16482,United Kingdom,2011-11-24 12:33:00,2011-11-24 12:33:00,16,1,220.62,18,346,4,1,1,4-1-1,2.0,Potential Loyalists
18114,United Kingdom,2011-02-22 13:20:00,2011-02-22 13:20:00,291,1,220.1,28,55,1,1,1,1-1-1,1.0,Churned
13079,United Kingdom,2011-07-22 14:41:00,2011-12-05 16:53:00,5,5,220.1,6,62,5,4,1,5-4-1,3.33,Champions
13600,United Kingdom,2011-01-31 15:27:00,2011-01-31 15:27:00,313,1,219.52,19,324,1,1,1,1-1-1,1.0,Churned
15096,United Kingdom,2011-10-28 10:27:00,2011-10-28 10:27:00,43,1,219.39,11,120,3,1,1,3-1-1,1.67,Promising
16895,United Kingdom,2011-10-06 12:15:00,2011-10-06 12:15:00,65,1,219.14,69,102,3,1,1,3-1-1,1.67,Promising
12702,Germany,2011-11-20 10:36:00,2011-11-20 10:36:00,20,1,219.0,12,53,4,1,1,4-1-1,2.0,Potential Loyalists
13669,United Kingdom,2011-07-13 11:44:00,2011-10-20 09:32:00,51,2,218.55,9,237,3,2,1,3-2-1,2.0,Need Attention
17619,United Kingdom,2011-01-31 14:18:00,2011-01-31 14:18:00,313,1,218.52,77,127,1,1,1,1-1-1,1.0,Churned
13428,United Kingdom,2011-11-29 14:20:00,2011-11-29 14:20:00,11,1,218.47,74,156,5,1,1,5-1-1,2.33,Potential Loyalists
12574,France,2011-01-28 09:20:00,2011-01-28 09:20:00,316,1,218.45,11,61,1,1,1,1-1-1,1.0,Churned
15724,United Kingdom,2011-02-28 10:40:00,2011-05-22 14:40:00,202,2,218.25,11,73,1,2,1,1-2-1,1.33,Churned
14570,United Kingdom,2011-03-04 10:39:00,2011-03-04 10:58:00,281,2,218.06,29,95,1,2,1,1-2-1,1.33,Churned
16634,United Kingdom,2010-12-02 17:41:00,2011-05-01 12:09:00,223,2,217.9,9,82,1,2,1,1-2-1,1.33,Churned
13271,United Kingdom,2011-11-02 14:31:00,2011-11-02 14:31:00,38,1,217.38,96,253,3,1,1,3-1-1,1.67,Promising
15554,United Kingdom,2011-03-07 09:00:00,2011-03-07 09:00:00,278,1,217.2,14,74,1,1,1,1-1-1,1.0,Churned
16080,United Kingdom,2011-03-10 14:44:00,2011-09-19 10:42:00,82,2,217.16,10,128,2,2,1,2-2-1,1.67,About To Sleep / Hibernating
13739,United Kingdom,2011-11-21 13:35:00,2011-11-21 13:35:00,19,1,216.9,3,54,4,1,1,4-1-1,2.0,Potential Loyalists
13503,United Kingdom,2011-09-29 13:23:00,2011-09-29 13:23:00,72,1,216.85,17,248,2,1,1,2-1-1,1.33,About To Sleep / Hibernating
15460,United Kingdom,2010-12-20 16:08:00,2010-12-20 16:08:00,355,1,216.76,58,109,1,1,1,1-1-1,1.0,Churned
12897,United Kingdom,2011-02-11 11:40:00,2011-05-19 12:13:00,205,2,216.5,4,110,1,2,1,1-2-1,1.33,Churned
15604,United Kingdom,2011-10-18 14:47:00,2011-10-18 14:47:00,53,1,216.39,17,159,3,1,1,3-1-1,1.67,Promising
17436,United Kingdom,2011-04-27 11:33:00,2011-12-08 12:30:00,2,2,216.3,9,90,5,2,1,5-2-1,2.67,Potential Loyalists
14104,United Kingdom,2011-06-27 12:49:00,2011-07-08 12:50:00,155,2,216.21,21,72,2,2,1,2-2-1,1.67,About To Sleep / Hibernating
13858,United Kingdom,2011-10-13 16:17:00,2011-10-13 16:17:00,58,1,216.17,11,75,3,1,1,3-1-1,1.67,Promising
16179,United Kingdom,2011-10-10 09:41:00,2011-10-10 09:41:00,61,1,215.83,11,99,3,1,1,3-1-1,1.67,Promising
15052,United Kingdom,2011-01-24 15:52:00,2011-01-24 15:52:00,320,1,215.78,30,82,1,1,1,1-1-1,1.0,Churned
17580,United Kingdom,2010-12-16 15:27:00,2011-04-01 12:41:00,253,3,215.72,45,88,1,3,1,1-3-1,1.67,At-Risk
14476,United Kingdom,2011-03-27 15:39:00,2011-03-27 15:39:00,258,1,215.7,19,132,1,1,1,1-1-1,1.0,Churned
16189,United Kingdom,2011-09-15 15:21:00,2011-11-24 11:47:00,16,2,215.48,11,134,4,2,1,4-2-1,2.33,Potential Loyalists
16190,United Kingdom,2011-10-30 15:59:00,2011-10-30 15:59:00,41,1,215.08,6,88,3,1,1,3-1-1,1.67,Promising
16519,United Kingdom,2010-12-09 14:08:00,2011-11-14 15:41:00,26,2,215.08,13,54,4,2,1,4-2-1,2.33,Potential Loyalists
12831,United Kingdom,2011-03-22 13:02:00,2011-03-22 13:02:00,263,1,215.05,9,135,1,1,1,1-1-1,1.0,Churned
12588,Finland,2011-10-31 15:01:00,2011-10-31 15:01:00,40,1,214.9,10,53,3,1,1,3-1-1,1.67,Promising
16338,United Kingdom,2011-07-05 13:56:00,2011-07-05 13:56:00,158,1,214.8,11,94,2,1,1,2-1-1,1.33,About To Sleep / Hibernating
16411,United Kingdom,2010-12-05 13:26:00,2011-11-20 13:23:00,20,2,214.65,45,132,4,2,1,4-2-1,2.33,Potential Loyalists
16846,United Kingdom,2011-10-20 13:55:00,2011-10-20 13:55:00,51,1,214.32,11,135,3,1,1,3-1-1,1.67,Promising
16647,United Kingdom,2011-05-19 09:31:00,2011-06-23 11:47:00,170,2,214.06,14,146,2,2,1,2-2-1,1.67,About To Sleep / Hibernating
14601,United Kingdom,2011-11-29 09:48:00,2011-11-29 09:48:00,11,1,213.96,7,168,5,1,1,5-1-1,2.33,Potential Loyalists
13621,United Kingdom,2011-08-15 08:26:00,2011-08-15 08:26:00,117,1,213.85,19,343,2,1,1,2-1-1,1.33,About To Sleep / Hibernating
17153,United Kingdom,2011-11-15 13:42:00,2011-11-15 13:42:00,25,1,213.78,14,104,4,1,1,4-1-1,2.0,Potential Loyalists
14241,United Kingdom,2011-06-09 11:46:00,2011-06-09 11:46:00,184,1,213.7,10,146,1,1,1,1-1-1,1.0,Churned
13411,United Kingdom,2011-08-24 13:57:00,2011-08-24 13:57:00,108,1,213.55,18,72,2,1,1,2-1-1,1.33,About To Sleep / Hibernating
16591,United Kingdom,2011-10-02 10:43:00,2011-10-02 10:43:00,69,1,213.5,10,41,3,1,1,3-1-1,1.67,Promising
15540,United Kingdom,2011-11-28 13:51:00,2011-11-28 13:51:00,12,1,213.3,15,200,5,1,1,5-1-1,2.33,Potential Loyalists
14984,United Kingdom,2011-06-12 11:04:00,2011-11-20 14:28:00,20,2,213.27,41,60,4,2,1,4-2-1,2.33,Potential Loyalists
17928,United Kingdom,2011-04-07 18:03:00,2011-10-25 13:52:00,46,2,212.54,23,140,3,2,1,3-2-1,2.0,Need Attention
16017,United Kingdom,2011-10-23 12:56:00,2011-10-23 12:56:00,48,1,211.88,32,102,3,1,1,3-1-1,1.67,Promising
16356,United Kingdom,2011-03-07 12:31:00,2011-05-26 11:51:00,198,3,211.77,31,93,1,3,1,1-3-1,1.67,At-Risk
15703,United Kingdom,2011-03-20 10:51:00,2011-03-20 10:51:00,265,1,211.5,5,66,1,1,1,1-1-1,1.0,Churned
12995,United Kingdom,2011-09-15 15:44:00,2011-09-15 15:44:00,86,1,211.32,3,108,2,1,1,2-1-1,1.33,About To Sleep / Hibernating
16415,United Kingdom,2011-10-26 13:35:00,2011-10-26 13:35:00,45,1,210.35,54,187,3,1,1,3-1-1,1.67,Promising
13532,United Kingdom,2011-11-06 12:25:00,2011-11-06 12:25:00,34,1,210.31,66,129,3,1,1,3-1-1,1.67,Promising
13828,United Kingdom,2011-11-17 16:02:00,2011-11-17 16:02:00,23,1,209.49,15,311,4,1,1,4-1-1,2.0,Potential Loyalists
17855,United Kingdom,2010-12-02 09:44:00,2010-12-02 09:44:00,373,1,208.97,17,197,1,1,1,1-1-1,1.0,Churned
15327,United Kingdom,2011-10-18 11:55:00,2011-10-18 11:55:00,53,1,208.75,10,116,3,1,1,3-1-1,1.67,Promising
17514,United Kingdom,2011-08-03 15:45:00,2011-08-03 15:45:00,129,1,208.65,40,135,2,1,1,2-1-1,1.33,About To Sleep / Hibernating
16914,United Kingdom,2011-11-03 15:27:00,2011-11-03 15:27:00,37,1,208.46,38,121,3,1,1,3-1-1,1.67,Promising
16457,United Kingdom,2011-05-05 13:19:00,2011-05-05 13:19:00,219,1,208.36,9,140,1,1,1,1-1-1,1.0,Churned
18191,United Kingdom,2011-03-23 12:08:00,2011-03-23 12:08:00,262,1,207.8,7,140,1,1,1,1-1-1,1.0,Churned
12547,Spain,2011-03-04 12:46:00,2011-05-26 12:38:00,198,2,207.8,8,134,1,2,1,1-2-1,1.33,Churned
16866,United Kingdom,2011-07-01 12:34:00,2011-07-22 10:06:00,141,3,207.74,11,60,2,3,1,2-3-1,2.0,At-Risk
16752,United Kingdom,2010-12-02 12:18:00,2010-12-02 12:18:00,373,1,207.5,9,54,1,1,1,1-1-1,1.0,Churned
17923,United Kingdom,2011-03-02 15:15:00,2011-03-02 15:15:00,283,1,207.5,1,50,1,1,1,1-1-1,1.0,Churned
16323,United Kingdom,2011-05-27 14:48:00,2011-05-27 14:48:00,197,1,207.5,1,50,1,1,1,1-1-1,1.0,Churned
13099,United Kingdom,2011-09-01 17:40:00,2011-09-01 17:40:00,100,1,207.36,1,288,2,1,1,2-1-1,1.33,About To Sleep / Hibernating
15925,United Kingdom,2011-05-29 15:35:00,2011-05-29 15:35:00,195,1,207.15,12,93,1,1,1,1-1-1,1.0,Churned
15820,United Kingdom,2011-01-24 12:00:00,2011-01-24 12:00:00,320,1,206.98,17,128,1,1,1,1-1-1,1.0,Churned
18126,United Kingdom,2011-10-10 12:19:00,2011-10-10 12:19:00,61,1,206.83,56,144,3,1,1,3-1-1,1.67,Promising
17166,United Kingdom,2011-05-20 08:18:00,2011-11-01 09:46:00,39,2,206.34,12,78,3,2,1,3-2-1,2.0,Need Attention
14964,United Kingdom,2011-04-06 14:13:00,2011-04-06 14:13:00,248,1,206.21,13,143,1,1,1,1-1-1,1.0,Churned
13065,United Kingdom,2010-12-01 16:52:00,2010-12-01 16:52:00,374,1,205.86,14,74,1,1,1,1-1-1,1.0,Churned
17670,United Kingdom,2011-04-26 09:12:00,2011-04-26 09:12:00,228,1,205.7,11,110,1,1,1,1-1-1,1.0,Churned
17843,United Kingdom,2011-02-09 15:33:00,2011-02-09 15:33:00,304,1,205.48,37,113,1,1,1,1-1-1,1.0,Churned
15307,United Kingdom,2011-09-05 11:38:00,2011-09-05 11:38:00,96,1,205.3,12,37,2,1,1,2-1-1,1.33,About To Sleep / Hibernating
15758,United Kingdom,2011-11-15 10:48:00,2011-11-15 10:48:00,25,1,205.25,9,47,4,1,1,4-1-1,2.0,Potential Loyalists
13513,United Kingdom,2011-08-05 11:50:00,2011-08-05 11:50:00,127,1,205.1,10,109,2,1,1,2-1-1,1.33,About To Sleep / Hibernating
15319,United Kingdom,2011-03-01 12:48:00,2011-03-01 12:48:00,284,1,204.5,16,175,1,1,1,1-1-1,1.0,Churned
17206,United Kingdom,2011-10-17 13:25:00,2011-10-17 13:25:00,54,1,204.24,7,76,3,1,1,3-1-1,1.67,Promising
13017,United Kingdom,2011-12-02 15:53:00,2011-12-02 15:53:00,8,1,204.0,1,48,5,1,1,5-1-1,2.33,Potential Loyalists
18273,United Kingdom,2011-03-27 11:22:00,2011-12-07 13:16:00,3,3,204.0,3,80,5,3,1,5-3-1,3.0,Loyal Customers
17187,United Kingdom,2011-04-27 12:39:00,2011-04-27 12:39:00,227,1,203.95,10,144,1,1,1,1-1-1,1.0,Churned
17394,United Kingdom,2011-05-04 13:22:00,2011-05-04 13:22:00,220,1,203.87,4,241,1,1,1,1-1-1,1.0,Churned
17889,United Kingdom,2011-01-21 17:14:00,2011-05-11 16:26:00,213,2,203.87,21,79,1,2,1,1-2-1,1.33,Churned
17891,United Kingdom,2011-06-30 20:08:00,2011-06-30 20:08:00,163,1,203.86,34,393,2,1,1,2-1-1,1.33,About To Sleep / Hibernating
17376,United Kingdom,2011-02-01 14:12:00,2011-09-30 12:36:00,71,2,203.2,24,86,3,2,1,3-2-1,2.0,Need Attention
15723,United Kingdom,2010-12-10 11:12:00,2010-12-10 11:12:00,365,1,203.1,41,87,1,1,1,1-1-1,1.0,Churned
14381,United Kingdom,2011-10-18 17:10:00,2011-10-18 17:10:00,53,1,202.68,56,146,3,1,1,3-1-1,1.67,Promising
18169,United Kingdom,2011-10-10 12:18:00,2011-10-10 12:18:00,61,1,202.65,9,61,3,1,1,3-1-1,1.67,Promising
14385,United Kingdom,2011-11-16 11:55:00,2011-11-30 15:36:00,10,3,202.11,14,159,5,3,1,5-3-1,3.0,Loyal Customers
15347,United Kingdom,2010-12-08 15:25:00,2010-12-08 15:25:00,367,1,201.6,5,130,1,1,1,1-1-1,1.0,Churned
13295,United Kingdom,2010-12-15 11:21:00,2010-12-15 11:21:00,360,1,201.2,10,82,1,1,1,1-1-1,1.0,Churned
13284,United Kingdom,2011-01-13 09:23:00,2011-01-13 09:23:00,331,1,201.19,13,91,1,1,1,1-1-1,1.0,Churned
16965,United Kingdom,2011-04-27 12:08:00,2011-04-27 12:08:00,227,1,201.19,26,291,1,1,1,1-1-1,1.0,Churned
13859,United Kingdom,2011-01-17 16:14:00,2011-01-17 16:14:00,327,1,201.16,28,129,1,1,1,1-1-1,1.0,Churned
17988,United Kingdom,2011-01-17 11:59:00,2011-11-28 11:00:00,12,7,201.12,38,43,5,5,1,5-5-1,3.67,Champions
17693,United Kingdom,2011-07-25 15:48:00,2011-07-25 15:48:00,138,1,200.47,16,231,2,1,1,2-1-1,1.33,About To Sleep / Hibernating
13262,United Kingdom,2011-03-21 15:06:00,2011-03-21 15:06:00,264,1,200.29,11,125,1,1,1,1-1-1,1.0,Churned
15437,United Kingdom,2011-03-22 13:11:00,2011-03-22 13:11:00,263,1,200.16,45,79,1,1,1,1-1-1,1.0,Churned
13980,United Kingdom,2011-10-10 13:34:00,2011-10-10 13:34:00,61,1,200.14,11,172,3,1,1,3-1-1,1.67,Promising
14782,United Kingdom,2011-01-24 11:12:00,2011-01-24 11:12:00,320,1,200.1,6,114,1,1,1,1-1-1,1.0,Churned
13723,United Kingdom,2011-05-06 17:04:00,2011-05-06 17:04:00,218,1,199.85,6,43,1,1,1,1-1-1,1.0,Churned
15593,United Kingdom,2011-09-30 11:46:00,2011-09-30 11:46:00,71,1,199.8,5,60,3,1,1,3-1-1,1.67,Promising
13322,United Kingdom,2011-11-22 14:21:00,2011-11-22 14:21:00,18,1,199.48,25,117,4,1,1,4-1-1,2.0,Potential Loyalists
17383,United Kingdom,2011-12-05 17:36:00,2011-12-05 17:36:00,5,1,199.29,51,150,5,1,1,5-1-1,2.33,Potential Loyalists
16832,United Kingdom,2011-05-06 14:12:00,2011-06-08 15:36:00,185,3,199.15,12,33,1,3,1,1-3-1,1.67,At-Risk
17987,United Kingdom,2011-06-07 14:22:00,2011-06-07 14:22:00,186,1,198.57,13,261,1,1,1,1-1-1,1.0,Churned
16178,United Kingdom,2011-07-24 16:05:00,2011-07-24 16:05:00,139,1,197.9,8,94,2,1,1,2-1-1,1.33,About To Sleep / Hibernating
12450,Spain,2011-06-19 14:36:00,2011-07-06 14:41:00,157,2,197.88,8,128,2,2,1,2-2-1,1.67,About To Sleep / Hibernating
12581,Germany,2011-10-31 08:56:00,2011-10-31 08:56:00,40,1,197.71,15,161,3,1,1,3-1-1,1.67,Promising
14185,United Kingdom,2011-01-12 13:52:00,2011-01-12 13:52:00,332,1,197.65,3,6,1,1,1,1-1-1,1.0,Churned
14789,United Kingdom,2011-11-11 08:59:00,2011-11-11 08:59:00,29,1,197.64,6,116,4,1,1,4-1-1,2.0,Potential Loyalists
17301,United Kingdom,2011-11-18 13:43:00,2011-11-18 13:43:00,22,1,197.63,66,149,4,1,1,4-1-1,2.0,Potential Loyalists
16829,United Kingdom,2011-07-06 10:48:00,2011-07-06 10:48:00,157,1,197.22,11,99,2,1,1,2-1-1,1.33,About To Sleep / Hibernating
14830,United Kingdom,2011-10-17 14:29:00,2011-10-17 14:29:00,54,1,197.13,40,169,3,1,1,3-1-1,1.67,Promising
15234,United Kingdom,2011-03-08 08:53:00,2011-03-08 08:53:00,277,1,197.0,14,196,1,1,1,1-1-1,1.0,Churned
12586,Italy,2011-11-22 16:24:00,2011-11-22 16:24:00,18,1,196.94,11,79,4,1,1,4-1-1,2.0,Potential Loyalists
13436,United Kingdom,2011-12-08 10:33:00,2011-12-08 10:33:00,2,1,196.89,12,76,5,1,1,5-1-1,2.33,Potential Loyalists
15746,United Kingdom,2011-07-28 15:21:00,2011-07-28 15:21:00,135,1,196.88,28,178,2,1,1,2-1-1,1.33,About To Sleep / Hibernating
13978,United Kingdom,2011-10-25 15:04:00,2011-11-25 11:36:00,15,2,196.79,15,315,4,2,1,4-2-1,2.33,Potential Loyalists
17660,United Kingdom,2011-07-21 13:37:00,2011-07-21 13:37:00,142,1,196.0,45,130,2,1,1,2-1-1,1.33,About To Sleep / Hibernating
16112,United Kingdom,2011-01-05 11:47:00,2011-07-19 14:28:00,144,4,195.74,16,574,2,4,1,2-4-1,2.33,At-Risk
13792,United Kingdom,2011-02-25 14:03:00,2011-10-04 14:31:00,67,2,195.55,13,92,3,2,1,3-2-1,2.0,Need Attention
17010,United Kingdom,2011-11-21 14:49:00,2011-11-21 14:49:00,19,1,195.36,11,118,4,1,1,4-1-1,2.0,Potential Loyalists
14666,United Kingdom,2011-11-15 12:57:00,2011-11-15 12:57:00,25,1,195.25,14,161,4,1,1,4-1-1,2.0,Potential Loyalists
15612,United Kingdom,2011-10-09 12:49:00,2011-11-03 14:52:00,37,2,195.15,6,52,3,2,1,3-2-1,2.0,Need Attention
14100,United Kingdom,2011-07-25 11:01:00,2011-07-25 11:01:00,138,1,194.9,26,64,2,1,1,2-1-1,1.33,About To Sleep / Hibernating
16887,United Kingdom,2011-11-04 14:07:00,2011-11-04 14:07:00,36,1,194.88,37,157,3,1,1,3-1-1,1.67,Promising
14087,United Kingdom,2011-12-07 12:41:00,2011-12-07 12:41:00,3,1,194.42,69,251,5,1,1,5-1-1,2.33,Potential Loyalists
17475,United Kingdom,2011-09-21 14:55:00,2011-09-21 14:55:00,80,1,194.37,14,178,2,1,1,2-1-1,1.33,About To Sleep / Hibernating
15683,United Kingdom,2011-08-14 12:56:00,2011-08-14 12:56:00,118,1,193.75,10,131,2,1,1,2-1-1,1.33,About To Sleep / Hibernating
17343,United Kingdom,2010-12-19 15:07:00,2010-12-19 15:07:00,356,1,193.64,17,56,1,1,1,1-1-1,1.0,Churned
15198,United Kingdom,2011-08-07 15:16:00,2011-09-08 14:42:00,93,2,193.64,10,120,2,2,1,2-2-1,1.67,About To Sleep / Hibernating
16847,United Kingdom,2011-10-27 13:29:00,2011-10-27 13:29:00,44,1,193.44,12,78,3,1,1,3-1-1,1.67,Promising
17608,United Kingdom,2011-11-06 13:00:00,2011-11-06 13:06:00,34,2,193.42,59,232,3,2,1,3-2-1,2.0,Need Attention
14806,United Kingdom,2011-09-25 15:32:00,2011-09-25 15:32:00,76,1,193.39,11,330,2,1,1,2-1-1,1.33,About To Sleep / Hibernating
14801,United Kingdom,2011-10-09 15:24:00,2011-10-09 15:24:00,62,1,193.14,59,175,3,1,1,3-1-1,1.67,Promising
13568,United Kingdom,2011-06-19 14:42:00,2011-06-19 14:42:00,174,1,192.85,44,70,2,1,1,2-1-1,1.33,About To Sleep / Hibernating
12522,Germany,2011-10-19 14:41:00,2011-10-31 15:30:00,40,2,192.72,12,194,3,2,1,3-2-1,2.0,Need Attention
12791,Netherlands,2010-12-01 11:27:00,2010-12-01 11:27:00,374,1,192.6,2,97,1,1,1,1-1-1,1.0,Churned
14768,United Kingdom,2011-08-04 13:25:00,2011-11-22 12:54:00,18,2,192.6,5,52,4,2,1,4-2-1,2.33,Potential Loyalists
15909,United Kingdom,2011-06-19 10:38:00,2011-06-19 10:38:00,174,1,191.94,7,98,2,1,1,2-1-1,1.33,About To Sleep / Hibernating
17904,United Kingdom,2011-11-18 12:57:00,2011-11-18 12:57:00,22,1,191.67,38,63,4,1,1,4-1-1,2.0,Potential Loyalists
14966,United Kingdom,2011-11-25 12:20:00,2011-11-25 12:20:00,15,1,191.32,38,187,4,1,1,4-1-1,2.0,Potential Loyalists
15692,United Kingdom,2011-11-11 14:12:00,2011-11-11 14:12:00,29,1,191.04,12,138,4,1,1,4-1-1,2.0,Potential Loyalists
17233,United Kingdom,2011-11-04 14:06:00,2011-11-04 14:06:00,36,1,190.88,25,131,3,1,1,3-1-1,1.67,Promising
13033,United Kingdom,2010-12-17 14:23:00,2010-12-17 14:23:00,358,1,190.55,11,83,1,1,1,1-1-1,1.0,Churned
15412,United Kingdom,2011-06-21 15:24:00,2011-06-21 15:24:00,172,1,190.53,10,108,2,1,1,2-1-1,1.33,About To Sleep / Hibernating
13972,United Kingdom,2011-05-22 11:34:00,2011-09-30 11:54:00,71,2,190.25,15,187,3,2,1,3-2-1,2.0,Need Attention
17885,United Kingdom,2011-11-27 14:40:00,2011-11-27 14:40:00,13,1,190.19,64,167,4,1,1,4-1-1,2.0,Potential Loyalists
12361,Belgium,2011-02-25 13:51:00,2011-02-25 13:51:00,288,1,189.9,10,91,1,1,1,1-1-1,1.0,Churned
13826,United Kingdom,2011-06-16 13:48:00,2011-06-16 13:48:00,177,1,189.5,10,82,2,1,1,2-1-1,1.33,About To Sleep / Hibernating
13663,United Kingdom,2011-06-13 15:44:00,2011-06-13 15:44:00,180,1,189.47,13,91,1,1,1,1-1-1,1.0,Churned
18045,United Kingdom,2011-10-25 13:07:00,2011-10-25 13:07:00,46,1,189.4,47,142,3,1,1,3-1-1,1.67,Promising
16448,United Kingdom,2011-05-25 16:28:00,2011-05-25 16:28:00,199,1,188.89,20,78,1,1,1,1-1-1,1.0,Churned
14697,United Kingdom,2011-05-05 15:29:00,2011-05-05 15:39:00,219,2,188.61,22,181,1,2,1,1-2-1,1.33,Churned
12893,United Kingdom,2011-11-09 12:34:00,2011-11-09 12:34:00,31,1,188.14,34,96,4,1,1,4-1-1,2.0,Potential Loyalists
17781,United Kingdom,2011-03-31 19:54:00,2011-07-03 16:00:00,160,2,188.02,12,34,2,2,1,2-2-1,1.67,About To Sleep / Hibernating
14722,United Kingdom,2011-07-15 14:58:00,2011-07-15 14:58:00,148,1,187.92,29,120,2,1,1,2-1-1,1.33,About To Sleep / Hibernating
17279,United Kingdom,2011-10-13 11:58:00,2011-10-13 11:58:00,58,1,187.83,9,48,3,1,1,3-1-1,1.67,Promising
18013,United Kingdom,2011-07-07 14:08:00,2011-07-07 14:11:00,156,2,187.29,31,285,2,2,1,2-2-1,1.67,About To Sleep / Hibernating
17440,United Kingdom,2011-04-06 12:05:00,2011-07-06 11:54:00,157,3,186.42,5,246,2,3,1,2-3-1,2.0,At-Risk
13672,United Kingdom,2011-01-11 13:54:00,2011-02-11 13:53:00,302,2,186.39,6,57,1,2,1,1-2-1,1.33,Churned
14551,United Kingdom,2011-05-19 18:21:00,2011-11-21 13:36:00,19,2,186.23,10,106,4,2,1,4-2-1,2.33,Potential Loyalists
15567,United Kingdom,2011-11-21 10:48:00,2011-11-21 10:48:00,19,1,186.01,7,223,4,1,1,4-1-1,2.0,Potential Loyalists
12641,Sweden,2011-08-16 13:26:00,2011-08-16 13:26:00,116,1,185.9,10,72,2,1,1,2-1-1,1.33,About To Sleep / Hibernating
17574,United Kingdom,2011-04-11 09:47:00,2011-04-11 09:47:00,243,1,185.65,8,77,1,1,1,1-1-1,1.0,Churned
14199,United Kingdom,2011-05-05 13:44:00,2011-05-05 13:44:00,219,1,185.4,2,28,1,1,1,1-1-1,1.0,Churned
16097,United Kingdom,2011-04-13 13:47:00,2011-04-13 13:47:00,241,1,185.05,10,87,1,1,1,1-1-1,1.0,Churned
13482,United Kingdom,2011-04-21 17:03:00,2011-04-21 17:03:00,233,1,184.64,11,116,1,1,1,1-1-1,1.0,Churned
17680,United Kingdom,2011-11-16 12:42:00,2011-11-16 12:42:00,24,1,184.4,11,96,4,1,1,4-1-1,2.0,Potential Loyalists
16433,United Kingdom,2011-11-11 14:09:00,2011-11-11 14:09:00,29,1,184.26,17,106,4,1,1,4-1-1,2.0,Potential Loyalists
15124,United Kingdom,2011-06-01 09:06:00,2011-11-17 10:09:00,23,2,184.19,15,233,4,2,1,4-2-1,2.33,Potential Loyalists
14326,United Kingdom,2011-04-11 15:04:00,2011-04-11 15:04:00,243,1,183.85,8,103,1,1,1,1-1-1,1.0,Churned
16680,United Kingdom,2011-10-27 17:35:00,2011-10-27 17:35:00,44,1,183.7,10,94,3,1,1,3-1-1,1.67,Promising
14059,United Kingdom,2011-03-18 10:06:00,2011-03-18 10:06:00,267,1,183.6,8,128,1,1,1,1-1-1,1.0,Churned
13460,United Kingdom,2011-10-21 09:50:00,2011-11-10 17:17:00,30,2,183.44,17,286,4,2,1,4-2-1,2.33,Potential Loyalists
13059,United Kingdom,2011-04-04 10:40:00,2011-04-04 10:40:00,250,1,183.4,8,35,1,1,1,1-1-1,1.0,Churned
17772,United Kingdom,2011-11-29 10:57:00,2011-11-29 11:05:00,11,2,182.77,53,58,5,2,1,5-2-1,2.67,Potential Loyalists
14082,United Kingdom,2010-12-10 11:02:00,2010-12-10 11:02:00,365,1,182.25,29,110,1,1,1,1-1-1,1.0,Churned
18119,United Kingdom,2010-12-07 11:59:00,2010-12-07 11:59:00,368,1,181.12,30,125,1,1,1,1-1-1,1.0,Churned
16594,United Kingdom,2011-09-25 14:08:00,2011-09-25 14:08:00,76,1,181.09,53,64,2,1,1,2-1-1,1.33,About To Sleep / Hibernating
15886,United Kingdom,2011-10-10 14:25:00,2011-10-10 14:25:00,61,1,181.09,12,147,3,1,1,3-1-1,1.67,Promising
15945,United Kingdom,2010-12-09 13:14:00,2010-12-09 13:14:00,366,1,181.0,2,52,1,1,1,1-1-1,1.0,Churned
15292,United Kingdom,2011-05-22 15:00:00,2011-05-22 15:00:00,202,1,180.94,25,56,1,1,1,1-1-1,1.0,Churned
16835,United Kingdom,2010-12-01 17:15:00,2011-08-03 13:50:00,129,2,180.85,10,61,2,2,1,2-2-1,1.67,About To Sleep / Hibernating
18280,United Kingdom,2011-03-07 09:52:00,2011-03-07 09:52:00,278,1,180.6,10,45,1,1,1,1-1-1,1.0,Churned
13710,United Kingdom,2011-11-08 08:16:00,2011-11-08 08:16:00,32,1,180.48,8,176,4,1,1,4-1-1,2.0,Potential Loyalists
15041,United Kingdom,2011-06-22 16:16:00,2011-06-22 16:16:00,171,1,180.35,67,104,2,1,1,2-1-1,1.33,About To Sleep / Hibernating
13598,United Kingdom,2011-10-23 14:28:00,2011-10-23 14:28:00,48,1,180.17,40,58,3,1,1,3-1-1,1.67,Promising
12622,Germany,2011-04-21 16:39:00,2011-04-21 16:39:00,233,1,180.1,11,69,1,1,1,1-1-1,1.0,Churned
18147,United Kingdom,2011-08-23 12:22:00,2011-10-25 11:46:00,46,2,179.34,7,203,3,2,1,3-2-1,2.0,Need Attention
15895,United Kingdom,2011-07-13 10:27:00,2011-07-13 10:27:00,150,1,179.17,11,94,2,1,1,2-1-1,1.33,About To Sleep / Hibernating
15454,United Kingdom,2010-12-12 14:21:00,2010-12-12 14:21:00,363,1,179.1,25,86,1,1,1,1-1-1,1.0,Churned
16990,United Kingdom,2011-05-05 08:30:00,2011-05-05 08:30:00,219,1,179.0,1,100,1,1,1,1-1-1,1.0,Churned
14705,United Kingdom,2011-05-25 12:39:00,2011-05-25 12:39:00,199,1,179.0,1,100,1,1,1,1-1-1,1.0,Churned
15139,United Kingdom,2011-01-07 12:44:00,2011-04-14 11:39:00,240,2,178.96,13,208,1,2,1,1-2-1,1.33,Churned
16620,United Kingdom,2011-03-24 10:37:00,2011-12-06 12:19:00,4,2,178.96,9,88,5,2,1,5-2-1,2.67,Potential Loyalists
15262,United Kingdom,2011-01-20 12:16:00,2011-01-20 12:16:00,324,1,178.95,10,73,1,1,1,1-1-1,1.0,Churned
13778,United Kingdom,2011-08-28 15:25:00,2011-08-28 15:25:00,104,1,178.7,9,70,2,1,1,2-1-1,1.33,About To Sleep / Hibernating
17879,United Kingdom,2011-06-19 12:36:00,2011-06-19 12:36:00,174,1,178.52,6,45,2,1,1,2-1-1,1.33,About To Sleep / Hibernating
17253,United Kingdom,2011-11-21 12:59:00,2011-11-21 12:59:00,19,1,178.26,18,43,4,1,1,4-1-1,2.0,Potential Loyalists
17356,United Kingdom,2011-02-01 11:07:00,2011-02-01 11:07:00,312,1,178.22,19,166,1,1,1,1-1-1,1.0,Churned
18282,United Kingdom,2011-08-05 13:35:00,2011-12-02 11:43:00,8,2,178.05,12,103,5,2,1,5-2-1,2.67,Potential Loyalists
16403,United Kingdom,2011-01-31 13:39:00,2011-01-31 13:39:00,313,1,177.5,10,114,1,1,1,1-1-1,1.0,Churned
13618,United Kingdom,2011-06-19 11:09:00,2011-06-19 11:09:00,174,1,177.34,13,246,2,1,1,2-1-1,1.33,About To Sleep / Hibernating
12618,Italy,2011-11-18 11:10:00,2011-11-18 11:10:00,22,1,177.31,11,96,4,1,1,4-1-1,2.0,Potential Loyalists
13072,United Kingdom,2011-03-18 08:12:00,2011-03-18 08:12:00,267,1,177.15,7,69,1,1,1,1-1-1,1.0,Churned
12923,United Kingdom,2011-10-06 16:20:00,2011-10-06 16:20:00,65,1,176.97,29,69,3,1,1,3-1-1,1.67,Promising
17947,United Kingdom,2011-11-02 13:05:00,2011-11-02 13:05:00,38,1,176.68,9,168,3,1,1,3-1-1,1.67,Promising
14287,United Kingdom,2011-05-25 11:41:00,2011-12-01 13:25:00,9,3,176.63,9,261,5,3,1,5-3-1,3.0,Loyal Customers
12509,France,2011-02-28 14:45:00,2011-02-28 14:45:00,285,1,176.5,7,55,1,1,1,1-1-1,1.0,Churned
18274,United Kingdom,2011-11-09 17:03:00,2011-11-09 17:03:00,31,1,175.92,11,88,4,1,1,4-1-1,2.0,Potential Loyalists
17582,United Kingdom,2011-04-17 13:18:00,2011-04-17 13:18:00,237,1,175.27,29,123,1,1,1,1-1-1,1.0,Churned
16144,United Kingdom,2011-04-07 10:09:00,2011-04-07 10:09:00,247,1,175.2,1,16,1,1,1,1-1-1,1.0,Churned
17331,United Kingdom,2011-08-08 11:55:00,2011-08-08 11:55:00,124,1,175.2,1,16,2,1,1,2-1-1,1.33,About To Sleep / Hibernating
18010,United Kingdom,2011-03-28 12:27:00,2011-03-28 12:27:00,257,1,174.8,14,60,1,1,1,1-1-1,1.0,Churned
14355,United Kingdom,2010-12-09 12:16:00,2010-12-09 12:16:00,366,1,174.4,11,92,1,1,1,1-1-1,1.0,Churned
14518,United Kingdom,2011-10-06 14:43:00,2011-10-06 14:43:00,65,1,174.37,16,278,3,1,1,3-1-1,1.67,Promising
13560,United Kingdom,2011-12-02 13:11:00,2011-12-02 13:11:00,8,1,174.37,33,64,5,1,1,5-1-1,2.33,Potential Loyalists
15335,United Kingdom,2011-10-17 12:50:00,2011-10-17 12:50:00,54,1,173.97,36,80,3,1,1,3-1-1,1.67,Promising
18278,United Kingdom,2011-09-27 11:58:00,2011-09-27 11:58:00,74,1,173.9,9,66,2,1,1,2-1-1,1.33,About To Sleep / Hibernating
16861,United Kingdom,2011-07-04 15:38:00,2011-10-11 09:05:00,60,2,173.76,6,140,3,2,1,3-2-1,2.0,Need Attention
14798,United Kingdom,2011-02-02 15:26:00,2011-10-18 10:58:00,53,3,173.74,12,150,3,3,1,3-3-1,2.33,Loyal Customers
16565,United Kingdom,2010-12-10 15:21:00,2010-12-10 15:21:00,365,1,173.7,3,46,1,1,1,1-1-1,1.0,Churned
12441,France,2010-12-08 10:45:00,2010-12-08 10:45:00,367,1,173.55,11,121,1,1,1,1-1-1,1.0,Churned
15565,United Kingdom,2011-09-30 10:44:00,2011-10-20 14:33:00,51,2,173.16,8,60,3,2,1,3-2-1,2.0,Need Attention
15670,United Kingdom,2011-02-16 10:50:00,2011-02-16 10:50:00,297,1,173.05,12,91,1,1,1,1-1-1,1.0,Churned
14693,United Kingdom,2011-03-20 12:50:00,2011-03-20 12:50:00,265,1,172.9,8,34,1,1,1,1-1-1,1.0,Churned
18048,United Kingdom,2011-05-20 14:54:00,2011-05-20 14:58:00,204,2,172.29,7,127,1,2,1,1-2-1,1.33,Churned
13922,United Kingdom,2010-12-23 10:38:00,2010-12-23 10:38:00,352,1,172.25,7,93,1,1,1,1-1-1,1.0,Churned
13690,United Kingdom,2011-10-11 15:03:00,2011-10-11 15:03:00,60,1,172.25,9,67,3,1,1,3-1-1,1.67,Promising
12442,Spain,2011-12-06 14:22:00,2011-12-06 14:22:00,4,1,172.06,12,182,5,1,1,5-1-1,2.33,Potential Loyalists
14536,United Kingdom,2011-03-25 12:21:00,2011-03-25 12:21:00,260,1,171.8,19,40,1,1,1,1-1-1,1.0,Churned
16773,United Kingdom,2011-10-13 14:37:00,2011-10-13 14:37:00,58,1,171.59,26,171,3,1,1,3-1-1,1.67,Promising
17245,United Kingdom,2011-05-19 10:43:00,2011-05-19 10:43:00,205,1,171.45,9,75,1,1,1,1-1-1,1.0,Churned
15432,United Kingdom,2011-11-16 16:30:00,2011-11-16 16:30:00,24,1,171.19,10,65,4,1,1,4-1-1,2.0,Potential Loyalists
17542,United Kingdom,2011-03-15 11:45:00,2011-03-15 11:45:00,270,1,170.75,25,134,1,1,1,1-1-1,1.0,Churned
14860,United Kingdom,2011-11-20 14:17:00,2011-11-20 14:17:00,20,1,170.32,11,232,4,1,1,4-1-1,2.0,Potential Loyalists
18058,United Kingdom,2011-11-30 08:38:00,2011-11-30 08:38:00,10,1,170.16,3,88,5,1,1,5-1-1,2.33,Potential Loyalists
15016,United Kingdom,2011-06-20 12:06:00,2011-06-20 12:06:00,173,1,170.04,20,76,2,1,1,2-1-1,1.33,About To Sleep / Hibernating
16921,United Kingdom,2011-10-09 16:22:00,2011-10-09 16:22:00,62,1,169.79,60,171,3,1,1,3-1-1,1.67,Promising
13962,United Kingdom,2011-04-08 11:21:00,2011-11-18 08:47:00,22,2,169.55,11,87,4,2,1,4-2-1,2.33,Potential Loyalists
14218,United Kingdom,2011-10-28 10:00:00,2011-10-28 10:00:00,43,1,169.48,12,160,3,1,1,3-1-1,1.67,Promising
18004,United Kingdom,2010-12-12 13:47:00,2010-12-12 13:47:00,363,1,169.47,40,78,1,1,1,1-1-1,1.0,Churned
12367,Denmark,2011-12-05 16:48:00,2011-12-05 16:48:00,5,1,168.9,11,173,5,1,1,5-1-1,2.33,Potential Loyalists
14578,United Kingdom,2011-12-06 17:18:00,2011-12-06 17:18:00,4,1,168.63,24,240,5,1,1,5-1-1,2.33,Potential Loyalists
18269,United Kingdom,2010-12-08 13:53:00,2010-12-08 13:53:00,367,1,168.6,7,76,1,1,1,1-1-1,1.0,Churned
17367,United Kingdom,2011-04-15 14:21:00,2011-04-15 14:21:00,239,1,168.4,34,150,1,1,1,1-1-1,1.0,Churned
18099,United Kingdom,2011-08-04 15:52:00,2011-08-04 15:52:00,128,1,168.31,19,149,2,1,1,2-1-1,1.33,About To Sleep / Hibernating
15888,United Kingdom,2011-09-20 12:30:00,2011-09-20 12:30:00,81,1,168.31,12,76,2,1,1,2-1-1,1.33,About To Sleep / Hibernating
16282,United Kingdom,2011-01-04 11:42:00,2011-01-04 11:42:00,340,1,168.3,11,114,1,1,1,1-1-1,1.0,Churned
17737,United Kingdom,2011-10-12 14:42:00,2011-11-30 15:16:00,10,2,168.24,10,108,5,2,1,5-2-1,2.67,Potential Loyalists
15986,United Kingdom,2011-11-09 15:17:00,2011-11-09 15:17:00,31,1,168.12,14,268,4,1,1,4-1-1,2.0,Potential Loyalists
12551,Spain,2010-12-17 11:23:00,2010-12-17 11:23:00,358,1,168.0,10,100,1,1,1,1-1-1,1.0,Churned
15374,United Kingdom,2011-08-03 09:59:00,2011-08-03 09:59:00,129,1,168.0,3,126,2,1,1,2-1-1,1.33,About To Sleep / Hibernating
18088,United Kingdom,2011-10-09 13:41:00,2011-10-09 13:41:00,62,1,167.67,39,109,3,1,1,3-1-1,1.67,Promising
17561,United Kingdom,2011-11-20 12:53:00,2011-11-20 12:53:00,20,1,167.62,46,146,4,1,1,4-1-1,2.0,Potential Loyalists
16952,United Kingdom,2011-08-22 12:58:00,2011-08-22 13:03:00,110,2,167.61,16,92,2,2,1,2-2-1,1.67,About To Sleep / Hibernating
15920,United Kingdom,2011-07-08 15:16:00,2011-07-08 15:31:00,155,4,167.5,60,99,2,4,1,2-4-1,2.33,At-Risk
16405,United Kingdom,2011-02-02 17:08:00,2011-02-10 15:24:00,303,2,167.25,5,187,1,2,1,1-2-1,1.33,Churned
18014,United Kingdom,2011-11-11 15:28:00,2011-11-11 15:28:00,29,1,166.42,32,68,4,1,1,4-1-1,2.0,Potential Loyalists
14295,United Kingdom,2011-10-30 15:50:00,2011-10-30 15:50:00,41,1,166.2,5,84,3,1,1,3-1-1,1.67,Promising
17650,United Kingdom,2011-11-18 14:52:00,2011-11-18 14:52:00,22,1,166.08,8,150,4,1,1,4-1-1,2.0,Potential Loyalists
12817,Austria,2011-03-03 16:28:00,2011-03-03 16:28:00,282,1,166.04,4,53,1,1,1,1-1-1,1.0,Churned
14485,United Kingdom,2011-11-01 12:25:00,2011-11-01 12:25:00,39,1,165.75,47,71,3,1,1,3-1-1,1.67,Promising
14552,United Kingdom,2011-07-11 12:49:00,2011-07-11 12:49:00,152,1,165.07,58,91,2,1,1,2-1-1,1.33,About To Sleep / Hibernating
18042,United Kingdom,2011-10-17 11:49:00,2011-10-17 11:49:00,54,1,165.05,7,33,3,1,1,3-1-1,1.67,Promising
15316,United Kingdom,2011-01-17 11:34:00,2011-01-17 11:34:00,327,1,165.0,1,100,1,1,1,1-1-1,1.0,Churned
13470,United Kingdom,2011-08-16 17:06:00,2011-09-01 14:57:00,100,2,165.0,10,100,2,2,1,2-2-1,1.67,About To Sleep / Hibernating
15904,United Kingdom,2011-12-01 14:50:00,2011-12-01 14:50:00,9,1,164.68,30,84,5,1,1,5-1-1,2.33,Potential Loyalists
17535,United Kingdom,2011-03-04 15:20:00,2011-03-04 15:20:00,281,1,164.4,13,136,1,1,1,1-1-1,1.0,Churned
13603,United Kingdom,2011-11-13 15:57:00,2011-11-13 15:57:00,27,1,164.34,27,164,4,1,1,4-1-1,2.0,Potential Loyalists
12920,United Kingdom,2011-11-22 15:05:00,2011-11-22 15:05:00,18,1,164.23,28,129,4,1,1,4-1-1,2.0,Potential Loyalists
18200,United Kingdom,2011-08-25 18:45:00,2011-08-25 18:45:00,107,1,163.8,32,111,2,1,1,2-1-1,1.33,About To Sleep / Hibernating
14354,United Kingdom,2011-11-09 15:36:00,2011-12-04 11:32:00,6,2,163.62,9,210,5,2,1,5-2-1,2.67,Potential Loyalists
17110,United Kingdom,2011-06-27 12:58:00,2011-06-27 12:58:00,166,1,163.3,12,50,2,1,1,2-1-1,1.33,About To Sleep / Hibernating
13223,United Kingdom,2011-04-21 15:16:00,2011-05-23 13:03:00,201,2,163.2,5,88,1,2,1,1-2-1,1.33,Churned
16406,United Kingdom,2011-11-21 11:57:00,2011-11-21 11:57:00,19,1,163.07,62,122,4,1,1,4-1-1,2.0,Potential Loyalists
15167,United Kingdom,2011-01-23 12:41:00,2011-01-23 12:41:00,321,1,163.0,41,67,1,1,1,1-1-1,1.0,Churned
16517,United Kingdom,2011-03-07 13:50:00,2011-03-07 13:50:00,278,1,162.7,17,96,1,1,1,1-1-1,1.0,Churned
15733,United Kingdom,2011-03-02 09:05:00,2011-03-02 09:05:00,283,1,162.3,10,62,1,1,1,1-1-1,1.0,Churned
15325,United Kingdom,2011-08-28 11:55:00,2011-08-28 11:55:00,104,1,162.29,49,232,2,1,1,2-1-1,1.33,About To Sleep / Hibernating
16932,United Kingdom,2011-10-17 14:12:00,2011-10-17 14:12:00,54,1,161.94,53,87,3,1,1,3-1-1,1.67,Promising
17600,United Kingdom,2011-11-22 09:43:00,2011-11-22 09:43:00,18,1,161.67,13,144,4,1,1,4-1-1,2.0,Potential Loyalists
15458,United Kingdom,2011-11-14 13:08:00,2011-11-14 13:08:00,26,1,161.64,7,156,4,1,1,4-1-1,2.0,Potential Loyalists
16113,United Kingdom,2011-06-09 16:16:00,2011-06-09 16:16:00,184,1,161.38,30,176,1,1,1,1-1-1,1.0,Churned
14362,United Kingdom,2011-11-17 15:08:00,2011-11-17 15:08:00,23,1,161.2,41,100,4,1,1,4-1-1,2.0,Potential Loyalists
14204,United Kingdom,2011-12-07 13:38:00,2011-12-07 13:38:00,3,1,161.03,44,82,5,1,1,5-1-1,2.33,Potential Loyalists
14237,United Kingdom,2010-12-01 13:20:00,2010-12-01 13:20:00,374,1,161.0,9,38,1,1,1,1-1-1,1.0,Churned
14089,United Kingdom,2011-10-14 10:38:00,2011-10-14 10:38:00,57,1,161.0,14,134,3,1,1,3-1-1,1.67,Promising
13229,United Kingdom,2011-04-28 12:07:00,2011-04-28 12:07:00,226,1,160.95,10,63,1,1,1,1-1-1,1.0,Churned
15852,United Kingdom,2011-05-26 13:26:00,2011-06-06 11:22:00,187,2,160.71,22,48,1,2,1,1-2-1,1.33,Churned
17344,United Kingdom,2011-10-24 12:56:00,2011-10-24 12:56:00,47,1,160.57,32,66,3,1,1,3-1-1,1.67,Promising
12573,France,2011-04-26 15:52:00,2011-04-26 15:52:00,228,1,160.54,28,84,1,1,1,1-1-1,1.0,Churned
18203,United Kingdom,2011-07-05 13:07:00,2011-07-05 13:07:00,158,1,160.42,19,43,2,1,1,2-1-1,1.33,About To Sleep / Hibernating
18146,United Kingdom,2011-05-03 16:35:00,2011-07-22 12:08:00,141,2,160.35,10,153,2,2,1,2-2-1,1.67,About To Sleep / Hibernating
14714,United Kingdom,2011-11-15 13:07:00,2011-11-15 13:07:00,25,1,160.19,10,229,4,1,1,4-1-1,2.0,Potential Loyalists
12966,United Kingdom,2011-11-30 12:38:00,2011-11-30 12:38:00,10,1,160.18,10,75,5,1,1,5-1-1,2.33,Potential Loyalists
13420,United Kingdom,2011-06-22 11:35:00,2011-07-13 08:48:00,150,2,159.85,8,101,2,2,1,2-2-1,1.67,About To Sleep / Hibernating
16213,United Kingdom,2011-09-22 10:03:00,2011-09-22 10:03:00,79,1,159.0,6,48,2,1,1,2-1-1,1.33,About To Sleep / Hibernating
18224,United Kingdom,2011-03-21 10:30:00,2011-03-21 10:30:00,264,1,158.95,10,69,1,1,1,1-1-1,1.0,Churned
13937,United Kingdom,2011-06-23 16:35:00,2011-06-23 16:35:00,170,1,158.85,9,123,2,1,1,2-1-1,1.33,About To Sleep / Hibernating
17165,United Kingdom,2011-02-28 16:39:00,2011-02-28 16:39:00,285,1,158.68,10,100,1,1,1,1-1-1,1.0,Churned
15160,United Kingdom,2010-12-17 14:15:00,2010-12-17 14:15:00,358,1,158.16,4,84,1,1,1,1-1-1,1.0,Churned
15348,United Kingdom,2011-09-28 13:17:00,2011-09-28 13:17:00,73,1,158.04,9,84,2,1,1,2-1-1,1.33,About To Sleep / Hibernating
15988,United Kingdom,2011-11-20 13:23:00,2011-11-20 13:23:00,20,1,158.03,27,181,4,1,1,4-1-1,2.0,Potential Loyalists
17556,United Kingdom,2011-05-18 10:48:00,2011-05-18 10:48:00,206,1,157.9,6,101,1,1,1,1-1-1,1.0,Churned
14799,United Kingdom,2011-10-19 16:16:00,2011-10-19 16:16:00,52,1,157.7,13,146,3,1,1,3-1-1,1.67,Promising
14148,United Kingdom,2011-04-20 12:02:00,2011-04-20 12:02:00,234,1,157.2,3,16,1,1,1,1-1-1,1.0,Churned
17128,United Kingdom,2011-01-09 12:02:00,2011-01-09 12:02:00,335,1,157.09,14,76,1,1,1,1-1-1,1.0,Churned
14585,United Kingdom,2011-10-20 14:33:00,2011-10-20 14:33:00,51,1,157.05,29,91,3,1,1,3-1-1,1.67,Promising
17118,United Kingdom,2011-01-26 12:19:00,2011-01-26 12:19:00,318,1,157.02,10,154,1,1,1,1-1-1,1.0,Churned
15007,United Kingdom,2011-07-03 16:00:00,2011-07-03 16:00:00,160,1,156.91,12,69,2,1,1,2-1-1,1.33,About To Sleep / Hibernating
14406,United Kingdom,2011-08-12 16:54:00,2011-08-12 16:54:00,120,1,156.75,8,77,2,1,1,2-1-1,1.33,About To Sleep / Hibernating
15438,United Kingdom,2011-07-31 14:19:00,2011-07-31 14:19:00,132,1,156.58,25,59,2,1,1,2-1-1,1.33,About To Sleep / Hibernating
15263,United Kingdom,2011-08-25 10:26:00,2011-08-25 10:26:00,107,1,156.51,12,89,2,1,1,2-1-1,1.33,About To Sleep / Hibernating
13898,United Kingdom,2011-01-18 10:28:00,2011-01-18 10:28:00,326,1,155.93,12,133,1,1,1,1-1-1,1.0,Churned
17871,United Kingdom,2011-05-19 11:32:00,2011-05-19 11:32:00,205,1,155.9,10,182,1,1,1,1-1-1,1.0,Churned
17899,United Kingdom,2011-07-03 14:58:00,2011-07-03 14:58:00,160,1,155.8,32,171,2,1,1,2-1-1,1.33,About To Sleep / Hibernating
14813,United Kingdom,2010-12-05 11:54:00,2010-12-05 11:57:00,370,2,155.43,30,67,1,2,1,1-2-1,1.33,Churned
17832,United Kingdom,2011-10-21 11:43:00,2011-10-21 11:43:00,50,1,155.37,61,208,3,1,1,3-1-1,1.67,Promising
12738,Germany,2010-12-02 18:27:00,2010-12-02 18:27:00,373,1,155.35,11,148,1,1,1,1-1-1,1.0,Churned
16720,United Kingdom,2011-11-13 16:22:00,2011-11-13 16:22:00,27,1,155.24,27,182,4,1,1,4-1-1,2.0,Potential Loyalists
15447,United Kingdom,2011-01-13 11:26:00,2011-01-13 11:26:00,331,1,155.17,9,85,1,1,1,1-1-1,1.0,Churned
13809,Cyprus,2011-02-07 13:15:00,2011-02-07 13:15:00,306,1,155.05,12,29,1,1,1,1-1-1,1.0,Churned
14368,United Kingdom,2011-01-24 09:52:00,2011-01-24 09:52:00,320,1,155.0,8,36,1,1,1,1-1-1,1.0,Churned
14046,United Kingdom,2011-02-28 14:48:00,2011-02-28 14:48:00,285,1,154.99,14,460,1,1,1,1-1-1,1.0,Churned
17698,United Kingdom,2011-03-24 11:34:00,2011-03-24 11:34:00,261,1,154.95,8,93,1,1,1,1-1-1,1.0,Churned
15740,United Kingdom,2011-10-21 14:29:00,2011-10-21 14:29:00,50,1,154.88,9,152,3,1,1,3-1-1,1.67,Promising
17026,United Kingdom,2010-12-05 12:47:00,2011-06-07 14:28:00,186,2,154.83,4,97,1,2,1,1-2-1,1.33,Churned
15226,United Kingdom,2011-02-02 11:41:00,2011-02-02 11:41:00,311,1,154.41,8,71,1,1,1,1-1-1,1.0,Churned
17517,United Kingdom,2011-02-04 11:48:00,2011-02-04 11:48:00,309,1,153.94,11,102,1,1,1,1-1-1,1.0,Churned
17286,United Kingdom,2011-11-18 12:47:00,2011-11-18 12:47:00,22,1,153.92,45,118,4,1,1,4-1-1,2.0,Potential Loyalists
16351,United Kingdom,2011-01-11 10:26:00,2011-01-11 10:26:00,333,1,153.9,8,90,1,1,1,1-1-1,1.0,Churned
12602,France,2011-10-12 11:22:00,2011-10-12 11:22:00,59,1,153.12,12,162,3,1,1,3-1-1,1.67,Promising
17714,United Kingdom,2011-01-23 10:32:00,2011-01-23 10:32:00,321,1,153.0,10,92,1,1,1,1-1-1,1.0,Churned
16248,United Kingdom,2011-10-09 11:32:00,2011-10-09 11:32:00,62,1,152.94,7,78,3,1,1,3-1-1,1.67,Promising
17984,United Kingdom,2011-07-17 15:59:00,2011-07-17 15:59:00,146,1,152.68,48,98,2,1,1,2-1-1,1.33,About To Sleep / Hibernating
18138,United Kingdom,2011-02-17 14:51:00,2011-02-17 14:51:00,296,1,152.65,8,38,1,1,1,1-1-1,1.0,Churned
14066,United Kingdom,2011-03-18 12:21:00,2011-03-18 12:21:00,267,1,152.55,7,45,1,1,1,1-1-1,1.0,Churned
17707,United Kingdom,2011-01-07 13:30:00,2011-06-07 15:03:00,186,2,152.4,5,144,1,2,1,1-2-1,1.33,Churned
13514,United Kingdom,2011-09-27 09:39:00,2011-09-27 09:39:00,74,1,152.2,4,40,2,1,1,2-1-1,1.33,About To Sleep / Hibernating
14039,United Kingdom,2011-11-06 13:48:00,2011-11-06 13:48:00,34,1,152.2,6,92,3,1,1,3-1-1,1.67,Promising
17898,United Kingdom,2011-05-16 17:13:00,2011-09-15 14:56:00,86,2,152.06,28,190,2,2,1,2-2-1,1.67,About To Sleep / Hibernating
16617,United Kingdom,2011-04-18 10:35:00,2011-04-18 10:35:00,236,1,151.85,5,91,1,1,1,1-1-1,1.0,Churned
16412,United Kingdom,2011-10-17 12:35:00,2011-10-17 12:35:00,54,1,151.83,35,73,3,1,1,3-1-1,1.67,Promising
14208,United Kingdom,2011-09-06 12:48:00,2011-09-06 12:48:00,95,1,151.74,10,114,2,1,1,2-1-1,1.33,About To Sleep / Hibernating
13462,United Kingdom,2011-04-01 11:20:00,2011-04-01 11:20:00,253,1,151.5,9,62,1,1,1,1-1-1,1.0,Churned
16461,United Kingdom,2011-06-15 12:07:00,2011-06-15 12:07:00,178,1,151.42,33,49,2,1,1,2-1-1,1.33,About To Sleep / Hibernating
13697,United Kingdom,2011-11-01 09:14:00,2011-11-01 09:14:00,39,1,151.3,12,177,3,1,1,3-1-1,1.67,Promising
16337,United Kingdom,2011-11-03 10:03:00,2011-11-03 10:03:00,37,1,151.05,10,87,3,1,1,3-1-1,1.67,Promising
14073,United Kingdom,2011-11-07 15:49:00,2011-11-07 15:49:00,33,1,151.04,13,130,3,1,1,3-1-1,1.67,Promising
15717,United Kingdom,2011-04-19 13:21:00,2011-04-19 13:21:00,235,1,150.3,7,70,1,1,1,1-1-1,1.0,Churned
17234,United Kingdom,2011-06-10 11:20:00,2011-06-10 11:20:00,183,1,149.89,14,55,1,1,1,1-1-1,1.0,Churned
15869,United Kingdom,2011-03-07 17:19:00,2011-03-07 17:23:00,278,2,149.64,15,175,1,2,1,1-2-1,1.33,Churned
17946,United Kingdom,2011-03-25 14:34:00,2011-04-20 17:00:00,234,2,149.58,20,75,1,2,1,1-2-1,1.33,Churned
18262,United Kingdom,2011-07-22 16:04:00,2011-07-22 16:04:00,141,1,149.48,13,182,2,1,1,2-1-1,1.33,About To Sleep / Hibernating
15748,United Kingdom,2011-10-30 12:51:00,2011-10-30 12:51:00,41,1,149.31,21,51,3,1,1,3-1-1,1.67,Promising
15435,United Kingdom,2011-11-17 16:39:00,2011-11-17 16:39:00,23,1,149.29,29,54,4,1,1,4-1-1,2.0,Potential Loyalists
13003,United Kingdom,2011-05-09 08:23:00,2011-08-26 10:50:00,106,3,149.05,6,103,2,3,1,2-3-1,2.0,At-Risk
17549,United Kingdom,2011-10-19 10:05:00,2011-11-16 09:59:00,24,2,148.86,6,210,4,2,1,4-2-1,2.33,Potential Loyalists
15526,United Kingdom,2011-11-06 15:01:00,2011-11-06 15:04:00,34,2,148.44,4,24,3,2,1,3-2-1,2.0,Need Attention
17859,United Kingdom,2011-02-08 10:32:00,2011-02-08 10:32:00,305,1,148.21,25,127,1,1,1,1-1-1,1.0,Churned
14968,United Kingdom,2011-11-09 13:58:00,2011-11-09 13:58:00,31,1,147.59,37,127,4,1,1,4-1-1,2.0,Potential Loyalists
14098,United Kingdom,2011-11-03 10:13:00,2011-11-03 10:13:00,37,1,147.35,21,104,3,1,1,3-1-1,1.67,Promising
14037,United Kingdom,2010-12-10 11:39:00,2011-06-16 13:57:00,177,2,147.2,28,46,2,2,1,2-2-1,1.67,About To Sleep / Hibernating
12864,United Kingdom,2011-07-24 13:03:00,2011-07-24 13:03:00,139,1,147.12,3,216,2,1,1,2-1-1,1.33,About To Sleep / Hibernating
15503,United Kingdom,2010-12-12 10:57:00,2010-12-12 10:57:00,363,1,147.09,70,74,1,1,1,1-1-1,1.0,Churned
17030,United Kingdom,2011-10-07 08:49:00,2011-10-07 08:49:00,64,1,146.87,11,146,3,1,1,3-1-1,1.67,Promising
14238,United Kingdom,2011-01-17 14:40:00,2011-01-17 14:40:00,327,1,146.85,8,111,1,1,1,1-1-1,1.0,Churned
16893,United Kingdom,2010-12-08 12:06:00,2010-12-08 12:06:00,367,1,145.93,45,62,1,1,1,1-1-1,1.0,Churned
12565,Saudi Arabia,2011-02-24 10:34:00,2011-02-24 10:34:00,289,1,145.92,9,80,1,1,1,1-1-1,1.0,Churned
17935,United Kingdom,2011-07-21 11:23:00,2011-07-24 13:18:00,139,2,145.79,29,82,2,2,1,2-2-1,1.67,About To Sleep / Hibernating
13866,United Kingdom,2011-09-26 14:54:00,2011-09-26 14:54:00,75,1,145.67,7,57,2,1,1,2-1-1,1.33,About To Sleep / Hibernating
15937,United Kingdom,2011-10-06 15:48:00,2011-10-06 15:48:00,65,1,145.35,7,73,3,1,1,3-1-1,1.67,Promising
16598,United Kingdom,2011-02-27 11:42:00,2011-02-27 11:42:00,286,1,145.05,10,73,1,1,1,1-1-1,1.0,Churned
17524,United Kingdom,2010-12-13 14:32:00,2010-12-13 14:32:00,362,1,145.0,6,90,1,1,1,1-1-1,1.0,Churned
16852,United Kingdom,2011-06-16 15:49:00,2011-11-29 13:22:00,11,2,144.91,9,56,5,2,1,5-2-1,2.67,Potential Loyalists
12974,United Kingdom,2011-05-26 09:33:00,2011-05-26 09:33:00,198,1,144.8,8,24,1,1,1,1-1-1,1.0,Churned
14109,United Kingdom,2011-09-28 10:18:00,2011-09-28 10:18:00,73,1,144.2,9,88,2,1,1,2-1-1,1.33,About To Sleep / Hibernating
17186,United Kingdom,2011-10-10 12:52:00,2011-10-24 10:20:00,47,2,144.0,2,200,3,2,1,3-2-1,2.0,Need Attention
12587,Finland,2011-12-02 12:47:00,2011-12-02 12:47:00,8,1,144.0,4,51,5,1,1,5-1-1,2.33,Potential Loyalists
17578,United Kingdom,2011-05-05 18:38:00,2011-05-05 18:38:00,219,1,143.46,5,138,1,1,1,1-1-1,1.0,Churned
15705,United Kingdom,2011-05-22 15:37:00,2011-05-22 15:37:00,202,1,143.1,6,62,1,1,1,1-1-1,1.0,Churned
13299,United Kingdom,2011-03-16 12:55:00,2011-03-16 12:55:00,269,1,142.5,5,30,1,1,1,1-1-1,1.0,Churned
16287,United Kingdom,2011-06-23 09:08:00,2011-06-23 09:08:00,170,1,142.5,8,298,2,1,1,2-1-1,1.33,About To Sleep / Hibernating
13584,United Kingdom,2011-02-06 12:49:00,2011-02-06 12:49:00,307,1,142.4,24,37,1,1,1,1-1-1,1.0,Churned
14386,United Kingdom,2011-02-16 09:45:00,2011-02-16 09:45:00,297,1,142.4,7,54,1,1,1,1-1-1,1.0,Churned
13561,United Kingdom,2011-05-08 12:39:00,2011-05-08 12:39:00,216,1,141.86,14,83,1,1,1,1-1-1,1.0,Churned
14041,United Kingdom,2011-03-18 13:25:00,2011-03-18 13:25:00,267,1,141.41,21,94,1,1,1,1-1-1,1.0,Churned
15388,Canada,2011-03-14 13:53:00,2011-03-14 13:53:00,271,1,140.54,10,88,1,1,1,1-1-1,1.0,Churned
13483,United Kingdom,2011-10-05 11:53:00,2011-10-05 11:53:00,66,1,140.34,10,160,3,1,1,3-1-1,1.67,Promising
14494,United Kingdom,2011-11-14 09:21:00,2011-11-14 09:21:00,26,1,139.56,7,92,4,1,1,4-1-1,2.0,Potential Loyalists
17718,United Kingdom,2011-04-21 13:39:00,2011-04-21 13:39:00,233,1,139.35,6,83,1,1,1,1-1-1,1.0,Churned
16483,United Kingdom,2011-05-31 13:08:00,2011-05-31 13:08:00,193,1,139.35,19,44,1,1,1,1-1-1,1.0,Churned
14772,United Kingdom,2011-08-19 15:04:00,2011-08-19 15:04:00,113,1,139.26,9,82,2,1,1,2-1-1,1.33,About To Sleep / Hibernating
18209,United Kingdom,2011-11-11 12:07:00,2011-11-11 12:07:00,29,1,139.1,8,58,4,1,1,4-1-1,2.0,Potential Loyalists
15135,United Kingdom,2011-04-14 19:16:00,2011-04-14 19:16:00,240,1,139.05,9,43,1,1,1,1-1-1,1.0,Churned
13273,United Kingdom,2011-08-18 14:02:00,2011-08-18 14:02:00,114,1,138.98,16,153,2,1,1,2-1-1,1.33,About To Sleep / Hibernating
12902,United Kingdom,2011-03-20 12:06:00,2011-03-20 12:06:00,265,1,138.68,10,66,1,1,1,1-1-1,1.0,Churned
14581,United Kingdom,2011-11-23 12:39:00,2011-11-23 12:39:00,17,1,138.6,17,217,4,1,1,4-1-1,2.0,Potential Loyalists
17122,United Kingdom,2011-08-12 14:33:00,2011-08-12 14:33:00,120,1,138.32,7,80,2,1,1,2-1-1,1.33,About To Sleep / Hibernating
13716,United Kingdom,2011-03-15 13:49:00,2011-03-15 13:49:00,270,1,138.28,21,138,1,1,1,1-1-1,1.0,Churned
15663,United Kingdom,2011-08-25 15:50:00,2011-08-25 15:50:00,107,1,138.14,9,106,2,1,1,2-1-1,1.33,About To Sleep / Hibernating
12512,Israel,2011-10-04 14:53:00,2011-10-04 14:55:00,67,2,138.03,34,99,3,2,1,3-2-1,2.0,Need Attention
16050,United Kingdom,2011-06-19 11:44:00,2011-06-19 11:44:00,174,1,137.9,10,278,2,1,1,2-1-1,1.33,About To Sleep / Hibernating
13279,United Kingdom,2011-09-22 17:24:00,2011-09-22 17:24:00,79,1,137.75,9,73,2,1,1,2-1-1,1.33,About To Sleep / Hibernating
17709,United Kingdom,2011-06-23 11:55:00,2011-06-23 11:55:00,170,1,137.45,7,17,2,1,1,2-1-1,1.33,About To Sleep / Hibernating
15836,United Kingdom,2011-10-20 17:13:00,2011-10-20 17:13:00,51,1,137.37,10,26,3,1,1,3-1-1,1.67,Promising
14483,United Kingdom,2011-03-03 10:26:00,2011-03-03 10:26:00,282,1,137.1,9,97,1,1,1,1-1-1,1.0,Churned
17468,United Kingdom,2011-11-25 12:52:00,2011-11-29 15:33:00,11,2,137.0,5,116,5,2,1,5-2-1,2.67,Potential Loyalists
15691,United Kingdom,2011-04-01 15:13:00,2011-04-01 15:13:00,253,1,136.8,2,72,1,1,1,1-1-1,1.0,Churned
14247,United Kingdom,2011-03-06 15:21:00,2011-03-06 15:21:00,279,1,136.77,20,47,1,1,1,1-1-1,1.0,Churned
17972,United Kingdom,2011-04-12 12:16:00,2011-04-12 12:16:00,242,1,136.04,31,37,1,1,1,1-1-1,1.0,Churned
16462,United Kingdom,2011-03-01 08:58:00,2011-09-27 10:24:00,74,3,136.0,3,16,2,3,1,2-3-1,2.0,At-Risk
12968,United Kingdom,2011-08-19 15:44:00,2011-08-19 15:44:00,113,1,135.95,5,73,2,1,1,2-1-1,1.33,About To Sleep / Hibernating
15042,United Kingdom,2011-05-24 16:25:00,2011-05-24 16:25:00,200,1,135.93,5,30,1,1,1,1-1-1,1.0,Churned
14889,United Kingdom,2011-01-07 15:19:00,2011-01-07 15:19:00,337,1,135.9,10,90,1,1,1,1-1-1,1.0,Churned
15419,United Kingdom,2011-11-15 09:23:00,2011-11-15 09:23:00,25,1,135.86,8,230,4,1,1,4-1-1,2.0,Potential Loyalists
15174,United Kingdom,2011-01-21 09:06:00,2011-01-21 09:06:00,323,1,135.75,11,145,1,1,1,1-1-1,1.0,Churned
16114,United Kingdom,2011-06-22 10:13:00,2011-06-22 10:13:00,171,1,135.75,8,43,2,1,1,2-1-1,1.33,About To Sleep / Hibernating
16665,United Kingdom,2010-12-12 14:03:00,2010-12-12 14:03:00,363,1,135.4,9,59,1,1,1,1-1-1,1.0,Churned
15276,United Kingdom,2011-10-04 16:39:00,2011-10-04 16:39:00,67,1,135.31,52,64,3,1,1,3-1-1,1.67,Promising
12851,United Kingdom,2011-09-04 12:41:00,2011-09-04 12:41:00,97,1,135.18,50,109,2,1,1,2-1-1,1.33,About To Sleep / Hibernating
13364,United Kingdom,2011-09-29 18:13:00,2011-09-29 18:13:00,72,1,134.96,10,71,2,1,1,2-1-1,1.33,About To Sleep / Hibernating
16055,United Kingdom,2011-05-03 09:26:00,2011-05-03 09:26:00,221,1,134.8,8,22,1,1,1,1-1-1,1.0,Churned
14340,United Kingdom,2011-05-05 09:44:00,2011-05-05 09:44:00,219,1,134.7,6,58,1,1,1,1-1-1,1.0,Churned
15562,United Kingdom,2010-12-23 09:55:00,2010-12-23 09:55:00,352,1,134.55,1,39,1,1,1,1-1-1,1.0,Churned
14174,United Kingdom,2011-11-06 13:17:00,2011-11-06 13:17:00,34,1,134.46,26,94,3,1,1,3-1-1,1.67,Promising
12837,United Kingdom,2011-06-19 16:07:00,2011-06-19 16:07:00,174,1,134.1,12,24,2,1,1,2-1-1,1.33,About To Sleep / Hibernating
14280,United Kingdom,2011-05-27 10:37:00,2011-05-27 10:37:00,197,1,134.04,8,52,1,1,1,1-1-1,1.0,Churned
16424,United Kingdom,2011-06-01 13:40:00,2011-06-01 13:40:00,192,1,133.56,5,88,1,1,1,1-1-1,1.0,Churned
14349,United Kingdom,2011-11-29 15:39:00,2011-11-29 15:39:00,11,1,133.5,31,86,5,1,1,5-1-1,2.33,Potential Loyalists
12445,Spain,2011-11-17 18:43:00,2011-11-17 18:43:00,23,1,133.4,4,62,4,1,1,4-1-1,2.0,Potential Loyalists
17881,United Kingdom,2011-02-08 17:16:00,2011-02-08 17:16:00,305,1,133.35,8,32,1,1,1,1-1-1,1.0,Churned
15709,United Kingdom,2011-03-01 10:38:00,2011-03-01 10:38:00,284,1,133.25,6,121,1,1,1,1-1-1,1.0,Churned
17647,United Kingdom,2011-10-05 15:38:00,2011-10-05 15:38:00,66,1,133.06,7,30,3,1,1,3-1-1,1.67,Promising
17785,United Kingdom,2011-10-17 13:43:00,2011-10-17 13:43:00,54,1,131.94,13,67,3,1,1,3-1-1,1.67,Promising
14438,United Kingdom,2011-02-06 14:56:00,2011-02-06 14:56:00,307,1,131.9,9,82,1,1,1,1-1-1,1.0,Churned
17297,United Kingdom,2011-11-22 14:43:00,2011-11-22 14:43:00,18,1,131.78,51,67,4,1,1,4-1-1,2.0,Potential Loyalists
17455,United Kingdom,2011-05-20 12:31:00,2011-05-20 12:31:00,204,1,131.7,8,66,1,1,1,1-1-1,1.0,Churned
14795,United Kingdom,2011-06-26 13:04:00,2011-06-26 13:04:00,167,1,131.45,6,17,2,1,1,2-1-1,1.33,About To Sleep / Hibernating
15844,United Kingdom,2011-10-24 15:19:00,2011-10-24 15:19:00,47,1,130.74,11,134,3,1,1,3-1-1,1.67,Promising
16679,United Kingdom,2010-12-08 13:51:00,2010-12-08 13:51:00,367,1,129.75,3,29,1,1,1,1-1-1,1.0,Churned
16611,United Kingdom,2011-06-06 15:46:00,2011-06-06 15:46:00,187,1,129.49,10,47,1,1,1,1-1-1,1.0,Churned
16623,United Kingdom,2011-04-08 10:09:00,2011-04-08 10:09:00,246,1,129.45,5,39,1,1,1,1-1-1,1.0,Churned
16828,United Kingdom,2011-08-19 13:24:00,2011-09-07 15:10:00,94,2,128.5,8,59,2,2,1,2-2-1,1.67,About To Sleep / Hibernating
15543,United Kingdom,2011-02-24 15:26:00,2011-02-24 15:26:00,289,1,127.86,28,86,1,1,1,1-1-1,1.0,Churned
17359,United Kingdom,2011-11-28 14:37:00,2011-11-28 14:37:00,12,1,127.86,15,161,5,1,1,5-1-1,2.33,Potential Loyalists
13781,United Kingdom,2011-04-03 12:08:00,2011-04-03 12:08:00,251,1,127.84,17,30,1,1,1,1-1-1,1.0,Churned
15578,United Kingdom,2011-06-30 13:03:00,2011-06-30 13:03:00,163,1,127.1,13,52,2,1,1,2-1-1,1.33,About To Sleep / Hibernating
15923,United Kingdom,2010-12-02 12:16:00,2010-12-02 12:16:00,373,1,127.08,21,122,1,1,1,1-1-1,1.0,Churned
14962,United Kingdom,2011-03-14 09:42:00,2011-03-14 09:42:00,271,1,126.7,5,44,1,1,1,1-1-1,1.0,Churned
16414,United Kingdom,2011-03-04 13:27:00,2011-11-18 09:42:00,22,2,126.25,7,27,4,2,1,4-2-1,2.33,Potential Loyalists
15463,United Kingdom,2011-11-10 12:57:00,2011-11-10 12:57:00,30,1,126.14,7,106,4,1,1,4-1-1,2.0,Potential Loyalists
16988,United Kingdom,2011-12-04 16:02:00,2011-12-04 16:02:00,6,1,126.12,7,43,5,1,1,5-1-1,2.33,Potential Loyalists
12814,Poland,2011-08-30 12:11:00,2011-08-30 12:11:00,102,1,125.92,2,49,2,1,1,2-1-1,1.33,About To Sleep / Hibernating
13522,United Kingdom,2011-11-09 15:11:00,2011-11-09 15:11:00,31,1,125.8,5,44,4,1,1,4-1-1,2.0,Potential Loyalists
14861,United Kingdom,2011-10-18 12:54:00,2011-10-18 12:54:00,53,1,125.79,6,117,3,1,1,3-1-1,1.67,Promising
14890,United Kingdom,2011-03-31 11:57:00,2011-03-31 11:57:00,254,1,125.65,7,51,1,1,1,1-1-1,1.0,Churned
15017,United Kingdom,2011-11-06 10:33:00,2011-11-06 10:33:00,34,1,125.58,20,63,3,1,1,3-1-1,1.67,Promising
12531,Germany,2011-11-25 11:12:00,2011-11-25 11:12:00,15,1,125.22,17,45,4,1,1,4-1-1,2.0,Potential Loyalists
17148,United Kingdom,2011-10-19 09:59:00,2011-10-19 09:59:00,52,1,124.88,9,82,3,1,1,3-1-1,1.67,Promising
16849,United Kingdom,2011-06-06 09:16:00,2011-06-06 09:16:00,187,1,124.57,8,33,1,1,1,1-1-1,1.0,Churned
16569,United Kingdom,2011-12-06 15:32:00,2011-12-06 15:32:00,4,1,124.2,5,93,5,1,1,5-1-1,2.33,Potential Loyalists
14495,United Kingdom,2011-08-10 14:13:00,2011-10-20 12:28:00,51,2,123.8,6,62,3,2,1,3-2-1,2.0,Need Attention
16658,United Kingdom,2010-12-06 13:47:00,2010-12-06 13:47:00,369,1,123.24,8,40,1,1,1,1-1-1,1.0,Churned
15917,United Kingdom,2011-04-06 10:40:00,2011-04-06 10:40:00,248,1,123.1,12,42,1,1,1,1-1-1,1.0,Churned
17967,United Kingdom,2010-12-03 11:19:00,2010-12-03 11:19:00,372,1,123.07,48,80,1,1,1,1-1-1,1.0,Churned
13519,United Kingdom,2011-09-22 18:24:00,2011-09-22 18:24:00,79,1,122.75,8,23,2,1,1,2-1-1,1.33,About To Sleep / Hibernating
14413,United Kingdom,2010-12-12 13:37:00,2010-12-12 13:37:00,363,1,122.7,23,68,1,1,1,1-1-1,1.0,Churned
13876,United Kingdom,2011-10-07 10:22:00,2011-10-07 10:22:00,64,1,122.7,7,36,3,1,1,3-1-1,1.67,Promising
13638,United Kingdom,2011-11-24 10:38:00,2011-11-24 10:38:00,16,1,122.64,8,93,4,1,1,4-1-1,2.0,Potential Loyalists
14165,United Kingdom,2011-03-09 12:39:00,2011-03-09 12:39:00,276,1,122.54,25,54,1,1,1,1-1-1,1.0,Churned
14076,United Kingdom,2011-08-02 15:19:00,2011-08-02 15:19:00,130,1,122.47,46,81,2,1,1,2-1-1,1.33,About To Sleep / Hibernating
16073,United Kingdom,2011-02-15 15:41:00,2011-02-15 15:41:00,298,1,122.4,1,48,1,1,1,1-1-1,1.0,Churned
18018,United Kingdom,2011-05-24 13:22:00,2011-08-23 17:37:00,109,2,122.14,29,55,2,2,1,2-2-1,1.67,About To Sleep / Hibernating
13244,United Kingdom,2011-09-08 11:46:00,2011-09-08 11:46:00,93,1,121.74,27,38,2,1,1,2-1-1,1.33,About To Sleep / Hibernating
13182,United Kingdom,2011-10-25 13:46:00,2011-10-25 13:46:00,46,1,121.18,11,201,3,1,1,3-1-1,1.67,Promising
15049,United Kingdom,2011-03-11 12:13:00,2011-03-11 12:13:00,274,1,121.17,3,63,1,1,1,1-1-1,1.0,Churned
15512,United Kingdom,2010-12-15 12:01:00,2011-07-07 10:20:00,156,2,121.0,7,68,2,2,1,2-2-1,1.67,About To Sleep / Hibernating
13002,United Kingdom,2011-01-25 15:18:00,2011-01-25 15:18:00,319,1,120.95,7,73,1,1,1,1-1-1,1.0,Churned
17446,United Kingdom,2011-02-02 14:40:00,2011-06-16 10:42:00,177,2,120.9,9,198,2,2,1,2-2-1,1.67,About To Sleep / Hibernating
18015,United Kingdom,2011-12-05 14:49:00,2011-12-05 14:49:00,5,1,120.03,46,157,5,1,1,5-1-1,2.33,Potential Loyalists
14259,United Kingdom,2011-07-21 10:44:00,2011-07-21 10:44:00,142,1,120.0,5,68,2,1,1,2-1-1,1.33,About To Sleep / Hibernating
14314,United Kingdom,2011-08-25 10:39:00,2011-08-25 10:39:00,107,1,120.0,8,296,2,1,1,2-1-1,1.33,About To Sleep / Hibernating
14453,United Kingdom,2011-06-02 14:15:00,2011-06-02 14:15:00,191,1,119.93,22,49,1,1,1,1-1-1,1.0,Churned
16542,United Kingdom,2011-10-17 10:47:00,2011-10-17 10:47:00,54,1,119.62,5,46,3,1,1,3-1-1,1.67,Promising
15266,United Kingdom,2011-01-05 13:40:00,2011-01-05 13:40:00,339,1,119.3,6,18,1,1,1,1-1-1,1.0,Churned
16666,United Kingdom,2011-11-20 14:01:00,2011-11-20 14:01:00,20,1,118.98,32,233,4,1,1,4-1-1,2.0,Potential Loyalists
15843,United Kingdom,2011-02-09 10:19:00,2011-02-09 10:19:00,304,1,118.95,8,27,1,1,1,1-1-1,1.0,Churned
17079,United Kingdom,2011-09-22 15:34:00,2011-09-22 15:34:00,79,1,118.8,2,24,2,1,1,2-1-1,1.33,About To Sleep / Hibernating
14155,United Kingdom,2011-03-18 14:13:00,2011-03-18 14:13:00,267,1,118.75,6,25,1,1,1,1-1-1,1.0,Churned
13581,United Kingdom,2011-02-03 14:41:00,2011-02-03 14:41:00,310,1,118.0,10,30,1,1,1,1-1-1,1.0,Churned
13193,United Kingdom,2011-10-09 14:30:00,2011-10-09 14:30:00,62,1,117.88,29,50,3,1,1,3-1-1,1.67,Promising
12929,United Kingdom,2011-02-01 12:08:00,2011-02-01 12:08:00,312,1,117.85,8,37,1,1,1,1-1-1,1.0,Churned
17654,United Kingdom,2011-03-07 13:17:00,2011-03-07 13:17:00,278,1,117.55,22,41,1,1,1,1-1-1,1.0,Churned
16959,United Kingdom,2011-09-13 15:03:00,2011-09-13 15:03:00,88,1,117.35,7,49,2,1,1,2-1-1,1.33,About To Sleep / Hibernating
13877,United Kingdom,2011-09-14 15:49:00,2011-09-14 15:49:00,87,1,117.24,3,108,2,1,1,2-1-1,1.33,About To Sleep / Hibernating
17117,United Kingdom,2011-02-24 13:54:00,2011-02-24 13:54:00,289,1,116.2,9,68,1,1,1,1-1-1,1.0,Churned
17601,United Kingdom,2011-04-14 18:02:00,2011-04-14 18:02:00,240,1,116.01,9,103,1,1,1,1-1-1,1.0,Churned
13170,United Kingdom,2011-11-13 12:19:00,2011-11-13 12:19:00,27,1,116.01,32,147,4,1,1,4-1-1,2.0,Potential Loyalists
14143,United Kingdom,2011-07-29 09:48:00,2011-07-29 09:48:00,134,1,115.8,7,30,2,1,1,2-1-1,1.33,About To Sleep / Hibernating
15350,United Kingdom,2010-12-01 13:33:00,2010-12-01 13:33:00,374,1,115.65,5,51,1,1,1,1-1-1,1.0,Churned
13067,United Kingdom,2011-09-18 13:38:00,2011-09-18 13:38:00,83,1,115.46,15,32,2,1,1,2-1-1,1.33,About To Sleep / Hibernating
18027,United Kingdom,2011-09-02 10:38:00,2011-09-02 10:38:00,99,1,115.31,21,78,2,1,1,2-1-1,1.33,About To Sleep / Hibernating
14972,United Kingdom,2011-08-03 14:54:00,2011-08-03 14:54:00,129,1,114.77,18,28,2,1,1,2-1-1,1.33,About To Sleep / Hibernating
13188,United Kingdom,2011-11-28 15:28:00,2011-11-28 15:28:00,12,1,114.6,2,25,5,1,1,5-1-1,2.33,Potential Loyalists
14632,United Kingdom,2011-03-22 08:49:00,2011-03-22 08:49:00,263,1,114.56,8,96,1,1,1,1-1-1,1.0,Churned
16247,United Kingdom,2011-06-22 14:23:00,2011-06-22 14:23:00,171,1,114.56,16,182,2,1,1,2-1-1,1.33,About To Sleep / Hibernating
14974,United Kingdom,2011-11-02 13:01:00,2011-11-02 13:01:00,38,1,114.39,21,44,3,1,1,3-1-1,1.67,Promising
17852,United Kingdom,2011-11-28 12:31:00,2011-11-28 12:36:00,12,2,114.34,24,53,5,2,1,5-2-1,2.67,Potential Loyalists
17219,United Kingdom,2011-11-08 11:25:00,2011-11-08 11:25:00,32,1,114.23,25,89,4,1,1,4-1-1,2.0,Potential Loyalists
14652,United Kingdom,2011-09-23 14:21:00,2011-09-23 14:21:00,78,1,114.18,29,53,2,1,1,2-1-1,1.33,About To Sleep / Hibernating
12938,United Kingdom,2011-11-14 11:21:00,2011-11-14 11:21:00,26,1,114.14,9,140,4,1,1,4-1-1,2.0,Potential Loyalists
14582,United Kingdom,2011-10-30 11:56:00,2011-10-30 11:56:00,41,1,114.11,6,73,3,1,1,3-1-1,1.67,Promising
12651,France,2011-01-09 12:46:00,2011-01-09 12:46:00,335,1,114.0,9,78,1,1,1,1-1-1,1.0,Churned
14457,United Kingdom,2011-02-02 09:39:00,2011-02-02 09:39:00,311,1,113.64,4,88,1,1,1,1-1-1,1.0,Churned
15445,United Kingdom,2011-03-20 15:06:00,2011-03-20 15:06:00,265,1,113.5,5,58,1,1,1,1-1-1,1.0,Churned
17217,United Kingdom,2011-04-19 17:19:00,2011-04-19 17:19:00,235,1,113.5,9,24,1,1,1,1-1-1,1.0,Churned
18105,United Kingdom,2011-11-02 12:04:00,2011-11-02 12:04:00,38,1,113.48,18,46,3,1,1,3-1-1,1.67,Promising
16913,United Kingdom,2011-02-22 12:56:00,2011-02-22 12:56:00,291,1,113.44,8,82,1,1,1,1-1-1,1.0,Churned
15280,United Kingdom,2011-06-20 17:14:00,2011-06-20 17:14:00,173,1,113.12,16,154,2,1,1,2-1-1,1.33,About To Sleep / Hibernating
14689,United Kingdom,2011-05-15 11:22:00,2011-05-15 11:22:00,209,1,112.8,13,76,1,1,1,1-1-1,1.0,Churned
13161,United Kingdom,2011-01-30 14:03:00,2011-01-30 14:03:00,314,1,112.75,8,29,1,1,1,1-1-1,1.0,Churned
16697,United Kingdom,2011-04-12 17:12:00,2011-04-12 17:12:00,242,1,112.75,21,27,1,1,1,1-1-1,1.0,Churned
13807,United Kingdom,2010-12-07 15:48:00,2010-12-07 15:48:00,368,1,112.6,7,36,1,1,1,1-1-1,1.0,Churned
18129,United Kingdom,2011-04-10 14:16:00,2011-04-10 14:16:00,244,1,112.55,14,48,1,1,1,1-1-1,1.0,Churned
15610,United Kingdom,2011-10-19 10:36:00,2011-10-19 10:36:00,52,1,112.46,6,66,3,1,1,3-1-1,1.67,Promising
17038,United Kingdom,2011-11-09 13:50:00,2011-11-09 13:50:00,31,1,112.4,22,28,4,1,1,4-1-1,2.0,Potential Loyalists
14271,United Kingdom,2011-04-28 12:47:00,2011-04-28 12:47:00,226,1,112.32,10,88,1,1,1,1-1-1,1.0,Churned
17893,United Kingdom,2011-04-28 13:50:00,2011-04-28 13:50:00,226,1,112.25,16,161,1,1,1,1-1-1,1.0,Churned
17900,United Kingdom,2011-06-02 14:28:00,2011-06-02 14:38:00,191,2,112.2,6,73,1,2,1,1-2-1,1.33,Churned
12756,Japan,2011-09-14 09:31:00,2011-09-14 09:31:00,87,1,112.08,4,144,2,1,1,2-1-1,1.33,About To Sleep / Hibernating
17274,United Kingdom,2011-11-04 13:16:00,2011-11-04 13:16:00,36,1,111.98,27,79,3,1,1,3-1-1,1.67,Promising
17957,United Kingdom,2011-10-04 14:58:00,2011-10-04 14:58:00,67,1,111.68,31,287,3,1,1,3-1-1,1.67,Promising
17887,United Kingdom,2011-08-02 17:29:00,2011-08-02 17:29:00,130,1,111.35,10,30,2,1,1,2-1-1,1.33,About To Sleep / Hibernating
18120,United Kingdom,2011-05-09 13:45:00,2011-05-09 13:45:00,215,1,111.15,17,31,1,1,1,1-1-1,1.0,Churned
13508,United Kingdom,2011-04-10 11:58:00,2011-04-10 11:58:00,244,1,110.97,12,24,1,1,1,1-1-1,1.0,Churned
13144,United Kingdom,2011-01-11 11:15:00,2011-01-11 11:15:00,333,1,110.95,3,21,1,1,1,1-1-1,1.0,Churned
15537,United Kingdom,2011-06-29 13:10:00,2011-06-29 13:10:00,164,1,110.92,24,29,2,1,1,2-1-1,1.33,About To Sleep / Hibernating
15853,United Kingdom,2011-10-19 10:38:00,2011-10-19 10:38:00,52,1,110.8,30,135,3,1,1,3-1-1,1.67,Promising
17349,United Kingdom,2011-06-13 14:29:00,2011-06-13 14:29:00,180,1,110.75,9,112,1,1,1,1-1-1,1.0,Churned
16963,United Kingdom,2011-06-05 13:48:00,2011-06-05 13:48:00,188,1,110.55,7,35,1,1,1,1-1-1,1.0,Churned
14641,United Kingdom,2011-11-18 10:42:00,2011-11-18 10:42:00,22,1,110.46,7,90,4,1,1,4-1-1,2.0,Potential Loyalists
12734,France,2010-12-22 12:47:00,2010-12-22 12:47:00,353,1,110.4,4,88,1,1,1,1-1-1,1.0,Churned
16792,United Kingdom,2011-03-02 14:39:00,2011-03-02 14:41:00,283,2,110.38,12,44,1,2,1,1-2-1,1.33,Churned
18277,United Kingdom,2011-10-12 15:22:00,2011-10-12 15:22:00,59,1,110.38,8,68,3,1,1,3-1-1,1.67,Promising
17901,United Kingdom,2011-11-10 17:29:00,2011-11-10 17:29:00,30,1,110.38,19,24,4,1,1,4-1-1,2.0,Potential Loyalists
17746,United Kingdom,2011-04-13 14:31:00,2011-04-13 14:31:00,241,1,110.25,6,29,1,1,1,1-1-1,1.0,Churned
17836,United Kingdom,2011-10-23 16:13:00,2011-10-23 16:13:00,48,1,110.21,24,88,3,1,1,3-1-1,1.67,Promising
16339,United Kingdom,2011-02-28 13:41:00,2011-02-28 13:41:00,285,1,109.95,20,23,1,1,1,1-1-1,1.0,Churned
13133,United Kingdom,2011-02-08 15:48:00,2011-03-11 10:31:00,274,2,109.8,7,32,1,2,1,1-2-1,1.33,Churned
16363,United Kingdom,2011-10-17 14:14:00,2011-10-17 14:14:00,54,1,109.36,5,52,3,1,1,3-1-1,1.67,Promising
14699,United Kingdom,2011-05-09 14:54:00,2011-05-09 14:54:00,215,1,109.13,8,77,1,1,1,1-1-1,1.0,Churned
14345,United Kingdom,2011-11-01 09:51:00,2011-11-01 09:51:00,39,1,108.98,6,50,3,1,1,3-1-1,1.67,Promising
17639,United Kingdom,2011-03-08 15:22:00,2011-03-08 15:22:00,277,1,108.5,7,49,1,1,1,1-1-1,1.0,Churned
16106,United Kingdom,2011-10-05 10:37:00,2011-10-05 10:37:00,66,1,108.38,6,74,3,1,1,3-1-1,1.67,Promising
13226,United Kingdom,2011-03-11 14:35:00,2011-03-11 14:35:00,274,1,108.21,16,80,1,1,1,1-1-1,1.0,Churned
12956,United Kingdom,2011-02-06 16:08:00,2011-02-06 16:08:00,307,1,108.07,19,34,1,1,1,1-1-1,1.0,Churned
14661,United Kingdom,2011-11-13 11:51:00,2011-11-13 11:51:00,27,1,107.95,4,35,4,1,1,4-1-1,2.0,Potential Loyalists
16784,United Kingdom,2011-11-20 12:20:00,2011-11-20 12:20:00,20,1,107.6,3,24,4,1,1,4-1-1,2.0,Potential Loyalists
15395,United Kingdom,2011-01-18 12:40:00,2011-01-18 12:40:00,326,1,107.45,7,17,1,1,1,1-1-1,1.0,Churned
16757,United Kingdom,2011-01-25 11:59:00,2011-01-25 11:59:00,319,1,106.83,7,81,1,1,1,1-1-1,1.0,Churned
15168,United Kingdom,2011-11-14 11:26:00,2011-11-14 11:26:00,26,1,106.56,5,52,4,1,1,4-1-1,2.0,Potential Loyalists
15070,United Kingdom,2010-12-02 11:23:00,2010-12-02 11:23:00,373,1,106.2,1,36,1,1,1,1-1-1,1.0,Churned
17791,United Kingdom,2011-11-10 12:09:00,2011-11-10 12:09:00,30,1,106.1,10,46,4,1,1,4-1-1,2.0,Potential Loyalists
16581,United Kingdom,2011-06-10 10:05:00,2011-06-10 10:05:00,183,1,105.84,9,134,1,1,1,1-1-1,1.0,Churned
15775,United Kingdom,2011-04-08 12:56:00,2011-04-08 12:56:00,246,1,104.9,7,68,1,1,1,1-1-1,1.0,Churned
14027,United Kingdom,2011-10-10 09:01:00,2011-10-10 09:01:00,61,1,104.82,6,62,3,1,1,3-1-1,1.67,Promising
15607,United Kingdom,2011-01-07 12:44:00,2011-01-07 12:44:00,337,1,104.76,13,202,1,1,1,1-1-1,1.0,Churned
15958,United Kingdom,2011-09-26 13:41:00,2011-09-26 13:41:00,75,1,104.35,7,33,2,1,1,2-1-1,1.33,About To Sleep / Hibernating
18174,United Kingdom,2011-12-02 16:56:00,2011-12-02 16:56:00,8,1,104.0,1,50,5,1,1,5-1-1,2.33,Potential Loyalists
17548,United Kingdom,2011-04-20 12:01:00,2011-04-20 12:01:00,234,1,103.3,5,58,1,1,1,1-1-1,1.0,Churned
18255,United Kingdom,2011-09-11 13:16:00,2011-09-11 13:16:00,90,1,103.3,6,74,2,1,1,2-1-1,1.33,About To Sleep / Hibernating
14542,United Kingdom,2011-06-07 08:19:00,2011-06-07 08:19:00,186,1,103.25,5,19,1,1,1,1-1-1,1.0,Churned
17962,United Kingdom,2011-07-20 14:16:00,2011-07-20 14:16:00,143,1,102.83,35,128,2,1,1,2-1-1,1.33,About To Sleep / Hibernating
18011,United Kingdom,2010-12-01 17:35:00,2010-12-01 17:35:00,374,1,102.79,28,71,1,1,1,1-1-1,1.0,Churned
14836,United Kingdom,2011-11-09 13:26:00,2011-11-29 16:45:00,11,3,102.45,6,45,5,3,1,5-3-1,3.0,Loyal Customers
14981,United Kingdom,2011-04-07 13:45:00,2011-04-07 13:45:00,247,1,102.12,8,97,1,1,1,1-1-1,1.0,Churned
13948,United Kingdom,2010-12-14 10:18:00,2010-12-14 10:18:00,361,1,102.0,3,40,1,1,1,1-1-1,1.0,Churned
15212,United Kingdom,2011-04-12 13:45:00,2011-04-12 13:45:00,242,1,101.8,5,36,1,1,1,1-1-1,1.0,Churned
18068,United Kingdom,2011-02-23 14:50:00,2011-02-23 14:50:00,290,1,101.7,1,6,1,1,1,1-1-1,1.0,Churned
16516,United Kingdom,2011-11-09 14:59:00,2011-11-09 14:59:00,31,1,101.7,6,58,4,1,1,4-1-1,2.0,Potential Loyalists
17643,United Kingdom,2010-12-01 14:38:00,2010-12-01 14:38:00,374,1,101.55,8,71,1,1,1,1-1-1,1.0,Churned
16006,United Kingdom,2011-05-12 13:12:00,2011-05-12 13:12:00,212,1,101.4,8,84,1,1,1,1-1-1,1.0,Churned
18086,United Kingdom,2011-03-10 13:34:00,2011-03-10 13:34:00,275,1,101.34,7,106,1,1,1,1-1-1,1.0,Churned
13101,United Kingdom,2011-04-19 14:37:00,2011-04-19 14:37:00,235,1,101.19,8,113,1,1,1,1-1-1,1.0,Churned
16344,United Kingdom,2011-07-04 15:50:00,2011-07-04 15:50:00,159,1,101.1,2,18,2,1,1,2-1-1,1.33,About To Sleep / Hibernating
16498,United Kingdom,2011-06-30 19:52:00,2011-07-01 15:07:00,162,2,100.97,15,45,2,2,1,2-2-1,1.67,About To Sleep / Hibernating
14946,United Kingdom,2011-11-25 13:33:00,2011-11-25 13:33:00,15,1,100.9,3,22,4,1,1,4-1-1,2.0,Potential Loyalists
17427,United Kingdom,2011-09-29 11:29:00,2011-09-29 11:29:00,72,1,100.8,2,34,2,1,1,2-1-1,1.33,About To Sleep / Hibernating
14371,United Kingdom,2011-02-17 16:35:00,2011-02-17 16:35:00,296,1,100.5,4,34,1,1,1,1-1-1,1.0,Churned
13703,United Kingdom,2011-01-25 13:10:00,2011-01-25 13:10:00,319,1,99.5,1,10,1,1,1,1-1-1,1.0,Churned
17939,United Kingdom,2011-07-03 12:27:00,2011-07-03 12:27:00,160,1,99.14,12,40,2,1,1,2-1-1,1.33,About To Sleep / Hibernating
15256,United Kingdom,2011-07-14 11:47:00,2011-07-14 11:47:00,149,1,98.45,6,55,2,1,1,2-1-1,1.33,About To Sleep / Hibernating
17538,United Kingdom,2011-11-14 12:12:00,2011-11-14 12:12:00,26,1,98.42,9,134,4,1,1,4-1-1,2.0,Potential Loyalists
17895,United Kingdom,2011-10-26 17:00:00,2011-10-26 17:00:00,45,1,98.0,16,130,3,1,1,3-1-1,1.67,Promising
18033,United Kingdom,2011-10-05 17:28:00,2011-10-05 17:28:00,66,1,97.97,34,253,3,1,1,3-1-1,1.67,Promising
15422,United Kingdom,2011-01-20 14:17:00,2011-01-20 16:17:00,324,2,97.7,6,38,1,2,1,1-2-1,1.33,Churned
12984,United Kingdom,2011-11-21 12:37:00,2011-11-21 12:37:00,19,1,97.5,4,26,4,1,1,4-1-1,2.0,Potential Loyalists
17325,United Kingdom,2011-03-04 13:09:00,2011-03-04 13:09:00,281,1,96.8,6,60,1,1,1,1-1-1,1.0,Churned
15216,United Kingdom,2011-09-13 11:41:00,2011-09-13 11:41:00,88,1,96.6,2,28,2,1,1,2-1-1,1.33,About To Sleep / Hibernating
14642,United Kingdom,2011-10-12 11:08:00,2011-10-12 11:08:00,59,1,96.12,2,76,3,1,1,3-1-1,1.67,Promising
17024,United Kingdom,2011-07-05 09:31:00,2011-10-25 13:47:00,46,3,95.85,3,69,3,3,1,3-3-1,2.33,Loyal Customers
18249,United Kingdom,2011-11-22 15:07:00,2011-11-22 15:07:00,18,1,95.34,8,128,4,1,1,4-1-1,2.0,Potential Loyalists
12548,Spain,2011-06-26 15:35:00,2011-06-26 15:35:00,167,1,95.2,5,49,2,1,1,2-1-1,1.33,About To Sleep / Hibernating
16387,United Kingdom,2011-01-21 11:34:00,2011-01-21 11:34:00,323,1,94.36,4,44,1,1,1,1-1-1,1.0,Churned
13651,United Kingdom,2011-10-31 12:11:00,2011-11-04 14:59:00,36,2,94.2,6,33,3,2,1,3-2-1,2.0,Need Attention
15397,United Kingdom,2011-02-23 09:25:00,2011-02-23 09:25:00,290,1,94.0,6,20,1,1,1,1-1-1,1.0,Churned
15428,United Kingdom,2011-11-24 16:54:00,2011-11-24 16:54:00,16,1,93.78,6,102,4,1,1,4-1-1,2.0,Potential Loyalists
18227,United Kingdom,2011-05-06 12:23:00,2011-05-06 12:23:00,218,1,93.75,5,21,1,1,1,1-1-1,1.0,Churned
13283,United Kingdom,2011-06-07 12:39:00,2011-10-11 09:50:00,60,2,93.66,7,90,3,2,1,3-2-1,2.0,Need Attention
17991,United Kingdom,2011-04-27 16:39:00,2011-04-28 15:58:00,226,2,93.35,5,25,1,2,1,1-2-1,1.33,Churned
12821,United Kingdom,2011-05-09 15:51:00,2011-05-09 15:51:00,215,1,92.72,6,70,1,1,1,1-1-1,1.0,Churned
14054,United Kingdom,2011-10-05 15:49:00,2011-10-05 15:49:00,66,1,92.46,6,62,3,1,1,3-1-1,1.67,Promising
12789,Netherlands,2011-10-05 13:34:00,2011-10-05 13:34:00,66,1,91.85,4,4,3,1,1,3-1-1,1.67,Promising
13551,United Kingdom,2011-01-24 14:46:00,2011-01-24 14:46:00,320,1,91.8,4,12,1,1,1,1-1-1,1.0,Churned
13160,United Kingdom,2011-11-17 13:07:00,2011-11-17 13:07:00,23,1,91.8,4,56,4,1,1,4-1-1,2.0,Potential Loyalists
12659,France,2011-11-10 11:53:00,2011-11-10 11:53:00,30,1,91.68,5,105,4,1,1,4-1-1,2.0,Potential Loyalists
15488,United Kingdom,2011-09-08 10:11:00,2011-09-08 10:11:00,93,1,91.32,2,73,2,1,1,2-1-1,1.33,About To Sleep / Hibernating
14353,United Kingdom,2011-05-08 16:06:00,2011-05-08 16:06:00,216,1,90.6,6,64,1,1,1,1-1-1,1.0,Churned
13947,United Kingdom,2011-10-05 14:42:00,2011-10-05 14:42:00,66,1,90.6,5,44,3,1,1,3-1-1,1.67,Promising
18084,United Kingdom,2011-11-23 13:57:00,2011-11-23 13:57:00,17,1,90.48,1,312,4,1,1,4-1-1,2.0,Potential Loyalists
16506,United Kingdom,2011-10-30 15:50:00,2011-11-20 12:17:00,20,2,90.3,3,42,4,2,1,4-2-1,2.33,Potential Loyalists
15552,United Kingdom,2011-05-06 14:47:00,2011-05-06 14:47:00,218,1,90.12,17,60,1,1,1,1-1-1,1.0,Churned
16597,United Kingdom,2011-12-05 15:44:00,2011-12-05 15:44:00,5,1,90.04,7,184,5,1,1,5-1-1,2.33,Potential Loyalists
14117,United Kingdom,2011-07-19 09:49:00,2011-07-19 09:49:00,144,1,90.0,3,72,2,1,1,2-1-1,1.33,About To Sleep / Hibernating
14219,United Kingdom,2011-12-05 16:23:00,2011-12-05 16:23:00,5,1,89.94,7,78,5,1,1,5-1-1,2.33,Potential Loyalists
14760,United Kingdom,2011-02-15 16:27:00,2011-02-15 16:27:00,298,1,89.2,5,40,1,1,1,1-1-1,1.0,Churned
12686,France,2010-12-03 09:51:00,2010-12-03 09:51:00,372,1,89.14,7,107,1,1,1,1-1-1,1.0,Churned
14436,United Kingdom,2011-09-02 10:13:00,2011-09-02 10:13:00,99,1,89.06,9,129,2,1,1,2-1-1,1.33,About To Sleep / Hibernating
12353,Bahrain,2011-05-19 17:47:00,2011-05-19 17:47:00,205,1,89.0,4,20,1,1,1,1-1-1,1.0,Churned
15083,United Kingdom,2011-03-28 12:18:00,2011-03-28 12:18:00,257,1,88.2,5,38,1,1,1,1-1-1,1.0,Churned
15180,United Kingdom,2010-12-07 14:57:00,2010-12-07 14:57:00,368,1,87.5,6,36,1,1,1,1-1-1,1.0,Churned
13296,United Kingdom,2011-07-25 13:46:00,2011-07-25 13:46:00,138,1,87.4,5,78,2,1,1,2-1-1,1.33,About To Sleep / Hibernating
15541,United Kingdom,2011-08-17 14:58:00,2011-08-17 14:58:00,115,1,85.13,29,49,2,1,1,2-1-1,1.33,About To Sleep / Hibernating
13841,United Kingdom,2011-04-01 12:10:00,2011-04-01 12:10:00,253,1,85.0,1,100,1,1,1,1-1-1,1.0,Churned
15729,United Kingdom,2011-05-11 12:36:00,2011-05-11 12:36:00,213,1,85.0,5,28,1,1,1,1-1-1,1.0,Churned
13666,United Kingdom,2011-02-25 13:05:00,2011-10-10 15:39:00,61,3,84.65,12,41,3,3,1,3-3-1,2.33,Loyal Customers
12401,Belgium,2011-02-09 13:50:00,2011-02-09 13:50:00,304,1,84.3,5,11,1,1,1,1-1-1,1.0,Churned
17309,United Kingdom,2011-09-05 15:20:00,2011-09-05 15:20:00,96,1,82.75,12,41,2,1,1,2-1-1,1.33,About To Sleep / Hibernating
13006,United Kingdom,2011-10-14 13:49:00,2011-10-14 13:49:00,57,1,81.57,4,55,3,1,1,3-1-1,1.67,Promising
17620,United Kingdom,2011-10-11 12:08:00,2011-10-11 12:08:00,60,1,81.44,4,60,3,1,1,3-1-1,1.67,Promising
18281,United Kingdom,2011-06-12 10:53:00,2011-06-12 10:53:00,181,1,80.82,7,54,1,1,1,1-1-1,1.0,Churned
16789,United Kingdom,2011-12-01 15:12:00,2011-12-01 15:12:00,9,1,80.8,5,32,5,1,1,5-1-1,2.33,Potential Loyalists
13967,United Kingdom,2011-07-17 12:02:00,2011-07-17 12:02:00,146,1,80.7,2,42,2,1,1,2-1-1,1.33,About To Sleep / Hibernating
17752,United Kingdom,2010-12-15 16:19:00,2010-12-15 16:19:00,360,1,80.64,1,192,1,1,1,1-1-1,1.0,Churned
13747,United Kingdom,2010-12-01 10:37:00,2010-12-01 10:37:00,374,1,79.6,1,8,1,1,1,1-1-1,1.0,Churned
15753,United Kingdom,2011-02-08 12:41:00,2011-02-08 12:41:00,305,1,79.2,1,144,1,1,1,1-1-1,1.0,Churned
16078,United Kingdom,2011-03-01 09:47:00,2011-03-01 09:47:00,284,1,79.2,1,16,1,1,1,1-1-1,1.0,Churned
17942,United Kingdom,2011-12-02 10:45:00,2011-12-02 10:45:00,8,1,77.5,2,38,5,1,1,5-1-1,2.33,Potential Loyalists
14785,United Kingdom,2011-11-24 13:40:00,2011-11-29 13:21:00,11,2,77.4,3,84,5,2,1,5-2-1,2.67,Potential Loyalists
13132,United Kingdom,2011-03-23 12:44:00,2011-03-23 12:44:00,262,1,77.3,3,20,1,1,1,1-1-1,1.0,Churned
13992,United Kingdom,2011-11-09 15:23:00,2011-11-09 15:23:00,31,1,76.8,5,64,4,1,1,4-1-1,2.0,Potential Loyalists
14373,United Kingdom,2010-12-16 15:40:00,2010-12-16 15:40:00,359,1,76.55,4,17,1,1,1,1-1-1,1.0,Churned
17536,United Kingdom,2011-06-15 13:23:00,2011-06-15 13:23:00,178,1,76.5,3,6,2,1,1,2-1-1,1.33,About To Sleep / Hibernating
13106,United Kingdom,2011-07-29 15:12:00,2011-07-29 15:12:00,134,1,76.5,1,18,2,1,1,2-1-1,1.33,About To Sleep / Hibernating
18113,United Kingdom,2010-12-06 12:31:00,2010-12-06 12:31:00,369,1,76.32,1,72,1,1,1,1-1-1,1.0,Churned
14090,United Kingdom,2011-01-19 10:51:00,2011-01-19 10:51:00,325,1,76.32,1,72,1,1,1,1-1-1,1.0,Churned
16148,United Kingdom,2011-02-16 14:01:00,2011-02-16 14:01:00,297,1,76.32,1,72,1,1,1,1-1-1,1.0,Churned
15668,United Kingdom,2011-05-06 10:39:00,2011-05-06 10:39:00,218,1,76.32,1,72,1,1,1,1-1-1,1.0,Churned
17995,United Kingdom,2011-03-03 12:30:00,2011-03-03 12:30:00,282,1,76.1,2,133,1,1,1,1-1-1,1.0,Churned
17628,United Kingdom,2011-09-19 15:21:00,2011-09-19 15:21:00,82,1,75.75,5,79,2,1,1,2-1-1,1.33,About To Sleep / Hibernating
16610,United Kingdom,2011-05-04 13:13:00,2011-05-04 13:13:00,220,1,75.66,6,66,1,1,1,1-1-1,1.0,Churned
13403,United Kingdom,2011-11-22 08:28:00,2011-11-22 08:28:00,18,1,75.0,3,44,4,1,1,4-1-1,2.0,Potential Loyalists
16468,United Kingdom,2011-09-26 14:13:00,2011-09-26 14:13:00,75,1,74.9,2,31,2,1,1,2-1-1,1.33,About To Sleep / Hibernating
18050,United Kingdom,2010-12-15 14:25:00,2010-12-15 14:25:00,360,1,74.4,5,40,1,1,1,1-1-1,1.0,Churned
13095,United Kingdom,2011-09-30 12:03:00,2011-09-30 12:03:00,71,1,74.4,6,144,3,1,1,3-1-1,1.67,Promising
17960,United Kingdom,2011-06-21 14:15:00,2011-06-21 14:15:00,172,1,73.78,26,41,2,1,1,2-1-1,1.33,About To Sleep / Hibernating
18032,United Kingdom,2011-01-09 15:32:00,2011-01-09 15:32:00,335,1,73.5,5,42,1,1,1,1-1-1,1.0,Churned
12506,France,2011-04-21 08:54:00,2011-04-21 08:54:00,233,1,73.5,23,23,1,1,1,1-1-1,1.0,Churned
16171,United Kingdom,2011-10-11 14:51:00,2011-10-11 14:51:00,60,1,73.2,3,24,3,1,1,3-1-1,1.67,Promising
17906,United Kingdom,2011-04-06 17:25:00,2011-04-06 17:25:00,248,1,72.9,12,26,1,1,1,1-1-1,1.0,Churned
13686,United Kingdom,2011-06-10 09:10:00,2011-06-10 09:10:00,183,1,72.0,8,70,1,1,1,1-1-1,1.0,Churned
13938,United Kingdom,2011-11-04 14:37:00,2011-11-04 14:37:00,36,1,71.66,7,70,3,1,1,3-1-1,1.67,Promising
13185,United Kingdom,2011-03-17 11:56:00,2011-03-17 11:56:00,268,1,71.4,1,12,1,1,1,1-1-1,1.0,Churned
17747,United Kingdom,2011-08-19 08:13:00,2011-08-19 08:13:00,113,1,71.4,1,12,2,1,1,2-1-1,1.33,About To Sleep / Hibernating
17022,United Kingdom,2011-11-08 17:09:00,2011-11-08 17:09:00,32,1,71.0,7,108,4,1,1,4-1-1,2.0,Potential Loyalists
18037,United Kingdom,2010-12-12 16:20:00,2011-07-08 13:39:00,155,6,70.02,19,20,2,4,1,2-4-1,2.33,At-Risk
15863,United Kingdom,2011-05-31 11:36:00,2011-11-14 12:49:00,26,2,68.84,18,19,4,2,1,4-2-1,2.33,Potential Loyalists
14393,United Kingdom,2011-05-05 18:16:00,2011-05-05 18:16:00,219,1,67.95,5,13,1,1,1,1-1-1,1.0,Churned
13684,United Kingdom,2011-02-27 10:13:00,2011-02-27 10:13:00,286,1,67.23,30,39,1,1,1,1-1-1,1.0,Churned
17382,United Kingdom,2011-10-05 13:05:00,2011-10-05 13:05:00,66,1,65.4,2,25,3,1,1,3-1-1,1.67,Promising
13130,United Kingdom,2011-09-06 15:30:00,2011-09-06 15:30:00,95,1,64.0,2,32,2,1,1,2-1-1,1.33,About To Sleep / Hibernating
13302,United Kingdom,2011-07-07 17:56:00,2011-07-07 17:56:00,156,1,63.75,1,5,2,1,1,2-1-1,1.33,About To Sleep / Hibernating
17263,United Kingdom,2011-05-15 14:32:00,2011-05-15 14:32:00,209,1,63.44,23,36,1,1,1,1-1-1,1.0,Churned
14437,United Kingdom,2010-12-09 09:27:00,2010-12-09 09:27:00,366,1,63.0,5,60,1,1,1,1-1-1,1.0,Churned
12665,Germany,2011-01-19 08:34:00,2011-01-19 08:34:00,325,1,63.0,3,37,1,1,1,1-1-1,1.0,Churned
14840,United Kingdom,2011-03-17 12:00:00,2011-03-17 12:00:00,268,1,62.85,4,31,1,1,1,1-1-1,1.0,Churned
13218,United Kingdom,2011-08-04 16:59:00,2011-08-04 16:59:00,128,1,62.64,5,88,2,1,1,2-1-1,1.33,About To Sleep / Hibernating
15516,United Kingdom,2011-10-24 11:33:00,2011-10-26 10:51:00,45,3,62.43,15,27,3,3,1,3-3-1,2.33,Loyal Customers
13194,United Kingdom,2011-07-27 09:01:00,2011-07-27 09:01:00,136,1,60.7,3,26,2,1,1,2-1-1,1.33,About To Sleep / Hibernating
17174,United Kingdom,2011-05-06 11:47:00,2011-05-06 11:47:00,218,1,59.9,4,41,1,1,1,1-1-1,1.0,Churned
13391,United Kingdom,2011-05-20 10:50:00,2011-05-20 10:50:00,204,1,59.8,1,4,1,1,1,1-1-1,1.0,Churned
13682,United Kingdom,2011-06-05 14:06:00,2011-06-05 14:06:00,188,1,59.5,3,10,1,1,1,1-1-1,1.0,Churned
14957,United Kingdom,2011-03-31 17:59:00,2011-03-31 17:59:00,254,1,58.49,12,34,1,1,1,1-1-1,1.0,Churned
13080,United Kingdom,2011-06-13 14:59:00,2011-06-13 14:59:00,180,1,58.08,6,120,1,1,1,1-1-1,1.0,Churned
17775,United Kingdom,2011-03-30 10:50:00,2011-03-30 10:50:00,255,1,56.4,3,72,1,1,1,1-1-1,1.0,Churned
15899,United Kingdom,2010-12-06 10:36:00,2010-12-06 10:36:00,369,1,56.25,4,39,1,1,1,1-1-1,1.0,Churned
13366,United Kingdom,2011-10-20 13:37:00,2011-10-20 13:37:00,51,1,56.16,1,144,3,1,1,3-1-1,1.67,Promising
16349,United Kingdom,2011-02-22 12:40:00,2011-02-22 12:40:00,291,1,53.5,9,9,1,1,1,1-1-1,1.0,Churned
15504,United Kingdom,2011-09-19 13:45:00,2011-09-19 13:45:00,82,1,52.83,13,33,2,1,1,2-1-1,1.33,About To Sleep / Hibernating
13832,United Kingdom,2011-11-20 15:36:00,2011-11-20 15:36:00,20,1,52.2,3,28,4,1,1,4-1-1,2.0,Potential Loyalists
14865,United Kingdom,2010-12-02 18:23:00,2011-12-02 16:25:00,8,2,52.2,4,108,5,2,1,5-2-1,2.67,Potential Loyalists
14682,United Kingdom,2011-05-22 12:51:00,2011-06-05 12:12:00,188,2,52.0,2,80,1,2,1,1-2-1,1.33,Churned
15313,United Kingdom,2011-08-21 16:02:00,2011-08-21 16:02:00,111,1,52.0,1,25,2,1,1,2-1-1,1.33,About To Sleep / Hibernating
17844,Canada,2011-08-25 11:27:00,2011-08-25 11:27:00,107,1,51.56,5,52,2,1,1,2-1-1,1.33,About To Sleep / Hibernating
14351,United Kingdom,2011-06-28 11:56:00,2011-06-28 11:56:00,165,1,51.0,1,12,2,1,1,2-1-1,1.33,About To Sleep / Hibernating
13011,United Kingdom,2010-12-02 17:22:00,2010-12-02 17:22:00,373,1,50.55,3,13,1,1,1,1-1-1,1.0,Churned
18184,United Kingdom,2011-11-24 15:28:00,2011-11-24 15:28:00,16,1,49.8,1,60,4,1,1,4-1-1,2.0,Potential Loyalists
14821,United Kingdom,2010-12-08 08:43:00,2010-12-08 08:43:00,367,1,48.8,2,20,1,1,1,1-1-1,1.0,Churned
15603,United Kingdom,2011-09-22 10:04:00,2011-09-22 10:04:00,79,1,48.48,2,96,2,1,1,2-1-1,1.33,About To Sleep / Hibernating
16257,United Kingdom,2011-06-16 10:11:00,2011-06-16 10:11:00,177,1,46.95,2,2,2,1,1,2-1-1,1.33,About To Sleep / Hibernating
14080,United Kingdom,2011-11-07 11:09:00,2011-11-07 11:09:00,33,1,45.6,4,48,3,1,1,3-1-1,1.67,Promising
15423,United Kingdom,2011-11-01 14:01:00,2011-11-01 14:01:00,39,1,43.5,2,101,3,1,1,3-1-1,1.67,Promising
14300,United Kingdom,2011-11-21 08:57:00,2011-11-21 08:57:00,19,1,43.2,3,32,4,1,1,4-1-1,2.0,Potential Loyalists
15992,United Kingdom,2011-12-06 11:00:00,2011-12-06 11:00:00,4,1,41.99,3,17,5,1,1,5-1-1,2.33,Potential Loyalists
15178,United Kingdom,2011-03-24 15:12:00,2011-03-24 15:12:00,261,1,40.5,3,30,1,1,1,1-1-1,1.0,Churned
14589,United Kingdom,2010-12-03 11:42:00,2010-12-03 11:42:00,372,1,39.75,3,5,1,1,1,1-1-1,1.0,Churned
12977,United Kingdom,2011-07-06 16:40:00,2011-07-06 16:40:00,157,1,39.24,9,12,2,1,1,2-1-1,1.33,About To Sleep / Hibernating
16659,United Kingdom,2011-06-03 15:03:00,2011-06-03 15:03:00,190,1,39.12,2,72,1,1,1,1-1-1,1.0,Churned
18019,United Kingdom,2011-10-19 12:10:00,2011-10-19 12:10:00,52,1,38.45,5,7,3,1,1,3-1-1,1.67,Promising
12855,United Kingdom,2010-12-02 09:37:00,2010-12-02 09:37:00,373,1,38.1,3,30,1,1,1,1-1-1,1.0,Churned
16162,United Kingdom,2011-04-01 15:03:00,2011-04-01 15:03:00,253,1,37.4,2,4,1,1,1,1-1-1,1.0,Churned
17816,United Kingdom,2010-12-09 14:10:00,2011-11-03 11:34:00,37,4,36.56,17,30,3,4,1,3-4-1,2.67,Loyal Customers
15940,United Kingdom,2011-02-01 16:18:00,2011-02-01 16:18:00,312,1,35.8,1,4,1,1,1,1-1-1,1.0,Churned
14576,United Kingdom,2010-12-02 17:51:00,2010-12-02 17:51:00,373,1,35.4,1,12,1,1,1,1-1-1,1.0,Churned
17831,United Kingdom,2011-11-06 15:09:00,2011-11-06 15:09:00,34,1,35.4,2,12,3,1,1,3-1-1,1.67,Promising
16856,United Kingdom,2011-11-25 08:59:00,2011-11-25 08:59:00,15,1,35.4,2,12,4,1,1,4-1-1,2.0,Potential Loyalists
15744,United Kingdom,2011-09-23 09:52:00,2011-09-23 09:52:00,78,1,34.8,3,120,2,1,1,2-1-1,1.33,About To Sleep / Hibernating
16765,United Kingdom,2011-02-18 15:41:00,2011-02-18 15:41:00,295,1,34.0,1,4,1,1,1,1-1-1,1.0,Churned
17408,United Kingdom,2011-06-29 12:53:00,2011-06-29 12:53:00,164,1,32.65,2,3,2,1,1,2-1-1,1.33,About To Sleep / Hibernating
13120,United Kingdom,2011-04-15 10:19:00,2011-04-15 10:19:00,239,1,30.6,1,12,1,1,1,1-1-1,1.0,Churned
15657,United Kingdom,2011-11-17 12:19:00,2011-11-17 12:19:00,23,1,30.0,1,24,4,1,1,4-1-1,2.0,Potential Loyalists
17102,United Kingdom,2011-03-23 10:08:00,2011-03-23 10:08:00,262,1,25.5,1,2,1,1,1,1-1-1,1.0,Churned
18268,United Kingdom,2011-07-28 19:13:00,2011-07-28 19:13:00,135,1,25.5,1,2,2,1,1,2-1-1,1.33,About To Sleep / Hibernating
17986,United Kingdom,2011-10-14 14:22:00,2011-10-14 14:22:00,57,1,20.8,1,10,3,1,1,3-1-1,1.67,Promising
16953,United Kingdom,2011-11-09 15:54:00,2011-11-09 15:54:00,31,1,20.8,1,10,4,1,1,4-1-1,2.0,Potential Loyalists
16093,United Kingdom,2011-08-25 11:09:00,2011-08-25 11:09:00,107,1,17.0,1,20,2,1,1,2-1-1,1.33,About To Sleep / Hibernating
15823,United Kingdom,2010-12-02 15:08:00,2010-12-02 15:08:00,373,1,15.0,1,1,1,1,1,1-1-1,1.0,Churned
17763,United Kingdom,2011-03-21 14:25:00,2011-03-21 14:25:00,264,1,15.0,1,12,1,1,1,1-1-1,1.0,Churned
13307,United Kingdom,2011-08-11 17:14:00,2011-08-11 17:14:00,121,1,15.0,1,4,2,1,1,2-1-1,1.33,About To Sleep / Hibernating
16878,United Kingdom,2011-09-16 17:39:00,2011-09-16 17:39:00,85,1,13.3,3,12,2,1,1,2-1-1,1.33,About To Sleep / Hibernating
17956,United Kingdom,2011-04-04 13:47:00,2011-04-04 13:47:00,250,1,12.75,1,1,1,1,1,1-1-1,1.0,Churned
16454,United Kingdom,2011-10-06 16:57:00,2011-10-26 11:40:00,45,2,6.9,2,3,3,2,1,3-2-1,2.0,Need Attention
14792,United Kingdom,2011-10-07 09:19:00,2011-10-07 09:19:00,64,1,6.2,2,2,3,1,1,3-1-1,1.67,Promising
16738,United Kingdom,2011-02-15 09:46:00,2011-02-15 09:46:00,298,1,3.75,1,3,1,1,1,1-1-1,1.0,Churned
